sequence,frame,cg_v2_file,he_file,expected_sequence_frames,sequence_common_frames,sequence_cg_frames,sequence_he_frames,missing_cg_count,missing_he_count
BlueSpeech,0000,/gpfs/work3/0/prjs0839/data/UVG_CWI_DQPC/UVG-CWI-DQPC/BlueSpeech/cg/15fps/BlueSpeech_UVG-CWI-DQPC_CG_15_0_168_0000.ply,/gpfs/work3/0/prjs0839/data/UVG_CWI_DQPC/UVG-CWI-DQPC/BlueSpeech/he/15fps/BlueSpeech_UVG-CWI-DQPC_HE_15_0_168_0000.ply,169,168,169,168,0,1
BlueSpeech,0001,/gpfs/work3/0/prjs0839/data/UVG_CWI_DQPC/UVG-CWI-DQPC/BlueSpeech/cg/15fps/BlueSpeech_UVG-CWI-DQPC_CG_15_0_168_0001.ply,/gpfs/work3/0/prjs0839/data/UVG_CWI_DQPC/UVG-CWI-DQPC/BlueSpeech/he/15fps/BlueSpeech_UVG-CWI-DQPC_HE_15_0_168_0001.ply,169,168,169,168,0,1
BlueSpeech,0002,/gpfs/work3/0/prjs0839/data/UVG_CWI_DQPC/UVG-CWI-DQPC/BlueSpeech/cg/15fps/BlueSpeech_UVG-CWI-DQPC_CG_15_0_168_0002.ply,/gpfs/work3/0/prjs0839/data/UVG_CWI_DQPC/UVG-CWI-DQPC/BlueSpeech/he/15fps/BlueSpeech_UVG-CWI-DQPC_HE_15_0_168_0002.ply,169,168,169,168,0,1
BlueSpeech,0003,/gpfs/work3/0/prjs0839/data/UVG_CWI_DQPC/UVG-CWI-DQPC/BlueSpeech/cg/15fps/BlueSpeech_UVG-CWI-DQPC_CG_15_0_168_0003.ply,/gpfs/work3/0/prjs0839/data/UVG_CWI_DQPC/UVG-CWI-DQPC/BlueSpeech/he/15fps/BlueSpeech_UVG-CWI-DQPC_HE_15_0_168_0003.ply,169,168,169,168,0,1
BlueSpeech,0004,/gpfs/work3/0/prjs0839/data/UVG_CWI_DQPC/UVG-CWI-DQPC/BlueSpeech/cg/15fps/BlueSpeech_UVG-CWI-DQPC_CG_15_0_168_0004.ply,/gpfs/work3/0/prjs0839/data/UVG_CWI_DQPC/UVG-CWI-DQPC/BlueSpeech/he/15fps/BlueSpeech_UVG-CWI-DQPC_HE_15_0_168_0004.ply,169,168,169,168,0,1
BlueSpeech,0005,/gpfs/work3/0/prjs0839/data/UVG_CWI_DQPC/UVG-CWI-DQPC/BlueSpeech/cg/15fps/BlueSpeech_UVG-CWI-DQPC_CG_15_0_168_0005.ply,/gpfs/work3/0/prjs0839/data/UVG_CWI_DQPC/UVG-CWI-DQPC/BlueSpeech/he/15fps/BlueSpeech_UVG-CWI-DQPC_HE_15_0_168_0005.ply,169,168,169,168,0,1
BlueSpeech,0006,/gpfs/work3/0/prjs0839/data/UVG_CWI_DQPC/UVG-CWI-DQPC/BlueSpeech/cg/15fps/BlueSpeech_UVG-CWI-DQPC_CG_15_0_168_0006.ply,/gpfs/work3/0/prjs0839/data/UVG_CWI_DQPC/UVG-CWI-DQPC/BlueSpeech/he/15fps/BlueSpeech_UVG-CWI-DQPC_HE_15_0_168_0006.ply,169,168,169,168,0,1
BlueSpeech,0007,/gpfs/work3/0/prjs0839/data/UVG_CWI_DQPC/UVG-CWI-DQPC/BlueSpeech/cg/15fps/BlueSpeech_UVG-CWI-DQPC_CG_15_0_168_0007.ply,/gpfs/work3/0/prjs0839/data/UVG_CWI_DQPC/UVG-CWI-DQPC/BlueSpeech/he/15fps/BlueSpeech_UVG-CWI-DQPC_HE_15_0_168_0007.ply,169,168,169,168,0,1
BlueSpeech,0008,/gpfs/work3/0/prjs0839/data/UVG_CWI_DQPC/UVG-CWI-DQPC/BlueSpeech/cg/15fps/BlueSpeech_UVG-CWI-DQPC_CG_15_0_168_0008.ply,/gpfs/work3/0/prjs0839/data/UVG_CWI_DQPC/UVG-CWI-DQPC/BlueSpeech/he/15fps/BlueSpeech_UVG-CWI-DQPC_HE_15_0_168_0008.ply,169,168,169,168,0,1
BlueSpeech,0009,/gpfs/work3/0/prjs0839/data/UVG_CWI_DQPC/UVG-CWI-DQPC/BlueSpeech/cg/15fps/BlueSpeech_UVG-CWI-DQPC_CG_15_0_168_0009.ply,/gpfs/work3/0/prjs0839/data/UVG_CWI_DQPC/UVG-CWI-DQPC/BlueSpeech/he/15fps/BlueSpeech_UVG-CWI-DQPC_HE_15_0_168_0009.ply,169,168,169,168,0,1
BlueSpeech,0010,/gpfs/work3/0/prjs0839/data/UVG_CWI_DQPC/UVG-CWI-DQPC/BlueSpeech/cg/15fps/BlueSpeech_UVG-CWI-DQPC_CG_15_0_168_0010.ply,/gpfs/work3/0/prjs0839/data/UVG_CWI_DQPC/UVG-CWI-DQPC/BlueSpeech/he/15fps/BlueSpeech_UVG-CWI-DQPC_HE_15_0_168_0010.ply,169,168,169,168,0,1
BlueSpeech,0011,/gpfs/work3/0/prjs0839/data/UVG_CWI_DQPC/UVG-CWI-DQPC/BlueSpeech/cg/15fps/BlueSpeech_UVG-CWI-DQPC_CG_15_0_168_0011.ply,/gpfs/work3/0/prjs0839/data/UVG_CWI_DQPC/UVG-CWI-DQPC/BlueSpeech/he/15fps/BlueSpeech_UVG-CWI-DQPC_HE_15_0_168_0011.ply,169,168,169,168,0,1
BlueSpeech,0012,/gpfs/work3/0/prjs0839/data/UVG_CWI_DQPC/UVG-CWI-DQPC/BlueSpeech/cg/15fps/BlueSpeech_UVG-CWI-DQPC_CG_15_0_168_0012.ply,/gpfs/work3/0/prjs0839/data/UVG_CWI_DQPC/UVG-CWI-DQPC/BlueSpeech/he/15fps/BlueSpeech_UVG-CWI-DQPC_HE_15_0_168_0012.ply,169,168,169,168,0,1
BlueSpeech,0013,/gpfs/work3/0/prjs0839/data/UVG_CWI_DQPC/UVG-CWI-DQPC/BlueSpeech/cg/15fps/BlueSpeech_UVG-CWI-DQPC_CG_15_0_168_0013.ply,/gpfs/work3/0/prjs0839/data/UVG_CWI_DQPC/UVG-CWI-DQPC/BlueSpeech/he/15fps/BlueSpeech_UVG-CWI-DQPC_HE_15_0_168_0013.ply,169,168,169,168,0,1
BlueSpeech,0014,/gpfs/work3/0/prjs0839/data/UVG_CWI_DQPC/UVG-CWI-DQPC/BlueSpeech/cg/15fps/BlueSpeech_UVG-CWI-DQPC_CG_15_0_168_0014.ply,/gpfs/work3/0/prjs0839/data/UVG_CWI_DQPC/UVG-CWI-DQPC/BlueSpeech/he/15fps/BlueSpeech_UVG-CWI-DQPC_HE_15_0_168_0014.ply,169,168,169,168,0,1
BlueSpeech,0015,/gpfs/work3/0/prjs0839/data/UVG_CWI_DQPC/UVG-CWI-DQPC/BlueSpeech/cg/15fps/BlueSpeech_UVG-CWI-DQPC_CG_15_0_168_0015.ply,/gpfs/work3/0/prjs0839/data/UVG_CWI_DQPC/UVG-CWI-DQPC/BlueSpeech/he/15fps/BlueSpeech_UVG-CWI-DQPC_HE_15_0_168_0015.ply,169,168,169,168,0,1
BlueSpeech,0016,/gpfs/work3/0/prjs0839/data/UVG_CWI_DQPC/UVG-CWI-DQPC/BlueSpeech/cg/15fps/BlueSpeech_UVG-CWI-DQPC_CG_15_0_168_0016.ply,/gpfs/work3/0/prjs0839/data/UVG_CWI_DQPC/UVG-CWI-DQPC/BlueSpeech/he/15fps/BlueSpeech_UVG-CWI-DQPC_HE_15_0_168_0016.ply,169,168,169,168,0,1
BlueSpeech,0017,/gpfs/work3/0/prjs0839/data/UVG_CWI_DQPC/UVG-CWI-DQPC/BlueSpeech/cg/15fps/BlueSpeech_UVG-CWI-DQPC_CG_15_0_168_0017.ply,/gpfs/work3/0/prjs0839/data/UVG_CWI_DQPC/UVG-CWI-DQPC/BlueSpeech/he/15fps/BlueSpeech_UVG-CWI-DQPC_HE_15_0_168_0017.ply,169,168,169,168,0,1
BlueSpeech,0018,/gpfs/work3/0/prjs0839/data/UVG_CWI_DQPC/UVG-CWI-DQPC/BlueSpeech/cg/15fps/BlueSpeech_UVG-CWI-DQPC_CG_15_0_168_0018.ply,/gpfs/work3/0/prjs0839/data/UVG_CWI_DQPC/UVG-CWI-DQPC/BlueSpeech/he/15fps/BlueSpeech_UVG-CWI-DQPC_HE_15_0_168_0018.ply,169,168,169,168,0,1
BlueSpeech,0019,/gpfs/work3/0/prjs0839/data/UVG_CWI_DQPC/UVG-CWI-DQPC/BlueSpeech/cg/15fps/BlueSpeech_UVG-CWI-DQPC_CG_15_0_168_0019.ply,/gpfs/work3/0/prjs0839/data/UVG_CWI_DQPC/UVG-CWI-DQPC/BlueSpeech/he/15fps/BlueSpeech_UVG-CWI-DQPC_HE_15_0_168_0019.ply,169,168,169,168,0,1
BlueSpeech,0020,/gpfs/work3/0/prjs0839/data/UVG_CWI_DQPC/UVG-CWI-DQPC/BlueSpeech/cg/15fps/BlueSpeech_UVG-CWI-DQPC_CG_15_0_168_0020.ply,/gpfs/work3/0/prjs0839/data/UVG_CWI_DQPC/UVG-CWI-DQPC/BlueSpeech/he/15fps/BlueSpeech_UVG-CWI-DQPC_HE_15_0_168_0020.ply,169,168,169,168,0,1
BlueSpeech,0021,/gpfs/work3/0/prjs0839/data/UVG_CWI_DQPC/UVG-CWI-DQPC/BlueSpeech/cg/15fps/BlueSpeech_UVG-CWI-DQPC_CG_15_0_168_0021.ply,/gpfs/work3/0/prjs0839/data/UVG_CWI_DQPC/UVG-CWI-DQPC/BlueSpeech/he/15fps/BlueSpeech_UVG-CWI-DQPC_HE_15_0_168_0021.ply,169,168,169,168,0,1
BlueSpeech,0022,/gpfs/work3/0/prjs0839/data/UVG_CWI_DQPC/UVG-CWI-DQPC/BlueSpeech/cg/15fps/BlueSpeech_UVG-CWI-DQPC_CG_15_0_168_0022.ply,/gpfs/work3/0/prjs0839/data/UVG_CWI_DQPC/UVG-CWI-DQPC/BlueSpeech/he/15fps/BlueSpeech_UVG-CWI-DQPC_HE_15_0_168_0022.ply,169,168,169,168,0,1
BlueSpeech,0023,/gpfs/work3/0/prjs0839/data/UVG_CWI_DQPC/UVG-CWI-DQPC/BlueSpeech/cg/15fps/BlueSpeech_UVG-CWI-DQPC_CG_15_0_168_0023.ply,/gpfs/work3/0/prjs0839/data/UVG_CWI_DQPC/UVG-CWI-DQPC/BlueSpeech/he/15fps/BlueSpeech_UVG-CWI-DQPC_HE_15_0_168_0023.ply,169,168,169,168,0,1
BlueSpeech,0024,/gpfs/work3/0/prjs0839/data/UVG_CWI_DQPC/UVG-CWI-DQPC/BlueSpeech/cg/15fps/BlueSpeech_UVG-CWI-DQPC_CG_15_0_168_0024.ply,/gpfs/work3/0/prjs0839/data/UVG_CWI_DQPC/UVG-CWI-DQPC/BlueSpeech/he/15fps/BlueSpeech_UVG-CWI-DQPC_HE_15_0_168_0024.ply,169,168,169,168,0,1
BlueSpeech,0025,/gpfs/work3/0/prjs0839/data/UVG_CWI_DQPC/UVG-CWI-DQPC/BlueSpeech/cg/15fps/BlueSpeech_UVG-CWI-DQPC_CG_15_0_168_0025.ply,/gpfs/work3/0/prjs0839/data/UVG_CWI_DQPC/UVG-CWI-DQPC/BlueSpeech/he/15fps/BlueSpeech_UVG-CWI-DQPC_HE_15_0_168_0025.ply,169,168,169,168,0,1
BlueSpeech,0026,/gpfs/work3/0/prjs0839/data/UVG_CWI_DQPC/UVG-CWI-DQPC/BlueSpeech/cg/15fps/BlueSpeech_UVG-CWI-DQPC_CG_15_0_168_0026.ply,/gpfs/work3/0/prjs0839/data/UVG_CWI_DQPC/UVG-CWI-DQPC/BlueSpeech/he/15fps/BlueSpeech_UVG-CWI-DQPC_HE_15_0_168_0026.ply,169,168,169,168,0,1
BlueSpeech,0027,/gpfs/work3/0/prjs0839/data/UVG_CWI_DQPC/UVG-CWI-DQPC/BlueSpeech/cg/15fps/BlueSpeech_UVG-CWI-DQPC_CG_15_0_168_0027.ply,/gpfs/work3/0/prjs0839/data/UVG_CWI_DQPC/UVG-CWI-DQPC/BlueSpeech/he/15fps/BlueSpeech_UVG-CWI-DQPC_HE_15_0_168_0027.ply,169,168,169,168,0,1
BlueSpeech,0028,/gpfs/work3/0/prjs0839/data/UVG_CWI_DQPC/UVG-CWI-DQPC/BlueSpeech/cg/15fps/BlueSpeech_UVG-CWI-DQPC_CG_15_0_168_0028.ply,/gpfs/work3/0/prjs0839/data/UVG_CWI_DQPC/UVG-CWI-DQPC/BlueSpeech/he/15fps/BlueSpeech_UVG-CWI-DQPC_HE_15_0_168_0028.ply,169,168,169,168,0,1
BlueSpeech,0029,/gpfs/work3/0/prjs0839/data/UVG_CWI_DQPC/UVG-CWI-DQPC/BlueSpeech/cg/15fps/BlueSpeech_UVG-CWI-DQPC_CG_15_0_168_0029.ply,/gpfs/work3/0/prjs0839/data/UVG_CWI_DQPC/UVG-CWI-DQPC/BlueSpeech/he/15fps/BlueSpeech_UVG-CWI-DQPC_HE_15_0_168_0029.ply,169,168,169,168,0,1
BlueSpeech,0030,/gpfs/work3/0/prjs0839/data/UVG_CWI_DQPC/UVG-CWI-DQPC/BlueSpeech/cg/15fps/BlueSpeech_UVG-CWI-DQPC_CG_15_0_168_0030.ply,/gpfs/work3/0/prjs0839/data/UVG_CWI_DQPC/UVG-CWI-DQPC/BlueSpeech/he/15fps/BlueSpeech_UVG-CWI-DQPC_HE_15_0_168_0030.ply,169,168,169,168,0,1
BlueSpeech,0031,/gpfs/work3/0/prjs0839/data/UVG_CWI_DQPC/UVG-CWI-DQPC/BlueSpeech/cg/15fps/BlueSpeech_UVG-CWI-DQPC_CG_15_0_168_0031.ply,/gpfs/work3/0/prjs0839/data/UVG_CWI_DQPC/UVG-CWI-DQPC/BlueSpeech/he/15fps/BlueSpeech_UVG-CWI-DQPC_HE_15_0_168_0031.ply,169,168,169,168,0,1
BlueSpeech,0032,/gpfs/work3/0/prjs0839/data/UVG_CWI_DQPC/UVG-CWI-DQPC/BlueSpeech/cg/15fps/BlueSpeech_UVG-CWI-DQPC_CG_15_0_168_0032.ply,/gpfs/work3/0/prjs0839/data/UVG_CWI_DQPC/UVG-CWI-DQPC/BlueSpeech/he/15fps/BlueSpeech_UVG-CWI-DQPC_HE_15_0_168_0032.ply,169,168,169,168,0,1
BlueSpeech,0033,/gpfs/work3/0/prjs0839/data/UVG_CWI_DQPC/UVG-CWI-DQPC/BlueSpeech/cg/15fps/BlueSpeech_UVG-CWI-DQPC_CG_15_0_168_0033.ply,/gpfs/work3/0/prjs0839/data/UVG_CWI_DQPC/UVG-CWI-DQPC/BlueSpeech/he/15fps/BlueSpeech_UVG-CWI-DQPC_HE_15_0_168_0033.ply,169,168,169,168,0,1
BlueSpeech,0034,/gpfs/work3/0/prjs0839/data/UVG_CWI_DQPC/UVG-CWI-DQPC/BlueSpeech/cg/15fps/BlueSpeech_UVG-CWI-DQPC_CG_15_0_168_0034.ply,/gpfs/work3/0/prjs0839/data/UVG_CWI_DQPC/UVG-CWI-DQPC/BlueSpeech/he/15fps/BlueSpeech_UVG-CWI-DQPC_HE_15_0_168_0034.ply,169,168,169,168,0,1
BlueSpeech,0035,/gpfs/work3/0/prjs0839/data/UVG_CWI_DQPC/UVG-CWI-DQPC/BlueSpeech/cg/15fps/BlueSpeech_UVG-CWI-DQPC_CG_15_0_168_0035.ply,/gpfs/work3/0/prjs0839/data/UVG_CWI_DQPC/UVG-CWI-DQPC/BlueSpeech/he/15fps/BlueSpeech_UVG-CWI-DQPC_HE_15_0_168_0035.ply,169,168,169,168,0,1
BlueSpeech,0036,/gpfs/work3/0/prjs0839/data/UVG_CWI_DQPC/UVG-CWI-DQPC/BlueSpeech/cg/15fps/BlueSpeech_UVG-CWI-DQPC_CG_15_0_168_0036.ply,/gpfs/work3/0/prjs0839/data/UVG_CWI_DQPC/UVG-CWI-DQPC/BlueSpeech/he/15fps/BlueSpeech_UVG-CWI-DQPC_HE_15_0_168_0036.ply,169,168,169,168,0,1
BlueSpeech,0037,/gpfs/work3/0/prjs0839/data/UVG_CWI_DQPC/UVG-CWI-DQPC/BlueSpeech/cg/15fps/BlueSpeech_UVG-CWI-DQPC_CG_15_0_168_0037.ply,/gpfs/work3/0/prjs0839/data/UVG_CWI_DQPC/UVG-CWI-DQPC/BlueSpeech/he/15fps/BlueSpeech_UVG-CWI-DQPC_HE_15_0_168_0037.ply,169,168,169,168,0,1
BlueSpeech,0038,/gpfs/work3/0/prjs0839/data/UVG_CWI_DQPC/UVG-CWI-DQPC/BlueSpeech/cg/15fps/BlueSpeech_UVG-CWI-DQPC_CG_15_0_168_0038.ply,/gpfs/work3/0/prjs0839/data/UVG_CWI_DQPC/UVG-CWI-DQPC/BlueSpeech/he/15fps/BlueSpeech_UVG-CWI-DQPC_HE_15_0_168_0038.ply,169,168,169,168,0,1
BlueSpeech,0039,/gpfs/work3/0/prjs0839/data/UVG_CWI_DQPC/UVG-CWI-DQPC/BlueSpeech/cg/15fps/BlueSpeech_UVG-CWI-DQPC_CG_15_0_168_0039.ply,/gpfs/work3/0/prjs0839/data/UVG_CWI_DQPC/UVG-CWI-DQPC/BlueSpeech/he/15fps/BlueSpeech_UVG-CWI-DQPC_HE_15_0_168_0039.ply,169,168,169,168,0,1
BlueSpeech,0040,/gpfs/work3/0/prjs0839/data/UVG_CWI_DQPC/UVG-CWI-DQPC/BlueSpeech/cg/15fps/BlueSpeech_UVG-CWI-DQPC_CG_15_0_168_0040.ply,/gpfs/work3/0/prjs0839/data/UVG_CWI_DQPC/UVG-CWI-DQPC/BlueSpeech/he/15fps/BlueSpeech_UVG-CWI-DQPC_HE_15_0_168_0040.ply,169,168,169,168,0,1
BlueSpeech,0041,/gpfs/work3/0/prjs0839/data/UVG_CWI_DQPC/UVG-CWI-DQPC/BlueSpeech/cg/15fps/BlueSpeech_UVG-CWI-DQPC_CG_15_0_168_0041.ply,/gpfs/work3/0/prjs0839/data/UVG_CWI_DQPC/UVG-CWI-DQPC/BlueSpeech/he/15fps/BlueSpeech_UVG-CWI-DQPC_HE_15_0_168_0041.ply,169,168,169,168,0,1
BlueSpeech,0042,/gpfs/work3/0/prjs0839/data/UVG_CWI_DQPC/UVG-CWI-DQPC/BlueSpeech/cg/15fps/BlueSpeech_UVG-CWI-DQPC_CG_15_0_168_0042.ply,/gpfs/work3/0/prjs0839/data/UVG_CWI_DQPC/UVG-CWI-DQPC/BlueSpeech/he/15fps/BlueSpeech_UVG-CWI-DQPC_HE_15_0_168_0042.ply,169,168,169,168,0,1
BlueSpeech,0043,/gpfs/work3/0/prjs0839/data/UVG_CWI_DQPC/UVG-CWI-DQPC/BlueSpeech/cg/15fps/BlueSpeech_UVG-CWI-DQPC_CG_15_0_168_0043.ply,/gpfs/work3/0/prjs0839/data/UVG_CWI_DQPC/UVG-CWI-DQPC/BlueSpeech/he/15fps/BlueSpeech_UVG-CWI-DQPC_HE_15_0_168_0043.ply,169,168,169,168,0,1
BlueSpeech,0044,/gpfs/work3/0/prjs0839/data/UVG_CWI_DQPC/UVG-CWI-DQPC/BlueSpeech/cg/15fps/BlueSpeech_UVG-CWI-DQPC_CG_15_0_168_0044.ply,/gpfs/work3/0/prjs0839/data/UVG_CWI_DQPC/UVG-CWI-DQPC/BlueSpeech/he/15fps/BlueSpeech_UVG-CWI-DQPC_HE_15_0_168_0044.ply,169,168,169,168,0,1
BlueSpeech,0045,/gpfs/work3/0/prjs0839/data/UVG_CWI_DQPC/UVG-CWI-DQPC/BlueSpeech/cg/15fps/BlueSpeech_UVG-CWI-DQPC_CG_15_0_168_0045.ply,/gpfs/work3/0/prjs0839/data/UVG_CWI_DQPC/UVG-CWI-DQPC/BlueSpeech/he/15fps/BlueSpeech_UVG-CWI-DQPC_HE_15_0_168_0045.ply,169,168,169,168,0,1
BlueSpeech,0046,/gpfs/work3/0/prjs0839/data/UVG_CWI_DQPC/UVG-CWI-DQPC/BlueSpeech/cg/15fps/BlueSpeech_UVG-CWI-DQPC_CG_15_0_168_0046.ply,/gpfs/work3/0/prjs0839/data/UVG_CWI_DQPC/UVG-CWI-DQPC/BlueSpeech/he/15fps/BlueSpeech_UVG-CWI-DQPC_HE_15_0_168_0046.ply,169,168,169,168,0,1
BlueSpeech,0047,/gpfs/work3/0/prjs0839/data/UVG_CWI_DQPC/UVG-CWI-DQPC/BlueSpeech/cg/15fps/BlueSpeech_UVG-CWI-DQPC_CG_15_0_168_0047.ply,/gpfs/work3/0/prjs0839/data/UVG_CWI_DQPC/UVG-CWI-DQPC/BlueSpeech/he/15fps/BlueSpeech_UVG-CWI-DQPC_HE_15_0_168_0047.ply,169,168,169,168,0,1
BlueSpeech,0048,/gpfs/work3/0/prjs0839/data/UVG_CWI_DQPC/UVG-CWI-DQPC/BlueSpeech/cg/15fps/BlueSpeech_UVG-CWI-DQPC_CG_15_0_168_0048.ply,/gpfs/work3/0/prjs0839/data/UVG_CWI_DQPC/UVG-CWI-DQPC/BlueSpeech/he/15fps/BlueSpeech_UVG-CWI-DQPC_HE_15_0_168_0048.ply,169,168,169,168,0,1
BlueSpeech,0049,/gpfs/work3/0/prjs0839/data/UVG_CWI_DQPC/UVG-CWI-DQPC/BlueSpeech/cg/15fps/BlueSpeech_UVG-CWI-DQPC_CG_15_0_168_0049.ply,/gpfs/work3/0/prjs0839/data/UVG_CWI_DQPC/UVG-CWI-DQPC/BlueSpeech/he/15fps/BlueSpeech_UVG-CWI-DQPC_HE_15_0_168_0049.ply,169,168,169,168,0,1
BlueSpeech,0050,/gpfs/work3/0/prjs0839/data/UVG_CWI_DQPC/UVG-CWI-DQPC/BlueSpeech/cg/15fps/BlueSpeech_UVG-CWI-DQPC_CG_15_0_168_0050.ply,/gpfs/work3/0/prjs0839/data/UVG_CWI_DQPC/UVG-CWI-DQPC/BlueSpeech/he/15fps/BlueSpeech_UVG-CWI-DQPC_HE_15_0_168_0050.ply,169,168,169,168,0,1
BlueSpeech,0051,/gpfs/work3/0/prjs0839/data/UVG_CWI_DQPC/UVG-CWI-DQPC/BlueSpeech/cg/15fps/BlueSpeech_UVG-CWI-DQPC_CG_15_0_168_0051.ply,/gpfs/work3/0/prjs0839/data/UVG_CWI_DQPC/UVG-CWI-DQPC/BlueSpeech/he/15fps/BlueSpeech_UVG-CWI-DQPC_HE_15_0_168_0051.ply,169,168,169,168,0,1
BlueSpeech,0052,/gpfs/work3/0/prjs0839/data/UVG_CWI_DQPC/UVG-CWI-DQPC/BlueSpeech/cg/15fps/BlueSpeech_UVG-CWI-DQPC_CG_15_0_168_0052.ply,/gpfs/work3/0/prjs0839/data/UVG_CWI_DQPC/UVG-CWI-DQPC/BlueSpeech/he/15fps/BlueSpeech_UVG-CWI-DQPC_HE_15_0_168_0052.ply,169,168,169,168,0,1
BlueSpeech,0053,/gpfs/work3/0/prjs0839/data/UVG_CWI_DQPC/UVG-CWI-DQPC/BlueSpeech/cg/15fps/BlueSpeech_UVG-CWI-DQPC_CG_15_0_168_0053.ply,/gpfs/work3/0/prjs0839/data/UVG_CWI_DQPC/UVG-CWI-DQPC/BlueSpeech/he/15fps/BlueSpeech_UVG-CWI-DQPC_HE_15_0_168_0053.ply,169,168,169,168,0,1
BlueSpeech,0054,/gpfs/work3/0/prjs0839/data/UVG_CWI_DQPC/UVG-CWI-DQPC/BlueSpeech/cg/15fps/BlueSpeech_UVG-CWI-DQPC_CG_15_0_168_0054.ply,/gpfs/work3/0/prjs0839/data/UVG_CWI_DQPC/UVG-CWI-DQPC/BlueSpeech/he/15fps/BlueSpeech_UVG-CWI-DQPC_HE_15_0_168_0054.ply,169,168,169,168,0,1
BlueSpeech,0055,/gpfs/work3/0/prjs0839/data/UVG_CWI_DQPC/UVG-CWI-DQPC/BlueSpeech/cg/15fps/BlueSpeech_UVG-CWI-DQPC_CG_15_0_168_0055.ply,/gpfs/work3/0/prjs0839/data/UVG_CWI_DQPC/UVG-CWI-DQPC/BlueSpeech/he/15fps/BlueSpeech_UVG-CWI-DQPC_HE_15_0_168_0055.ply,169,168,169,168,0,1
BlueSpeech,0056,/gpfs/work3/0/prjs0839/data/UVG_CWI_DQPC/UVG-CWI-DQPC/BlueSpeech/cg/15fps/BlueSpeech_UVG-CWI-DQPC_CG_15_0_168_0056.ply,/gpfs/work3/0/prjs0839/data/UVG_CWI_DQPC/UVG-CWI-DQPC/BlueSpeech/he/15fps/BlueSpeech_UVG-CWI-DQPC_HE_15_0_168_0056.ply,169,168,169,168,0,1
BlueSpeech,0057,/gpfs/work3/0/prjs0839/data/UVG_CWI_DQPC/UVG-CWI-DQPC/BlueSpeech/cg/15fps/BlueSpeech_UVG-CWI-DQPC_CG_15_0_168_0057.ply,/gpfs/work3/0/prjs0839/data/UVG_CWI_DQPC/UVG-CWI-DQPC/BlueSpeech/he/15fps/BlueSpeech_UVG-CWI-DQPC_HE_15_0_168_0057.ply,169,168,169,168,0,1
BlueSpeech,0058,/gpfs/work3/0/prjs0839/data/UVG_CWI_DQPC/UVG-CWI-DQPC/BlueSpeech/cg/15fps/BlueSpeech_UVG-CWI-DQPC_CG_15_0_168_0058.ply,/gpfs/work3/0/prjs0839/data/UVG_CWI_DQPC/UVG-CWI-DQPC/BlueSpeech/he/15fps/BlueSpeech_UVG-CWI-DQPC_HE_15_0_168_0058.ply,169,168,169,168,0,1
BlueSpeech,0059,/gpfs/work3/0/prjs0839/data/UVG_CWI_DQPC/UVG-CWI-DQPC/BlueSpeech/cg/15fps/BlueSpeech_UVG-CWI-DQPC_CG_15_0_168_0059.ply,/gpfs/work3/0/prjs0839/data/UVG_CWI_DQPC/UVG-CWI-DQPC/BlueSpeech/he/15fps/BlueSpeech_UVG-CWI-DQPC_HE_15_0_168_0059.ply,169,168,169,168,0,1
BlueSpeech,0060,/gpfs/work3/0/prjs0839/data/UVG_CWI_DQPC/UVG-CWI-DQPC/BlueSpeech/cg/15fps/BlueSpeech_UVG-CWI-DQPC_CG_15_0_168_0060.ply,/gpfs/work3/0/prjs0839/data/UVG_CWI_DQPC/UVG-CWI-DQPC/BlueSpeech/he/15fps/BlueSpeech_UVG-CWI-DQPC_HE_15_0_168_0060.ply,169,168,169,168,0,1
BlueSpeech,0061,/gpfs/work3/0/prjs0839/data/UVG_CWI_DQPC/UVG-CWI-DQPC/BlueSpeech/cg/15fps/BlueSpeech_UVG-CWI-DQPC_CG_15_0_168_0061.ply,/gpfs/work3/0/prjs0839/data/UVG_CWI_DQPC/UVG-CWI-DQPC/BlueSpeech/he/15fps/BlueSpeech_UVG-CWI-DQPC_HE_15_0_168_0061.ply,169,168,169,168,0,1
BlueSpeech,0062,/gpfs/work3/0/prjs0839/data/UVG_CWI_DQPC/UVG-CWI-DQPC/BlueSpeech/cg/15fps/BlueSpeech_UVG-CWI-DQPC_CG_15_0_168_0062.ply,/gpfs/work3/0/prjs0839/data/UVG_CWI_DQPC/UVG-CWI-DQPC/BlueSpeech/he/15fps/BlueSpeech_UVG-CWI-DQPC_HE_15_0_168_0062.ply,169,168,169,168,0,1
BlueSpeech,0063,/gpfs/work3/0/prjs0839/data/UVG_CWI_DQPC/UVG-CWI-DQPC/BlueSpeech/cg/15fps/BlueSpeech_UVG-CWI-DQPC_CG_15_0_168_0063.ply,/gpfs/work3/0/prjs0839/data/UVG_CWI_DQPC/UVG-CWI-DQPC/BlueSpeech/he/15fps/BlueSpeech_UVG-CWI-DQPC_HE_15_0_168_0063.ply,169,168,169,168,0,1
BlueSpeech,0064,/gpfs/work3/0/prjs0839/data/UVG_CWI_DQPC/UVG-CWI-DQPC/BlueSpeech/cg/15fps/BlueSpeech_UVG-CWI-DQPC_CG_15_0_168_0064.ply,/gpfs/work3/0/prjs0839/data/UVG_CWI_DQPC/UVG-CWI-DQPC/BlueSpeech/he/15fps/BlueSpeech_UVG-CWI-DQPC_HE_15_0_168_0064.ply,169,168,169,168,0,1
BlueSpeech,0065,/gpfs/work3/0/prjs0839/data/UVG_CWI_DQPC/UVG-CWI-DQPC/BlueSpeech/cg/15fps/BlueSpeech_UVG-CWI-DQPC_CG_15_0_168_0065.ply,/gpfs/work3/0/prjs0839/data/UVG_CWI_DQPC/UVG-CWI-DQPC/BlueSpeech/he/15fps/BlueSpeech_UVG-CWI-DQPC_HE_15_0_168_0065.ply,169,168,169,168,0,1
BlueSpeech,0066,/gpfs/work3/0/prjs0839/data/UVG_CWI_DQPC/UVG-CWI-DQPC/BlueSpeech/cg/15fps/BlueSpeech_UVG-CWI-DQPC_CG_15_0_168_0066.ply,/gpfs/work3/0/prjs0839/data/UVG_CWI_DQPC/UVG-CWI-DQPC/BlueSpeech/he/15fps/BlueSpeech_UVG-CWI-DQPC_HE_15_0_168_0066.ply,169,168,169,168,0,1
BlueSpeech,0067,/gpfs/work3/0/prjs0839/data/UVG_CWI_DQPC/UVG-CWI-DQPC/BlueSpeech/cg/15fps/BlueSpeech_UVG-CWI-DQPC_CG_15_0_168_0067.ply,/gpfs/work3/0/prjs0839/data/UVG_CWI_DQPC/UVG-CWI-DQPC/BlueSpeech/he/15fps/BlueSpeech_UVG-CWI-DQPC_HE_15_0_168_0067.ply,169,168,169,168,0,1
BlueSpeech,0068,/gpfs/work3/0/prjs0839/data/UVG_CWI_DQPC/UVG-CWI-DQPC/BlueSpeech/cg/15fps/BlueSpeech_UVG-CWI-DQPC_CG_15_0_168_0068.ply,/gpfs/work3/0/prjs0839/data/UVG_CWI_DQPC/UVG-CWI-DQPC/BlueSpeech/he/15fps/BlueSpeech_UVG-CWI-DQPC_HE_15_0_168_0068.ply,169,168,169,168,0,1
BlueSpeech,0069,/gpfs/work3/0/prjs0839/data/UVG_CWI_DQPC/UVG-CWI-DQPC/BlueSpeech/cg/15fps/BlueSpeech_UVG-CWI-DQPC_CG_15_0_168_0069.ply,/gpfs/work3/0/prjs0839/data/UVG_CWI_DQPC/UVG-CWI-DQPC/BlueSpeech/he/15fps/BlueSpeech_UVG-CWI-DQPC_HE_15_0_168_0069.ply,169,168,169,168,0,1
BlueSpeech,0070,/gpfs/work3/0/prjs0839/data/UVG_CWI_DQPC/UVG-CWI-DQPC/BlueSpeech/cg/15fps/BlueSpeech_UVG-CWI-DQPC_CG_15_0_168_0070.ply,/gpfs/work3/0/prjs0839/data/UVG_CWI_DQPC/UVG-CWI-DQPC/BlueSpeech/he/15fps/BlueSpeech_UVG-CWI-DQPC_HE_15_0_168_0070.ply,169,168,169,168,0,1
BlueSpeech,0071,/gpfs/work3/0/prjs0839/data/UVG_CWI_DQPC/UVG-CWI-DQPC/BlueSpeech/cg/15fps/BlueSpeech_UVG-CWI-DQPC_CG_15_0_168_0071.ply,/gpfs/work3/0/prjs0839/data/UVG_CWI_DQPC/UVG-CWI-DQPC/BlueSpeech/he/15fps/BlueSpeech_UVG-CWI-DQPC_HE_15_0_168_0071.ply,169,168,169,168,0,1
BlueSpeech,0072,/gpfs/work3/0/prjs0839/data/UVG_CWI_DQPC/UVG-CWI-DQPC/BlueSpeech/cg/15fps/BlueSpeech_UVG-CWI-DQPC_CG_15_0_168_0072.ply,/gpfs/work3/0/prjs0839/data/UVG_CWI_DQPC/UVG-CWI-DQPC/BlueSpeech/he/15fps/BlueSpeech_UVG-CWI-DQPC_HE_15_0_168_0072.ply,169,168,169,168,0,1
BlueSpeech,0073,/gpfs/work3/0/prjs0839/data/UVG_CWI_DQPC/UVG-CWI-DQPC/BlueSpeech/cg/15fps/BlueSpeech_UVG-CWI-DQPC_CG_15_0_168_0073.ply,/gpfs/work3/0/prjs0839/data/UVG_CWI_DQPC/UVG-CWI-DQPC/BlueSpeech/he/15fps/BlueSpeech_UVG-CWI-DQPC_HE_15_0_168_0073.ply,169,168,169,168,0,1
BlueSpeech,0074,/gpfs/work3/0/prjs0839/data/UVG_CWI_DQPC/UVG-CWI-DQPC/BlueSpeech/cg/15fps/BlueSpeech_UVG-CWI-DQPC_CG_15_0_168_0074.ply,/gpfs/work3/0/prjs0839/data/UVG_CWI_DQPC/UVG-CWI-DQPC/BlueSpeech/he/15fps/BlueSpeech_UVG-CWI-DQPC_HE_15_0_168_0074.ply,169,168,169,168,0,1
BlueSpeech,0075,/gpfs/work3/0/prjs0839/data/UVG_CWI_DQPC/UVG-CWI-DQPC/BlueSpeech/cg/15fps/BlueSpeech_UVG-CWI-DQPC_CG_15_0_168_0075.ply,/gpfs/work3/0/prjs0839/data/UVG_CWI_DQPC/UVG-CWI-DQPC/BlueSpeech/he/15fps/BlueSpeech_UVG-CWI-DQPC_HE_15_0_168_0075.ply,169,168,169,168,0,1
BlueSpeech,0076,/gpfs/work3/0/prjs0839/data/UVG_CWI_DQPC/UVG-CWI-DQPC/BlueSpeech/cg/15fps/BlueSpeech_UVG-CWI-DQPC_CG_15_0_168_0076.ply,/gpfs/work3/0/prjs0839/data/UVG_CWI_DQPC/UVG-CWI-DQPC/BlueSpeech/he/15fps/BlueSpeech_UVG-CWI-DQPC_HE_15_0_168_0076.ply,169,168,169,168,0,1
BlueSpeech,0077,/gpfs/work3/0/prjs0839/data/UVG_CWI_DQPC/UVG-CWI-DQPC/BlueSpeech/cg/15fps/BlueSpeech_UVG-CWI-DQPC_CG_15_0_168_0077.ply,/gpfs/work3/0/prjs0839/data/UVG_CWI_DQPC/UVG-CWI-DQPC/BlueSpeech/he/15fps/BlueSpeech_UVG-CWI-DQPC_HE_15_0_168_0077.ply,169,168,169,168,0,1
BlueSpeech,0078,/gpfs/work3/0/prjs0839/data/UVG_CWI_DQPC/UVG-CWI-DQPC/BlueSpeech/cg/15fps/BlueSpeech_UVG-CWI-DQPC_CG_15_0_168_0078.ply,/gpfs/work3/0/prjs0839/data/UVG_CWI_DQPC/UVG-CWI-DQPC/BlueSpeech/he/15fps/BlueSpeech_UVG-CWI-DQPC_HE_15_0_168_0078.ply,169,168,169,168,0,1
BlueSpeech,0079,/gpfs/work3/0/prjs0839/data/UVG_CWI_DQPC/UVG-CWI-DQPC/BlueSpeech/cg/15fps/BlueSpeech_UVG-CWI-DQPC_CG_15_0_168_0079.ply,/gpfs/work3/0/prjs0839/data/UVG_CWI_DQPC/UVG-CWI-DQPC/BlueSpeech/he/15fps/BlueSpeech_UVG-CWI-DQPC_HE_15_0_168_0079.ply,169,168,169,168,0,1
BlueSpeech,0080,/gpfs/work3/0/prjs0839/data/UVG_CWI_DQPC/UVG-CWI-DQPC/BlueSpeech/cg/15fps/BlueSpeech_UVG-CWI-DQPC_CG_15_0_168_0080.ply,/gpfs/work3/0/prjs0839/data/UVG_CWI_DQPC/UVG-CWI-DQPC/BlueSpeech/he/15fps/BlueSpeech_UVG-CWI-DQPC_HE_15_0_168_0080.ply,169,168,169,168,0,1
BlueSpeech,0081,/gpfs/work3/0/prjs0839/data/UVG_CWI_DQPC/UVG-CWI-DQPC/BlueSpeech/cg/15fps/BlueSpeech_UVG-CWI-DQPC_CG_15_0_168_0081.ply,/gpfs/work3/0/prjs0839/data/UVG_CWI_DQPC/UVG-CWI-DQPC/BlueSpeech/he/15fps/BlueSpeech_UVG-CWI-DQPC_HE_15_0_168_0081.ply,169,168,169,168,0,1
BlueSpeech,0082,/gpfs/work3/0/prjs0839/data/UVG_CWI_DQPC/UVG-CWI-DQPC/BlueSpeech/cg/15fps/BlueSpeech_UVG-CWI-DQPC_CG_15_0_168_0082.ply,/gpfs/work3/0/prjs0839/data/UVG_CWI_DQPC/UVG-CWI-DQPC/BlueSpeech/he/15fps/BlueSpeech_UVG-CWI-DQPC_HE_15_0_168_0082.ply,169,168,169,168,0,1
BlueSpeech,0083,/gpfs/work3/0/prjs0839/data/UVG_CWI_DQPC/UVG-CWI-DQPC/BlueSpeech/cg/15fps/BlueSpeech_UVG-CWI-DQPC_CG_15_0_168_0083.ply,/gpfs/work3/0/prjs0839/data/UVG_CWI_DQPC/UVG-CWI-DQPC/BlueSpeech/he/15fps/BlueSpeech_UVG-CWI-DQPC_HE_15_0_168_0083.ply,169,168,169,168,0,1
BlueSpeech,0084,/gpfs/work3/0/prjs0839/data/UVG_CWI_DQPC/UVG-CWI-DQPC/BlueSpeech/cg/15fps/BlueSpeech_UVG-CWI-DQPC_CG_15_0_168_0084.ply,/gpfs/work3/0/prjs0839/data/UVG_CWI_DQPC/UVG-CWI-DQPC/BlueSpeech/he/15fps/BlueSpeech_UVG-CWI-DQPC_HE_15_0_168_0084.ply,169,168,169,168,0,1
BlueSpeech,0085,/gpfs/work3/0/prjs0839/data/UVG_CWI_DQPC/UVG-CWI-DQPC/BlueSpeech/cg/15fps/BlueSpeech_UVG-CWI-DQPC_CG_15_0_168_0085.ply,/gpfs/work3/0/prjs0839/data/UVG_CWI_DQPC/UVG-CWI-DQPC/BlueSpeech/he/15fps/BlueSpeech_UVG-CWI-DQPC_HE_15_0_168_0085.ply,169,168,169,168,0,1
BlueSpeech,0086,/gpfs/work3/0/prjs0839/data/UVG_CWI_DQPC/UVG-CWI-DQPC/BlueSpeech/cg/15fps/BlueSpeech_UVG-CWI-DQPC_CG_15_0_168_0086.ply,/gpfs/work3/0/prjs0839/data/UVG_CWI_DQPC/UVG-CWI-DQPC/BlueSpeech/he/15fps/BlueSpeech_UVG-CWI-DQPC_HE_15_0_168_0086.ply,169,168,169,168,0,1
BlueSpeech,0087,/gpfs/work3/0/prjs0839/data/UVG_CWI_DQPC/UVG-CWI-DQPC/BlueSpeech/cg/15fps/BlueSpeech_UVG-CWI-DQPC_CG_15_0_168_0087.ply,/gpfs/work3/0/prjs0839/data/UVG_CWI_DQPC/UVG-CWI-DQPC/BlueSpeech/he/15fps/BlueSpeech_UVG-CWI-DQPC_HE_15_0_168_0087.ply,169,168,169,168,0,1
BlueSpeech,0088,/gpfs/work3/0/prjs0839/data/UVG_CWI_DQPC/UVG-CWI-DQPC/BlueSpeech/cg/15fps/BlueSpeech_UVG-CWI-DQPC_CG_15_0_168_0088.ply,/gpfs/work3/0/prjs0839/data/UVG_CWI_DQPC/UVG-CWI-DQPC/BlueSpeech/he/15fps/BlueSpeech_UVG-CWI-DQPC_HE_15_0_168_0088.ply,169,168,169,168,0,1
BlueSpeech,0089,/gpfs/work3/0/prjs0839/data/UVG_CWI_DQPC/UVG-CWI-DQPC/BlueSpeech/cg/15fps/BlueSpeech_UVG-CWI-DQPC_CG_15_0_168_0089.ply,/gpfs/work3/0/prjs0839/data/UVG_CWI_DQPC/UVG-CWI-DQPC/BlueSpeech/he/15fps/BlueSpeech_UVG-CWI-DQPC_HE_15_0_168_0089.ply,169,168,169,168,0,1
BlueSpeech,0090,/gpfs/work3/0/prjs0839/data/UVG_CWI_DQPC/UVG-CWI-DQPC/BlueSpeech/cg/15fps/BlueSpeech_UVG-CWI-DQPC_CG_15_0_168_0090.ply,/gpfs/work3/0/prjs0839/data/UVG_CWI_DQPC/UVG-CWI-DQPC/BlueSpeech/he/15fps/BlueSpeech_UVG-CWI-DQPC_HE_15_0_168_0090.ply,169,168,169,168,0,1
BlueSpeech,0091,/gpfs/work3/0/prjs0839/data/UVG_CWI_DQPC/UVG-CWI-DQPC/BlueSpeech/cg/15fps/BlueSpeech_UVG-CWI-DQPC_CG_15_0_168_0091.ply,/gpfs/work3/0/prjs0839/data/UVG_CWI_DQPC/UVG-CWI-DQPC/BlueSpeech/he/15fps/BlueSpeech_UVG-CWI-DQPC_HE_15_0_168_0091.ply,169,168,169,168,0,1
BlueSpeech,0092,/gpfs/work3/0/prjs0839/data/UVG_CWI_DQPC/UVG-CWI-DQPC/BlueSpeech/cg/15fps/BlueSpeech_UVG-CWI-DQPC_CG_15_0_168_0092.ply,/gpfs/work3/0/prjs0839/data/UVG_CWI_DQPC/UVG-CWI-DQPC/BlueSpeech/he/15fps/BlueSpeech_UVG-CWI-DQPC_HE_15_0_168_0092.ply,169,168,169,168,0,1
BlueSpeech,0093,/gpfs/work3/0/prjs0839/data/UVG_CWI_DQPC/UVG-CWI-DQPC/BlueSpeech/cg/15fps/BlueSpeech_UVG-CWI-DQPC_CG_15_0_168_0093.ply,/gpfs/work3/0/prjs0839/data/UVG_CWI_DQPC/UVG-CWI-DQPC/BlueSpeech/he/15fps/BlueSpeech_UVG-CWI-DQPC_HE_15_0_168_0093.ply,169,168,169,168,0,1
BlueSpeech,0094,/gpfs/work3/0/prjs0839/data/UVG_CWI_DQPC/UVG-CWI-DQPC/BlueSpeech/cg/15fps/BlueSpeech_UVG-CWI-DQPC_CG_15_0_168_0094.ply,/gpfs/work3/0/prjs0839/data/UVG_CWI_DQPC/UVG-CWI-DQPC/BlueSpeech/he/15fps/BlueSpeech_UVG-CWI-DQPC_HE_15_0_168_0094.ply,169,168,169,168,0,1
BlueSpeech,0095,/gpfs/work3/0/prjs0839/data/UVG_CWI_DQPC/UVG-CWI-DQPC/BlueSpeech/cg/15fps/BlueSpeech_UVG-CWI-DQPC_CG_15_0_168_0095.ply,/gpfs/work3/0/prjs0839/data/UVG_CWI_DQPC/UVG-CWI-DQPC/BlueSpeech/he/15fps/BlueSpeech_UVG-CWI-DQPC_HE_15_0_168_0095.ply,169,168,169,168,0,1
BlueSpeech,0096,/gpfs/work3/0/prjs0839/data/UVG_CWI_DQPC/UVG-CWI-DQPC/BlueSpeech/cg/15fps/BlueSpeech_UVG-CWI-DQPC_CG_15_0_168_0096.ply,/gpfs/work3/0/prjs0839/data/UVG_CWI_DQPC/UVG-CWI-DQPC/BlueSpeech/he/15fps/BlueSpeech_UVG-CWI-DQPC_HE_15_0_168_0096.ply,169,168,169,168,0,1
BlueSpeech,0097,/gpfs/work3/0/prjs0839/data/UVG_CWI_DQPC/UVG-CWI-DQPC/BlueSpeech/cg/15fps/BlueSpeech_UVG-CWI-DQPC_CG_15_0_168_0097.ply,/gpfs/work3/0/prjs0839/data/UVG_CWI_DQPC/UVG-CWI-DQPC/BlueSpeech/he/15fps/BlueSpeech_UVG-CWI-DQPC_HE_15_0_168_0097.ply,169,168,169,168,0,1
BlueSpeech,0098,/gpfs/work3/0/prjs0839/data/UVG_CWI_DQPC/UVG-CWI-DQPC/BlueSpeech/cg/15fps/BlueSpeech_UVG-CWI-DQPC_CG_15_0_168_0098.ply,/gpfs/work3/0/prjs0839/data/UVG_CWI_DQPC/UVG-CWI-DQPC/BlueSpeech/he/15fps/BlueSpeech_UVG-CWI-DQPC_HE_15_0_168_0098.ply,169,168,169,168,0,1
BlueSpeech,0099,/gpfs/work3/0/prjs0839/data/UVG_CWI_DQPC/UVG-CWI-DQPC/BlueSpeech/cg/15fps/BlueSpeech_UVG-CWI-DQPC_CG_15_0_168_0099.ply,/gpfs/work3/0/prjs0839/data/UVG_CWI_DQPC/UVG-CWI-DQPC/BlueSpeech/he/15fps/BlueSpeech_UVG-CWI-DQPC_HE_15_0_168_0099.ply,169,168,169,168,0,1
BlueSpeech,0100,/gpfs/work3/0/prjs0839/data/UVG_CWI_DQPC/UVG-CWI-DQPC/BlueSpeech/cg/15fps/BlueSpeech_UVG-CWI-DQPC_CG_15_0_168_0100.ply,/gpfs/work3/0/prjs0839/data/UVG_CWI_DQPC/UVG-CWI-DQPC/BlueSpeech/he/15fps/BlueSpeech_UVG-CWI-DQPC_HE_15_0_168_0100.ply,169,168,169,168,0,1
BlueSpeech,0101,/gpfs/work3/0/prjs0839/data/UVG_CWI_DQPC/UVG-CWI-DQPC/BlueSpeech/cg/15fps/BlueSpeech_UVG-CWI-DQPC_CG_15_0_168_0101.ply,/gpfs/work3/0/prjs0839/data/UVG_CWI_DQPC/UVG-CWI-DQPC/BlueSpeech/he/15fps/BlueSpeech_UVG-CWI-DQPC_HE_15_0_168_0101.ply,169,168,169,168,0,1
BlueSpeech,0102,/gpfs/work3/0/prjs0839/data/UVG_CWI_DQPC/UVG-CWI-DQPC/BlueSpeech/cg/15fps/BlueSpeech_UVG-CWI-DQPC_CG_15_0_168_0102.ply,/gpfs/work3/0/prjs0839/data/UVG_CWI_DQPC/UVG-CWI-DQPC/BlueSpeech/he/15fps/BlueSpeech_UVG-CWI-DQPC_HE_15_0_168_0102.ply,169,168,169,168,0,1
BlueSpeech,0103,/gpfs/work3/0/prjs0839/data/UVG_CWI_DQPC/UVG-CWI-DQPC/BlueSpeech/cg/15fps/BlueSpeech_UVG-CWI-DQPC_CG_15_0_168_0103.ply,/gpfs/work3/0/prjs0839/data/UVG_CWI_DQPC/UVG-CWI-DQPC/BlueSpeech/he/15fps/BlueSpeech_UVG-CWI-DQPC_HE_15_0_168_0103.ply,169,168,169,168,0,1
BlueSpeech,0104,/gpfs/work3/0/prjs0839/data/UVG_CWI_DQPC/UVG-CWI-DQPC/BlueSpeech/cg/15fps/BlueSpeech_UVG-CWI-DQPC_CG_15_0_168_0104.ply,/gpfs/work3/0/prjs0839/data/UVG_CWI_DQPC/UVG-CWI-DQPC/BlueSpeech/he/15fps/BlueSpeech_UVG-CWI-DQPC_HE_15_0_168_0104.ply,169,168,169,168,0,1
BlueSpeech,0105,/gpfs/work3/0/prjs0839/data/UVG_CWI_DQPC/UVG-CWI-DQPC/BlueSpeech/cg/15fps/BlueSpeech_UVG-CWI-DQPC_CG_15_0_168_0105.ply,/gpfs/work3/0/prjs0839/data/UVG_CWI_DQPC/UVG-CWI-DQPC/BlueSpeech/he/15fps/BlueSpeech_UVG-CWI-DQPC_HE_15_0_168_0105.ply,169,168,169,168,0,1
BlueSpeech,0106,/gpfs/work3/0/prjs0839/data/UVG_CWI_DQPC/UVG-CWI-DQPC/BlueSpeech/cg/15fps/BlueSpeech_UVG-CWI-DQPC_CG_15_0_168_0106.ply,/gpfs/work3/0/prjs0839/data/UVG_CWI_DQPC/UVG-CWI-DQPC/BlueSpeech/he/15fps/BlueSpeech_UVG-CWI-DQPC_HE_15_0_168_0106.ply,169,168,169,168,0,1
BlueSpeech,0107,/gpfs/work3/0/prjs0839/data/UVG_CWI_DQPC/UVG-CWI-DQPC/BlueSpeech/cg/15fps/BlueSpeech_UVG-CWI-DQPC_CG_15_0_168_0107.ply,/gpfs/work3/0/prjs0839/data/UVG_CWI_DQPC/UVG-CWI-DQPC/BlueSpeech/he/15fps/BlueSpeech_UVG-CWI-DQPC_HE_15_0_168_0107.ply,169,168,169,168,0,1
BlueSpeech,0108,/gpfs/work3/0/prjs0839/data/UVG_CWI_DQPC/UVG-CWI-DQPC/BlueSpeech/cg/15fps/BlueSpeech_UVG-CWI-DQPC_CG_15_0_168_0108.ply,/gpfs/work3/0/prjs0839/data/UVG_CWI_DQPC/UVG-CWI-DQPC/BlueSpeech/he/15fps/BlueSpeech_UVG-CWI-DQPC_HE_15_0_168_0108.ply,169,168,169,168,0,1
BlueSpeech,0109,/gpfs/work3/0/prjs0839/data/UVG_CWI_DQPC/UVG-CWI-DQPC/BlueSpeech/cg/15fps/BlueSpeech_UVG-CWI-DQPC_CG_15_0_168_0109.ply,/gpfs/work3/0/prjs0839/data/UVG_CWI_DQPC/UVG-CWI-DQPC/BlueSpeech/he/15fps/BlueSpeech_UVG-CWI-DQPC_HE_15_0_168_0109.ply,169,168,169,168,0,1
BlueSpeech,0110,/gpfs/work3/0/prjs0839/data/UVG_CWI_DQPC/UVG-CWI-DQPC/BlueSpeech/cg/15fps/BlueSpeech_UVG-CWI-DQPC_CG_15_0_168_0110.ply,/gpfs/work3/0/prjs0839/data/UVG_CWI_DQPC/UVG-CWI-DQPC/BlueSpeech/he/15fps/BlueSpeech_UVG-CWI-DQPC_HE_15_0_168_0110.ply,169,168,169,168,0,1
BlueSpeech,0111,/gpfs/work3/0/prjs0839/data/UVG_CWI_DQPC/UVG-CWI-DQPC/BlueSpeech/cg/15fps/BlueSpeech_UVG-CWI-DQPC_CG_15_0_168_0111.ply,/gpfs/work3/0/prjs0839/data/UVG_CWI_DQPC/UVG-CWI-DQPC/BlueSpeech/he/15fps/BlueSpeech_UVG-CWI-DQPC_HE_15_0_168_0111.ply,169,168,169,168,0,1
BlueSpeech,0112,/gpfs/work3/0/prjs0839/data/UVG_CWI_DQPC/UVG-CWI-DQPC/BlueSpeech/cg/15fps/BlueSpeech_UVG-CWI-DQPC_CG_15_0_168_0112.ply,/gpfs/work3/0/prjs0839/data/UVG_CWI_DQPC/UVG-CWI-DQPC/BlueSpeech/he/15fps/BlueSpeech_UVG-CWI-DQPC_HE_15_0_168_0112.ply,169,168,169,168,0,1
BlueSpeech,0113,/gpfs/work3/0/prjs0839/data/UVG_CWI_DQPC/UVG-CWI-DQPC/BlueSpeech/cg/15fps/BlueSpeech_UVG-CWI-DQPC_CG_15_0_168_0113.ply,/gpfs/work3/0/prjs0839/data/UVG_CWI_DQPC/UVG-CWI-DQPC/BlueSpeech/he/15fps/BlueSpeech_UVG-CWI-DQPC_HE_15_0_168_0113.ply,169,168,169,168,0,1
BlueSpeech,0114,/gpfs/work3/0/prjs0839/data/UVG_CWI_DQPC/UVG-CWI-DQPC/BlueSpeech/cg/15fps/BlueSpeech_UVG-CWI-DQPC_CG_15_0_168_0114.ply,/gpfs/work3/0/prjs0839/data/UVG_CWI_DQPC/UVG-CWI-DQPC/BlueSpeech/he/15fps/BlueSpeech_UVG-CWI-DQPC_HE_15_0_168_0114.ply,169,168,169,168,0,1
BlueSpeech,0115,/gpfs/work3/0/prjs0839/data/UVG_CWI_DQPC/UVG-CWI-DQPC/BlueSpeech/cg/15fps/BlueSpeech_UVG-CWI-DQPC_CG_15_0_168_0115.ply,/gpfs/work3/0/prjs0839/data/UVG_CWI_DQPC/UVG-CWI-DQPC/BlueSpeech/he/15fps/BlueSpeech_UVG-CWI-DQPC_HE_15_0_168_0115.ply,169,168,169,168,0,1
BlueSpeech,0116,/gpfs/work3/0/prjs0839/data/UVG_CWI_DQPC/UVG-CWI-DQPC/BlueSpeech/cg/15fps/BlueSpeech_UVG-CWI-DQPC_CG_15_0_168_0116.ply,/gpfs/work3/0/prjs0839/data/UVG_CWI_DQPC/UVG-CWI-DQPC/BlueSpeech/he/15fps/BlueSpeech_UVG-CWI-DQPC_HE_15_0_168_0116.ply,169,168,169,168,0,1
BlueSpeech,0117,/gpfs/work3/0/prjs0839/data/UVG_CWI_DQPC/UVG-CWI-DQPC/BlueSpeech/cg/15fps/BlueSpeech_UVG-CWI-DQPC_CG_15_0_168_0117.ply,/gpfs/work3/0/prjs0839/data/UVG_CWI_DQPC/UVG-CWI-DQPC/BlueSpeech/he/15fps/BlueSpeech_UVG-CWI-DQPC_HE_15_0_168_0117.ply,169,168,169,168,0,1
BlueSpeech,0118,/gpfs/work3/0/prjs0839/data/UVG_CWI_DQPC/UVG-CWI-DQPC/BlueSpeech/cg/15fps/BlueSpeech_UVG-CWI-DQPC_CG_15_0_168_0118.ply,/gpfs/work3/0/prjs0839/data/UVG_CWI_DQPC/UVG-CWI-DQPC/BlueSpeech/he/15fps/BlueSpeech_UVG-CWI-DQPC_HE_15_0_168_0118.ply,169,168,169,168,0,1
BlueSpeech,0119,/gpfs/work3/0/prjs0839/data/UVG_CWI_DQPC/UVG-CWI-DQPC/BlueSpeech/cg/15fps/BlueSpeech_UVG-CWI-DQPC_CG_15_0_168_0119.ply,/gpfs/work3/0/prjs0839/data/UVG_CWI_DQPC/UVG-CWI-DQPC/BlueSpeech/he/15fps/BlueSpeech_UVG-CWI-DQPC_HE_15_0_168_0119.ply,169,168,169,168,0,1
BlueSpeech,0120,/gpfs/work3/0/prjs0839/data/UVG_CWI_DQPC/UVG-CWI-DQPC/BlueSpeech/cg/15fps/BlueSpeech_UVG-CWI-DQPC_CG_15_0_168_0120.ply,/gpfs/work3/0/prjs0839/data/UVG_CWI_DQPC/UVG-CWI-DQPC/BlueSpeech/he/15fps/BlueSpeech_UVG-CWI-DQPC_HE_15_0_168_0120.ply,169,168,169,168,0,1
BlueSpeech,0121,/gpfs/work3/0/prjs0839/data/UVG_CWI_DQPC/UVG-CWI-DQPC/BlueSpeech/cg/15fps/BlueSpeech_UVG-CWI-DQPC_CG_15_0_168_0121.ply,/gpfs/work3/0/prjs0839/data/UVG_CWI_DQPC/UVG-CWI-DQPC/BlueSpeech/he/15fps/BlueSpeech_UVG-CWI-DQPC_HE_15_0_168_0121.ply,169,168,169,168,0,1
BlueSpeech,0122,/gpfs/work3/0/prjs0839/data/UVG_CWI_DQPC/UVG-CWI-DQPC/BlueSpeech/cg/15fps/BlueSpeech_UVG-CWI-DQPC_CG_15_0_168_0122.ply,/gpfs/work3/0/prjs0839/data/UVG_CWI_DQPC/UVG-CWI-DQPC/BlueSpeech/he/15fps/BlueSpeech_UVG-CWI-DQPC_HE_15_0_168_0122.ply,169,168,169,168,0,1
BlueSpeech,0123,/gpfs/work3/0/prjs0839/data/UVG_CWI_DQPC/UVG-CWI-DQPC/BlueSpeech/cg/15fps/BlueSpeech_UVG-CWI-DQPC_CG_15_0_168_0123.ply,/gpfs/work3/0/prjs0839/data/UVG_CWI_DQPC/UVG-CWI-DQPC/BlueSpeech/he/15fps/BlueSpeech_UVG-CWI-DQPC_HE_15_0_168_0123.ply,169,168,169,168,0,1
BlueSpeech,0124,/gpfs/work3/0/prjs0839/data/UVG_CWI_DQPC/UVG-CWI-DQPC/BlueSpeech/cg/15fps/BlueSpeech_UVG-CWI-DQPC_CG_15_0_168_0124.ply,/gpfs/work3/0/prjs0839/data/UVG_CWI_DQPC/UVG-CWI-DQPC/BlueSpeech/he/15fps/BlueSpeech_UVG-CWI-DQPC_HE_15_0_168_0124.ply,169,168,169,168,0,1
BlueSpeech,0125,/gpfs/work3/0/prjs0839/data/UVG_CWI_DQPC/UVG-CWI-DQPC/BlueSpeech/cg/15fps/BlueSpeech_UVG-CWI-DQPC_CG_15_0_168_0125.ply,/gpfs/work3/0/prjs0839/data/UVG_CWI_DQPC/UVG-CWI-DQPC/BlueSpeech/he/15fps/BlueSpeech_UVG-CWI-DQPC_HE_15_0_168_0125.ply,169,168,169,168,0,1
BlueSpeech,0126,/gpfs/work3/0/prjs0839/data/UVG_CWI_DQPC/UVG-CWI-DQPC/BlueSpeech/cg/15fps/BlueSpeech_UVG-CWI-DQPC_CG_15_0_168_0126.ply,/gpfs/work3/0/prjs0839/data/UVG_CWI_DQPC/UVG-CWI-DQPC/BlueSpeech/he/15fps/BlueSpeech_UVG-CWI-DQPC_HE_15_0_168_0126.ply,169,168,169,168,0,1
BlueSpeech,0127,/gpfs/work3/0/prjs0839/data/UVG_CWI_DQPC/UVG-CWI-DQPC/BlueSpeech/cg/15fps/BlueSpeech_UVG-CWI-DQPC_CG_15_0_168_0127.ply,/gpfs/work3/0/prjs0839/data/UVG_CWI_DQPC/UVG-CWI-DQPC/BlueSpeech/he/15fps/BlueSpeech_UVG-CWI-DQPC_HE_15_0_168_0127.ply,169,168,169,168,0,1
BlueSpeech,0128,/gpfs/work3/0/prjs0839/data/UVG_CWI_DQPC/UVG-CWI-DQPC/BlueSpeech/cg/15fps/BlueSpeech_UVG-CWI-DQPC_CG_15_0_168_0128.ply,/gpfs/work3/0/prjs0839/data/UVG_CWI_DQPC/UVG-CWI-DQPC/BlueSpeech/he/15fps/BlueSpeech_UVG-CWI-DQPC_HE_15_0_168_0128.ply,169,168,169,168,0,1
BlueSpeech,0129,/gpfs/work3/0/prjs0839/data/UVG_CWI_DQPC/UVG-CWI-DQPC/BlueSpeech/cg/15fps/BlueSpeech_UVG-CWI-DQPC_CG_15_0_168_0129.ply,/gpfs/work3/0/prjs0839/data/UVG_CWI_DQPC/UVG-CWI-DQPC/BlueSpeech/he/15fps/BlueSpeech_UVG-CWI-DQPC_HE_15_0_168_0129.ply,169,168,169,168,0,1
BlueSpeech,0130,/gpfs/work3/0/prjs0839/data/UVG_CWI_DQPC/UVG-CWI-DQPC/BlueSpeech/cg/15fps/BlueSpeech_UVG-CWI-DQPC_CG_15_0_168_0130.ply,/gpfs/work3/0/prjs0839/data/UVG_CWI_DQPC/UVG-CWI-DQPC/BlueSpeech/he/15fps/BlueSpeech_UVG-CWI-DQPC_HE_15_0_168_0130.ply,169,168,169,168,0,1
BlueSpeech,0131,/gpfs/work3/0/prjs0839/data/UVG_CWI_DQPC/UVG-CWI-DQPC/BlueSpeech/cg/15fps/BlueSpeech_UVG-CWI-DQPC_CG_15_0_168_0131.ply,/gpfs/work3/0/prjs0839/data/UVG_CWI_DQPC/UVG-CWI-DQPC/BlueSpeech/he/15fps/BlueSpeech_UVG-CWI-DQPC_HE_15_0_168_0131.ply,169,168,169,168,0,1
BlueSpeech,0132,/gpfs/work3/0/prjs0839/data/UVG_CWI_DQPC/UVG-CWI-DQPC/BlueSpeech/cg/15fps/BlueSpeech_UVG-CWI-DQPC_CG_15_0_168_0132.ply,/gpfs/work3/0/prjs0839/data/UVG_CWI_DQPC/UVG-CWI-DQPC/BlueSpeech/he/15fps/BlueSpeech_UVG-CWI-DQPC_HE_15_0_168_0132.ply,169,168,169,168,0,1
BlueSpeech,0133,/gpfs/work3/0/prjs0839/data/UVG_CWI_DQPC/UVG-CWI-DQPC/BlueSpeech/cg/15fps/BlueSpeech_UVG-CWI-DQPC_CG_15_0_168_0133.ply,/gpfs/work3/0/prjs0839/data/UVG_CWI_DQPC/UVG-CWI-DQPC/BlueSpeech/he/15fps/BlueSpeech_UVG-CWI-DQPC_HE_15_0_168_0133.ply,169,168,169,168,0,1
BlueSpeech,0134,/gpfs/work3/0/prjs0839/data/UVG_CWI_DQPC/UVG-CWI-DQPC/BlueSpeech/cg/15fps/BlueSpeech_UVG-CWI-DQPC_CG_15_0_168_0134.ply,/gpfs/work3/0/prjs0839/data/UVG_CWI_DQPC/UVG-CWI-DQPC/BlueSpeech/he/15fps/BlueSpeech_UVG-CWI-DQPC_HE_15_0_168_0134.ply,169,168,169,168,0,1
BlueSpeech,0135,/gpfs/work3/0/prjs0839/data/UVG_CWI_DQPC/UVG-CWI-DQPC/BlueSpeech/cg/15fps/BlueSpeech_UVG-CWI-DQPC_CG_15_0_168_0135.ply,/gpfs/work3/0/prjs0839/data/UVG_CWI_DQPC/UVG-CWI-DQPC/BlueSpeech/he/15fps/BlueSpeech_UVG-CWI-DQPC_HE_15_0_168_0135.ply,169,168,169,168,0,1
BlueSpeech,0136,/gpfs/work3/0/prjs0839/data/UVG_CWI_DQPC/UVG-CWI-DQPC/BlueSpeech/cg/15fps/BlueSpeech_UVG-CWI-DQPC_CG_15_0_168_0136.ply,/gpfs/work3/0/prjs0839/data/UVG_CWI_DQPC/UVG-CWI-DQPC/BlueSpeech/he/15fps/BlueSpeech_UVG-CWI-DQPC_HE_15_0_168_0136.ply,169,168,169,168,0,1
BlueSpeech,0137,/gpfs/work3/0/prjs0839/data/UVG_CWI_DQPC/UVG-CWI-DQPC/BlueSpeech/cg/15fps/BlueSpeech_UVG-CWI-DQPC_CG_15_0_168_0137.ply,/gpfs/work3/0/prjs0839/data/UVG_CWI_DQPC/UVG-CWI-DQPC/BlueSpeech/he/15fps/BlueSpeech_UVG-CWI-DQPC_HE_15_0_168_0137.ply,169,168,169,168,0,1
BlueSpeech,0138,/gpfs/work3/0/prjs0839/data/UVG_CWI_DQPC/UVG-CWI-DQPC/BlueSpeech/cg/15fps/BlueSpeech_UVG-CWI-DQPC_CG_15_0_168_0138.ply,/gpfs/work3/0/prjs0839/data/UVG_CWI_DQPC/UVG-CWI-DQPC/BlueSpeech/he/15fps/BlueSpeech_UVG-CWI-DQPC_HE_15_0_168_0138.ply,169,168,169,168,0,1
BlueSpeech,0139,/gpfs/work3/0/prjs0839/data/UVG_CWI_DQPC/UVG-CWI-DQPC/BlueSpeech/cg/15fps/BlueSpeech_UVG-CWI-DQPC_CG_15_0_168_0139.ply,/gpfs/work3/0/prjs0839/data/UVG_CWI_DQPC/UVG-CWI-DQPC/BlueSpeech/he/15fps/BlueSpeech_UVG-CWI-DQPC_HE_15_0_168_0139.ply,169,168,169,168,0,1
BlueSpeech,0140,/gpfs/work3/0/prjs0839/data/UVG_CWI_DQPC/UVG-CWI-DQPC/BlueSpeech/cg/15fps/BlueSpeech_UVG-CWI-DQPC_CG_15_0_168_0140.ply,/gpfs/work3/0/prjs0839/data/UVG_CWI_DQPC/UVG-CWI-DQPC/BlueSpeech/he/15fps/BlueSpeech_UVG-CWI-DQPC_HE_15_0_168_0140.ply,169,168,169,168,0,1
BlueSpeech,0141,/gpfs/work3/0/prjs0839/data/UVG_CWI_DQPC/UVG-CWI-DQPC/BlueSpeech/cg/15fps/BlueSpeech_UVG-CWI-DQPC_CG_15_0_168_0141.ply,/gpfs/work3/0/prjs0839/data/UVG_CWI_DQPC/UVG-CWI-DQPC/BlueSpeech/he/15fps/BlueSpeech_UVG-CWI-DQPC_HE_15_0_168_0141.ply,169,168,169,168,0,1
BlueSpeech,0142,/gpfs/work3/0/prjs0839/data/UVG_CWI_DQPC/UVG-CWI-DQPC/BlueSpeech/cg/15fps/BlueSpeech_UVG-CWI-DQPC_CG_15_0_168_0142.ply,/gpfs/work3/0/prjs0839/data/UVG_CWI_DQPC/UVG-CWI-DQPC/BlueSpeech/he/15fps/BlueSpeech_UVG-CWI-DQPC_HE_15_0_168_0142.ply,169,168,169,168,0,1
BlueSpeech,0143,/gpfs/work3/0/prjs0839/data/UVG_CWI_DQPC/UVG-CWI-DQPC/BlueSpeech/cg/15fps/BlueSpeech_UVG-CWI-DQPC_CG_15_0_168_0143.ply,/gpfs/work3/0/prjs0839/data/UVG_CWI_DQPC/UVG-CWI-DQPC/BlueSpeech/he/15fps/BlueSpeech_UVG-CWI-DQPC_HE_15_0_168_0143.ply,169,168,169,168,0,1
BlueSpeech,0144,/gpfs/work3/0/prjs0839/data/UVG_CWI_DQPC/UVG-CWI-DQPC/BlueSpeech/cg/15fps/BlueSpeech_UVG-CWI-DQPC_CG_15_0_168_0144.ply,/gpfs/work3/0/prjs0839/data/UVG_CWI_DQPC/UVG-CWI-DQPC/BlueSpeech/he/15fps/BlueSpeech_UVG-CWI-DQPC_HE_15_0_168_0144.ply,169,168,169,168,0,1
BlueSpeech,0145,/gpfs/work3/0/prjs0839/data/UVG_CWI_DQPC/UVG-CWI-DQPC/BlueSpeech/cg/15fps/BlueSpeech_UVG-CWI-DQPC_CG_15_0_168_0145.ply,/gpfs/work3/0/prjs0839/data/UVG_CWI_DQPC/UVG-CWI-DQPC/BlueSpeech/he/15fps/BlueSpeech_UVG-CWI-DQPC_HE_15_0_168_0145.ply,169,168,169,168,0,1
BlueSpeech,0146,/gpfs/work3/0/prjs0839/data/UVG_CWI_DQPC/UVG-CWI-DQPC/BlueSpeech/cg/15fps/BlueSpeech_UVG-CWI-DQPC_CG_15_0_168_0146.ply,/gpfs/work3/0/prjs0839/data/UVG_CWI_DQPC/UVG-CWI-DQPC/BlueSpeech/he/15fps/BlueSpeech_UVG-CWI-DQPC_HE_15_0_168_0146.ply,169,168,169,168,0,1
BlueSpeech,0147,/gpfs/work3/0/prjs0839/data/UVG_CWI_DQPC/UVG-CWI-DQPC/BlueSpeech/cg/15fps/BlueSpeech_UVG-CWI-DQPC_CG_15_0_168_0147.ply,/gpfs/work3/0/prjs0839/data/UVG_CWI_DQPC/UVG-CWI-DQPC/BlueSpeech/he/15fps/BlueSpeech_UVG-CWI-DQPC_HE_15_0_168_0147.ply,169,168,169,168,0,1
BlueSpeech,0148,/gpfs/work3/0/prjs0839/data/UVG_CWI_DQPC/UVG-CWI-DQPC/BlueSpeech/cg/15fps/BlueSpeech_UVG-CWI-DQPC_CG_15_0_168_0148.ply,/gpfs/work3/0/prjs0839/data/UVG_CWI_DQPC/UVG-CWI-DQPC/BlueSpeech/he/15fps/BlueSpeech_UVG-CWI-DQPC_HE_15_0_168_0148.ply,169,168,169,168,0,1
BlueSpeech,0149,/gpfs/work3/0/prjs0839/data/UVG_CWI_DQPC/UVG-CWI-DQPC/BlueSpeech/cg/15fps/BlueSpeech_UVG-CWI-DQPC_CG_15_0_168_0149.ply,/gpfs/work3/0/prjs0839/data/UVG_CWI_DQPC/UVG-CWI-DQPC/BlueSpeech/he/15fps/BlueSpeech_UVG-CWI-DQPC_HE_15_0_168_0149.ply,169,168,169,168,0,1
BlueSpeech,0150,/gpfs/work3/0/prjs0839/data/UVG_CWI_DQPC/UVG-CWI-DQPC/BlueSpeech/cg/15fps/BlueSpeech_UVG-CWI-DQPC_CG_15_0_168_0150.ply,/gpfs/work3/0/prjs0839/data/UVG_CWI_DQPC/UVG-CWI-DQPC/BlueSpeech/he/15fps/BlueSpeech_UVG-CWI-DQPC_HE_15_0_168_0150.ply,169,168,169,168,0,1
BlueSpeech,0151,/gpfs/work3/0/prjs0839/data/UVG_CWI_DQPC/UVG-CWI-DQPC/BlueSpeech/cg/15fps/BlueSpeech_UVG-CWI-DQPC_CG_15_0_168_0151.ply,/gpfs/work3/0/prjs0839/data/UVG_CWI_DQPC/UVG-CWI-DQPC/BlueSpeech/he/15fps/BlueSpeech_UVG-CWI-DQPC_HE_15_0_168_0151.ply,169,168,169,168,0,1
BlueSpeech,0152,/gpfs/work3/0/prjs0839/data/UVG_CWI_DQPC/UVG-CWI-DQPC/BlueSpeech/cg/15fps/BlueSpeech_UVG-CWI-DQPC_CG_15_0_168_0152.ply,/gpfs/work3/0/prjs0839/data/UVG_CWI_DQPC/UVG-CWI-DQPC/BlueSpeech/he/15fps/BlueSpeech_UVG-CWI-DQPC_HE_15_0_168_0152.ply,169,168,169,168,0,1
BlueSpeech,0153,/gpfs/work3/0/prjs0839/data/UVG_CWI_DQPC/UVG-CWI-DQPC/BlueSpeech/cg/15fps/BlueSpeech_UVG-CWI-DQPC_CG_15_0_168_0153.ply,/gpfs/work3/0/prjs0839/data/UVG_CWI_DQPC/UVG-CWI-DQPC/BlueSpeech/he/15fps/BlueSpeech_UVG-CWI-DQPC_HE_15_0_168_0153.ply,169,168,169,168,0,1
BlueSpeech,0154,/gpfs/work3/0/prjs0839/data/UVG_CWI_DQPC/UVG-CWI-DQPC/BlueSpeech/cg/15fps/BlueSpeech_UVG-CWI-DQPC_CG_15_0_168_0154.ply,/gpfs/work3/0/prjs0839/data/UVG_CWI_DQPC/UVG-CWI-DQPC/BlueSpeech/he/15fps/BlueSpeech_UVG-CWI-DQPC_HE_15_0_168_0154.ply,169,168,169,168,0,1
BlueSpeech,0155,/gpfs/work3/0/prjs0839/data/UVG_CWI_DQPC/UVG-CWI-DQPC/BlueSpeech/cg/15fps/BlueSpeech_UVG-CWI-DQPC_CG_15_0_168_0155.ply,/gpfs/work3/0/prjs0839/data/UVG_CWI_DQPC/UVG-CWI-DQPC/BlueSpeech/he/15fps/BlueSpeech_UVG-CWI-DQPC_HE_15_0_168_0155.ply,169,168,169,168,0,1
BlueSpeech,0156,/gpfs/work3/0/prjs0839/data/UVG_CWI_DQPC/UVG-CWI-DQPC/BlueSpeech/cg/15fps/BlueSpeech_UVG-CWI-DQPC_CG_15_0_168_0156.ply,/gpfs/work3/0/prjs0839/data/UVG_CWI_DQPC/UVG-CWI-DQPC/BlueSpeech/he/15fps/BlueSpeech_UVG-CWI-DQPC_HE_15_0_168_0156.ply,169,168,169,168,0,1
BlueSpeech,0157,/gpfs/work3/0/prjs0839/data/UVG_CWI_DQPC/UVG-CWI-DQPC/BlueSpeech/cg/15fps/BlueSpeech_UVG-CWI-DQPC_CG_15_0_168_0157.ply,/gpfs/work3/0/prjs0839/data/UVG_CWI_DQPC/UVG-CWI-DQPC/BlueSpeech/he/15fps/BlueSpeech_UVG-CWI-DQPC_HE_15_0_168_0157.ply,169,168,169,168,0,1
BlueSpeech,0158,/gpfs/work3/0/prjs0839/data/UVG_CWI_DQPC/UVG-CWI-DQPC/BlueSpeech/cg/15fps/BlueSpeech_UVG-CWI-DQPC_CG_15_0_168_0158.ply,/gpfs/work3/0/prjs0839/data/UVG_CWI_DQPC/UVG-CWI-DQPC/BlueSpeech/he/15fps/BlueSpeech_UVG-CWI-DQPC_HE_15_0_168_0158.ply,169,168,169,168,0,1
BlueSpeech,0159,/gpfs/work3/0/prjs0839/data/UVG_CWI_DQPC/UVG-CWI-DQPC/BlueSpeech/cg/15fps/BlueSpeech_UVG-CWI-DQPC_CG_15_0_168_0159.ply,/gpfs/work3/0/prjs0839/data/UVG_CWI_DQPC/UVG-CWI-DQPC/BlueSpeech/he/15fps/BlueSpeech_UVG-CWI-DQPC_HE_15_0_168_0159.ply,169,168,169,168,0,1
BlueSpeech,0160,/gpfs/work3/0/prjs0839/data/UVG_CWI_DQPC/UVG-CWI-DQPC/BlueSpeech/cg/15fps/BlueSpeech_UVG-CWI-DQPC_CG_15_0_168_0160.ply,/gpfs/work3/0/prjs0839/data/UVG_CWI_DQPC/UVG-CWI-DQPC/BlueSpeech/he/15fps/BlueSpeech_UVG-CWI-DQPC_HE_15_0_168_0160.ply,169,168,169,168,0,1
BlueSpeech,0161,/gpfs/work3/0/prjs0839/data/UVG_CWI_DQPC/UVG-CWI-DQPC/BlueSpeech/cg/15fps/BlueSpeech_UVG-CWI-DQPC_CG_15_0_168_0161.ply,/gpfs/work3/0/prjs0839/data/UVG_CWI_DQPC/UVG-CWI-DQPC/BlueSpeech/he/15fps/BlueSpeech_UVG-CWI-DQPC_HE_15_0_168_0161.ply,169,168,169,168,0,1
BlueSpeech,0162,/gpfs/work3/0/prjs0839/data/UVG_CWI_DQPC/UVG-CWI-DQPC/BlueSpeech/cg/15fps/BlueSpeech_UVG-CWI-DQPC_CG_15_0_168_0162.ply,/gpfs/work3/0/prjs0839/data/UVG_CWI_DQPC/UVG-CWI-DQPC/BlueSpeech/he/15fps/BlueSpeech_UVG-CWI-DQPC_HE_15_0_168_0162.ply,169,168,169,168,0,1
BlueSpeech,0163,/gpfs/work3/0/prjs0839/data/UVG_CWI_DQPC/UVG-CWI-DQPC/BlueSpeech/cg/15fps/BlueSpeech_UVG-CWI-DQPC_CG_15_0_168_0163.ply,/gpfs/work3/0/prjs0839/data/UVG_CWI_DQPC/UVG-CWI-DQPC/BlueSpeech/he/15fps/BlueSpeech_UVG-CWI-DQPC_HE_15_0_168_0163.ply,169,168,169,168,0,1
BlueSpeech,0164,/gpfs/work3/0/prjs0839/data/UVG_CWI_DQPC/UVG-CWI-DQPC/BlueSpeech/cg/15fps/BlueSpeech_UVG-CWI-DQPC_CG_15_0_168_0164.ply,/gpfs/work3/0/prjs0839/data/UVG_CWI_DQPC/UVG-CWI-DQPC/BlueSpeech/he/15fps/BlueSpeech_UVG-CWI-DQPC_HE_15_0_168_0164.ply,169,168,169,168,0,1
BlueSpeech,0165,/gpfs/work3/0/prjs0839/data/UVG_CWI_DQPC/UVG-CWI-DQPC/BlueSpeech/cg/15fps/BlueSpeech_UVG-CWI-DQPC_CG_15_0_168_0165.ply,/gpfs/work3/0/prjs0839/data/UVG_CWI_DQPC/UVG-CWI-DQPC/BlueSpeech/he/15fps/BlueSpeech_UVG-CWI-DQPC_HE_15_0_168_0165.ply,169,168,169,168,0,1
BlueSpeech,0166,/gpfs/work3/0/prjs0839/data/UVG_CWI_DQPC/UVG-CWI-DQPC/BlueSpeech/cg/15fps/BlueSpeech_UVG-CWI-DQPC_CG_15_0_168_0166.ply,/gpfs/work3/0/prjs0839/data/UVG_CWI_DQPC/UVG-CWI-DQPC/BlueSpeech/he/15fps/BlueSpeech_UVG-CWI-DQPC_HE_15_0_168_0166.ply,169,168,169,168,0,1
BlueSpeech,0167,/gpfs/work3/0/prjs0839/data/UVG_CWI_DQPC/UVG-CWI-DQPC/BlueSpeech/cg/15fps/BlueSpeech_UVG-CWI-DQPC_CG_15_0_168_0167.ply,/gpfs/work3/0/prjs0839/data/UVG_CWI_DQPC/UVG-CWI-DQPC/BlueSpeech/he/15fps/BlueSpeech_UVG-CWI-DQPC_HE_15_0_168_0167.ply,169,168,169,168,0,1
BlueVolley,0000,/gpfs/work3/0/prjs0839/data/UVG_CWI_DQPC/UVG-CWI-DQPC/BlueVolley/cg/15fps/BlueVolley_UVG-CWI-DQPC_CG_15_0_170_0000.ply,/gpfs/work3/0/prjs0839/data/UVG_CWI_DQPC/UVG-CWI-DQPC/BlueVolley/he/15fps/BlueVolley_UVG-CWI-DQPC_HE_15_0_170_0000.ply,171,171,171,171,0,0
BlueVolley,0001,/gpfs/work3/0/prjs0839/data/UVG_CWI_DQPC/UVG-CWI-DQPC/BlueVolley/cg/15fps/BlueVolley_UVG-CWI-DQPC_CG_15_0_170_0001.ply,/gpfs/work3/0/prjs0839/data/UVG_CWI_DQPC/UVG-CWI-DQPC/BlueVolley/he/15fps/BlueVolley_UVG-CWI-DQPC_HE_15_0_170_0001.ply,171,171,171,171,0,0
BlueVolley,0002,/gpfs/work3/0/prjs0839/data/UVG_CWI_DQPC/UVG-CWI-DQPC/BlueVolley/cg/15fps/BlueVolley_UVG-CWI-DQPC_CG_15_0_170_0002.ply,/gpfs/work3/0/prjs0839/data/UVG_CWI_DQPC/UVG-CWI-DQPC/BlueVolley/he/15fps/BlueVolley_UVG-CWI-DQPC_HE_15_0_170_0002.ply,171,171,171,171,0,0
BlueVolley,0003,/gpfs/work3/0/prjs0839/data/UVG_CWI_DQPC/UVG-CWI-DQPC/BlueVolley/cg/15fps/BlueVolley_UVG-CWI-DQPC_CG_15_0_170_0003.ply,/gpfs/work3/0/prjs0839/data/UVG_CWI_DQPC/UVG-CWI-DQPC/BlueVolley/he/15fps/BlueVolley_UVG-CWI-DQPC_HE_15_0_170_0003.ply,171,171,171,171,0,0
BlueVolley,0004,/gpfs/work3/0/prjs0839/data/UVG_CWI_DQPC/UVG-CWI-DQPC/BlueVolley/cg/15fps/BlueVolley_UVG-CWI-DQPC_CG_15_0_170_0004.ply,/gpfs/work3/0/prjs0839/data/UVG_CWI_DQPC/UVG-CWI-DQPC/BlueVolley/he/15fps/BlueVolley_UVG-CWI-DQPC_HE_15_0_170_0004.ply,171,171,171,171,0,0
BlueVolley,0005,/gpfs/work3/0/prjs0839/data/UVG_CWI_DQPC/UVG-CWI-DQPC/BlueVolley/cg/15fps/BlueVolley_UVG-CWI-DQPC_CG_15_0_170_0005.ply,/gpfs/work3/0/prjs0839/data/UVG_CWI_DQPC/UVG-CWI-DQPC/BlueVolley/he/15fps/BlueVolley_UVG-CWI-DQPC_HE_15_0_170_0005.ply,171,171,171,171,0,0
BlueVolley,0006,/gpfs/work3/0/prjs0839/data/UVG_CWI_DQPC/UVG-CWI-DQPC/BlueVolley/cg/15fps/BlueVolley_UVG-CWI-DQPC_CG_15_0_170_0006.ply,/gpfs/work3/0/prjs0839/data/UVG_CWI_DQPC/UVG-CWI-DQPC/BlueVolley/he/15fps/BlueVolley_UVG-CWI-DQPC_HE_15_0_170_0006.ply,171,171,171,171,0,0
BlueVolley,0007,/gpfs/work3/0/prjs0839/data/UVG_CWI_DQPC/UVG-CWI-DQPC/BlueVolley/cg/15fps/BlueVolley_UVG-CWI-DQPC_CG_15_0_170_0007.ply,/gpfs/work3/0/prjs0839/data/UVG_CWI_DQPC/UVG-CWI-DQPC/BlueVolley/he/15fps/BlueVolley_UVG-CWI-DQPC_HE_15_0_170_0007.ply,171,171,171,171,0,0
BlueVolley,0008,/gpfs/work3/0/prjs0839/data/UVG_CWI_DQPC/UVG-CWI-DQPC/BlueVolley/cg/15fps/BlueVolley_UVG-CWI-DQPC_CG_15_0_170_0008.ply,/gpfs/work3/0/prjs0839/data/UVG_CWI_DQPC/UVG-CWI-DQPC/BlueVolley/he/15fps/BlueVolley_UVG-CWI-DQPC_HE_15_0_170_0008.ply,171,171,171,171,0,0
BlueVolley,0009,/gpfs/work3/0/prjs0839/data/UVG_CWI_DQPC/UVG-CWI-DQPC/BlueVolley/cg/15fps/BlueVolley_UVG-CWI-DQPC_CG_15_0_170_0009.ply,/gpfs/work3/0/prjs0839/data/UVG_CWI_DQPC/UVG-CWI-DQPC/BlueVolley/he/15fps/BlueVolley_UVG-CWI-DQPC_HE_15_0_170_0009.ply,171,171,171,171,0,0
BlueVolley,0010,/gpfs/work3/0/prjs0839/data/UVG_CWI_DQPC/UVG-CWI-DQPC/BlueVolley/cg/15fps/BlueVolley_UVG-CWI-DQPC_CG_15_0_170_0010.ply,/gpfs/work3/0/prjs0839/data/UVG_CWI_DQPC/UVG-CWI-DQPC/BlueVolley/he/15fps/BlueVolley_UVG-CWI-DQPC_HE_15_0_170_0010.ply,171,171,171,171,0,0
BlueVolley,0011,/gpfs/work3/0/prjs0839/data/UVG_CWI_DQPC/UVG-CWI-DQPC/BlueVolley/cg/15fps/BlueVolley_UVG-CWI-DQPC_CG_15_0_170_0011.ply,/gpfs/work3/0/prjs0839/data/UVG_CWI_DQPC/UVG-CWI-DQPC/BlueVolley/he/15fps/BlueVolley_UVG-CWI-DQPC_HE_15_0_170_0011.ply,171,171,171,171,0,0
BlueVolley,0012,/gpfs/work3/0/prjs0839/data/UVG_CWI_DQPC/UVG-CWI-DQPC/BlueVolley/cg/15fps/BlueVolley_UVG-CWI-DQPC_CG_15_0_170_0012.ply,/gpfs/work3/0/prjs0839/data/UVG_CWI_DQPC/UVG-CWI-DQPC/BlueVolley/he/15fps/BlueVolley_UVG-CWI-DQPC_HE_15_0_170_0012.ply,171,171,171,171,0,0
BlueVolley,0013,/gpfs/work3/0/prjs0839/data/UVG_CWI_DQPC/UVG-CWI-DQPC/BlueVolley/cg/15fps/BlueVolley_UVG-CWI-DQPC_CG_15_0_170_0013.ply,/gpfs/work3/0/prjs0839/data/UVG_CWI_DQPC/UVG-CWI-DQPC/BlueVolley/he/15fps/BlueVolley_UVG-CWI-DQPC_HE_15_0_170_0013.ply,171,171,171,171,0,0
BlueVolley,0014,/gpfs/work3/0/prjs0839/data/UVG_CWI_DQPC/UVG-CWI-DQPC/BlueVolley/cg/15fps/BlueVolley_UVG-CWI-DQPC_CG_15_0_170_0014.ply,/gpfs/work3/0/prjs0839/data/UVG_CWI_DQPC/UVG-CWI-DQPC/BlueVolley/he/15fps/BlueVolley_UVG-CWI-DQPC_HE_15_0_170_0014.ply,171,171,171,171,0,0
BlueVolley,0015,/gpfs/work3/0/prjs0839/data/UVG_CWI_DQPC/UVG-CWI-DQPC/BlueVolley/cg/15fps/BlueVolley_UVG-CWI-DQPC_CG_15_0_170_0015.ply,/gpfs/work3/0/prjs0839/data/UVG_CWI_DQPC/UVG-CWI-DQPC/BlueVolley/he/15fps/BlueVolley_UVG-CWI-DQPC_HE_15_0_170_0015.ply,171,171,171,171,0,0
BlueVolley,0016,/gpfs/work3/0/prjs0839/data/UVG_CWI_DQPC/UVG-CWI-DQPC/BlueVolley/cg/15fps/BlueVolley_UVG-CWI-DQPC_CG_15_0_170_0016.ply,/gpfs/work3/0/prjs0839/data/UVG_CWI_DQPC/UVG-CWI-DQPC/BlueVolley/he/15fps/BlueVolley_UVG-CWI-DQPC_HE_15_0_170_0016.ply,171,171,171,171,0,0
BlueVolley,0017,/gpfs/work3/0/prjs0839/data/UVG_CWI_DQPC/UVG-CWI-DQPC/BlueVolley/cg/15fps/BlueVolley_UVG-CWI-DQPC_CG_15_0_170_0017.ply,/gpfs/work3/0/prjs0839/data/UVG_CWI_DQPC/UVG-CWI-DQPC/BlueVolley/he/15fps/BlueVolley_UVG-CWI-DQPC_HE_15_0_170_0017.ply,171,171,171,171,0,0
BlueVolley,0018,/gpfs/work3/0/prjs0839/data/UVG_CWI_DQPC/UVG-CWI-DQPC/BlueVolley/cg/15fps/BlueVolley_UVG-CWI-DQPC_CG_15_0_170_0018.ply,/gpfs/work3/0/prjs0839/data/UVG_CWI_DQPC/UVG-CWI-DQPC/BlueVolley/he/15fps/BlueVolley_UVG-CWI-DQPC_HE_15_0_170_0018.ply,171,171,171,171,0,0
BlueVolley,0019,/gpfs/work3/0/prjs0839/data/UVG_CWI_DQPC/UVG-CWI-DQPC/BlueVolley/cg/15fps/BlueVolley_UVG-CWI-DQPC_CG_15_0_170_0019.ply,/gpfs/work3/0/prjs0839/data/UVG_CWI_DQPC/UVG-CWI-DQPC/BlueVolley/he/15fps/BlueVolley_UVG-CWI-DQPC_HE_15_0_170_0019.ply,171,171,171,171,0,0
BlueVolley,0020,/gpfs/work3/0/prjs0839/data/UVG_CWI_DQPC/UVG-CWI-DQPC/BlueVolley/cg/15fps/BlueVolley_UVG-CWI-DQPC_CG_15_0_170_0020.ply,/gpfs/work3/0/prjs0839/data/UVG_CWI_DQPC/UVG-CWI-DQPC/BlueVolley/he/15fps/BlueVolley_UVG-CWI-DQPC_HE_15_0_170_0020.ply,171,171,171,171,0,0
BlueVolley,0021,/gpfs/work3/0/prjs0839/data/UVG_CWI_DQPC/UVG-CWI-DQPC/BlueVolley/cg/15fps/BlueVolley_UVG-CWI-DQPC_CG_15_0_170_0021.ply,/gpfs/work3/0/prjs0839/data/UVG_CWI_DQPC/UVG-CWI-DQPC/BlueVolley/he/15fps/BlueVolley_UVG-CWI-DQPC_HE_15_0_170_0021.ply,171,171,171,171,0,0
BlueVolley,0022,/gpfs/work3/0/prjs0839/data/UVG_CWI_DQPC/UVG-CWI-DQPC/BlueVolley/cg/15fps/BlueVolley_UVG-CWI-DQPC_CG_15_0_170_0022.ply,/gpfs/work3/0/prjs0839/data/UVG_CWI_DQPC/UVG-CWI-DQPC/BlueVolley/he/15fps/BlueVolley_UVG-CWI-DQPC_HE_15_0_170_0022.ply,171,171,171,171,0,0
BlueVolley,0023,/gpfs/work3/0/prjs0839/data/UVG_CWI_DQPC/UVG-CWI-DQPC/BlueVolley/cg/15fps/BlueVolley_UVG-CWI-DQPC_CG_15_0_170_0023.ply,/gpfs/work3/0/prjs0839/data/UVG_CWI_DQPC/UVG-CWI-DQPC/BlueVolley/he/15fps/BlueVolley_UVG-CWI-DQPC_HE_15_0_170_0023.ply,171,171,171,171,0,0
BlueVolley,0024,/gpfs/work3/0/prjs0839/data/UVG_CWI_DQPC/UVG-CWI-DQPC/BlueVolley/cg/15fps/BlueVolley_UVG-CWI-DQPC_CG_15_0_170_0024.ply,/gpfs/work3/0/prjs0839/data/UVG_CWI_DQPC/UVG-CWI-DQPC/BlueVolley/he/15fps/BlueVolley_UVG-CWI-DQPC_HE_15_0_170_0024.ply,171,171,171,171,0,0
BlueVolley,0025,/gpfs/work3/0/prjs0839/data/UVG_CWI_DQPC/UVG-CWI-DQPC/BlueVolley/cg/15fps/BlueVolley_UVG-CWI-DQPC_CG_15_0_170_0025.ply,/gpfs/work3/0/prjs0839/data/UVG_CWI_DQPC/UVG-CWI-DQPC/BlueVolley/he/15fps/BlueVolley_UVG-CWI-DQPC_HE_15_0_170_0025.ply,171,171,171,171,0,0
BlueVolley,0026,/gpfs/work3/0/prjs0839/data/UVG_CWI_DQPC/UVG-CWI-DQPC/BlueVolley/cg/15fps/BlueVolley_UVG-CWI-DQPC_CG_15_0_170_0026.ply,/gpfs/work3/0/prjs0839/data/UVG_CWI_DQPC/UVG-CWI-DQPC/BlueVolley/he/15fps/BlueVolley_UVG-CWI-DQPC_HE_15_0_170_0026.ply,171,171,171,171,0,0
BlueVolley,0027,/gpfs/work3/0/prjs0839/data/UVG_CWI_DQPC/UVG-CWI-DQPC/BlueVolley/cg/15fps/BlueVolley_UVG-CWI-DQPC_CG_15_0_170_0027.ply,/gpfs/work3/0/prjs0839/data/UVG_CWI_DQPC/UVG-CWI-DQPC/BlueVolley/he/15fps/BlueVolley_UVG-CWI-DQPC_HE_15_0_170_0027.ply,171,171,171,171,0,0
BlueVolley,0028,/gpfs/work3/0/prjs0839/data/UVG_CWI_DQPC/UVG-CWI-DQPC/BlueVolley/cg/15fps/BlueVolley_UVG-CWI-DQPC_CG_15_0_170_0028.ply,/gpfs/work3/0/prjs0839/data/UVG_CWI_DQPC/UVG-CWI-DQPC/BlueVolley/he/15fps/BlueVolley_UVG-CWI-DQPC_HE_15_0_170_0028.ply,171,171,171,171,0,0
BlueVolley,0029,/gpfs/work3/0/prjs0839/data/UVG_CWI_DQPC/UVG-CWI-DQPC/BlueVolley/cg/15fps/BlueVolley_UVG-CWI-DQPC_CG_15_0_170_0029.ply,/gpfs/work3/0/prjs0839/data/UVG_CWI_DQPC/UVG-CWI-DQPC/BlueVolley/he/15fps/BlueVolley_UVG-CWI-DQPC_HE_15_0_170_0029.ply,171,171,171,171,0,0
BlueVolley,0030,/gpfs/work3/0/prjs0839/data/UVG_CWI_DQPC/UVG-CWI-DQPC/BlueVolley/cg/15fps/BlueVolley_UVG-CWI-DQPC_CG_15_0_170_0030.ply,/gpfs/work3/0/prjs0839/data/UVG_CWI_DQPC/UVG-CWI-DQPC/BlueVolley/he/15fps/BlueVolley_UVG-CWI-DQPC_HE_15_0_170_0030.ply,171,171,171,171,0,0
BlueVolley,0031,/gpfs/work3/0/prjs0839/data/UVG_CWI_DQPC/UVG-CWI-DQPC/BlueVolley/cg/15fps/BlueVolley_UVG-CWI-DQPC_CG_15_0_170_0031.ply,/gpfs/work3/0/prjs0839/data/UVG_CWI_DQPC/UVG-CWI-DQPC/BlueVolley/he/15fps/BlueVolley_UVG-CWI-DQPC_HE_15_0_170_0031.ply,171,171,171,171,0,0
BlueVolley,0032,/gpfs/work3/0/prjs0839/data/UVG_CWI_DQPC/UVG-CWI-DQPC/BlueVolley/cg/15fps/BlueVolley_UVG-CWI-DQPC_CG_15_0_170_0032.ply,/gpfs/work3/0/prjs0839/data/UVG_CWI_DQPC/UVG-CWI-DQPC/BlueVolley/he/15fps/BlueVolley_UVG-CWI-DQPC_HE_15_0_170_0032.ply,171,171,171,171,0,0
BlueVolley,0033,/gpfs/work3/0/prjs0839/data/UVG_CWI_DQPC/UVG-CWI-DQPC/BlueVolley/cg/15fps/BlueVolley_UVG-CWI-DQPC_CG_15_0_170_0033.ply,/gpfs/work3/0/prjs0839/data/UVG_CWI_DQPC/UVG-CWI-DQPC/BlueVolley/he/15fps/BlueVolley_UVG-CWI-DQPC_HE_15_0_170_0033.ply,171,171,171,171,0,0
BlueVolley,0034,/gpfs/work3/0/prjs0839/data/UVG_CWI_DQPC/UVG-CWI-DQPC/BlueVolley/cg/15fps/BlueVolley_UVG-CWI-DQPC_CG_15_0_170_0034.ply,/gpfs/work3/0/prjs0839/data/UVG_CWI_DQPC/UVG-CWI-DQPC/BlueVolley/he/15fps/BlueVolley_UVG-CWI-DQPC_HE_15_0_170_0034.ply,171,171,171,171,0,0
BlueVolley,0035,/gpfs/work3/0/prjs0839/data/UVG_CWI_DQPC/UVG-CWI-DQPC/BlueVolley/cg/15fps/BlueVolley_UVG-CWI-DQPC_CG_15_0_170_0035.ply,/gpfs/work3/0/prjs0839/data/UVG_CWI_DQPC/UVG-CWI-DQPC/BlueVolley/he/15fps/BlueVolley_UVG-CWI-DQPC_HE_15_0_170_0035.ply,171,171,171,171,0,0
BlueVolley,0036,/gpfs/work3/0/prjs0839/data/UVG_CWI_DQPC/UVG-CWI-DQPC/BlueVolley/cg/15fps/BlueVolley_UVG-CWI-DQPC_CG_15_0_170_0036.ply,/gpfs/work3/0/prjs0839/data/UVG_CWI_DQPC/UVG-CWI-DQPC/BlueVolley/he/15fps/BlueVolley_UVG-CWI-DQPC_HE_15_0_170_0036.ply,171,171,171,171,0,0
BlueVolley,0037,/gpfs/work3/0/prjs0839/data/UVG_CWI_DQPC/UVG-CWI-DQPC/BlueVolley/cg/15fps/BlueVolley_UVG-CWI-DQPC_CG_15_0_170_0037.ply,/gpfs/work3/0/prjs0839/data/UVG_CWI_DQPC/UVG-CWI-DQPC/BlueVolley/he/15fps/BlueVolley_UVG-CWI-DQPC_HE_15_0_170_0037.ply,171,171,171,171,0,0
BlueVolley,0038,/gpfs/work3/0/prjs0839/data/UVG_CWI_DQPC/UVG-CWI-DQPC/BlueVolley/cg/15fps/BlueVolley_UVG-CWI-DQPC_CG_15_0_170_0038.ply,/gpfs/work3/0/prjs0839/data/UVG_CWI_DQPC/UVG-CWI-DQPC/BlueVolley/he/15fps/BlueVolley_UVG-CWI-DQPC_HE_15_0_170_0038.ply,171,171,171,171,0,0
BlueVolley,0039,/gpfs/work3/0/prjs0839/data/UVG_CWI_DQPC/UVG-CWI-DQPC/BlueVolley/cg/15fps/BlueVolley_UVG-CWI-DQPC_CG_15_0_170_0039.ply,/gpfs/work3/0/prjs0839/data/UVG_CWI_DQPC/UVG-CWI-DQPC/BlueVolley/he/15fps/BlueVolley_UVG-CWI-DQPC_HE_15_0_170_0039.ply,171,171,171,171,0,0
BlueVolley,0040,/gpfs/work3/0/prjs0839/data/UVG_CWI_DQPC/UVG-CWI-DQPC/BlueVolley/cg/15fps/BlueVolley_UVG-CWI-DQPC_CG_15_0_170_0040.ply,/gpfs/work3/0/prjs0839/data/UVG_CWI_DQPC/UVG-CWI-DQPC/BlueVolley/he/15fps/BlueVolley_UVG-CWI-DQPC_HE_15_0_170_0040.ply,171,171,171,171,0,0
BlueVolley,0041,/gpfs/work3/0/prjs0839/data/UVG_CWI_DQPC/UVG-CWI-DQPC/BlueVolley/cg/15fps/BlueVolley_UVG-CWI-DQPC_CG_15_0_170_0041.ply,/gpfs/work3/0/prjs0839/data/UVG_CWI_DQPC/UVG-CWI-DQPC/BlueVolley/he/15fps/BlueVolley_UVG-CWI-DQPC_HE_15_0_170_0041.ply,171,171,171,171,0,0
BlueVolley,0042,/gpfs/work3/0/prjs0839/data/UVG_CWI_DQPC/UVG-CWI-DQPC/BlueVolley/cg/15fps/BlueVolley_UVG-CWI-DQPC_CG_15_0_170_0042.ply,/gpfs/work3/0/prjs0839/data/UVG_CWI_DQPC/UVG-CWI-DQPC/BlueVolley/he/15fps/BlueVolley_UVG-CWI-DQPC_HE_15_0_170_0042.ply,171,171,171,171,0,0
BlueVolley,0043,/gpfs/work3/0/prjs0839/data/UVG_CWI_DQPC/UVG-CWI-DQPC/BlueVolley/cg/15fps/BlueVolley_UVG-CWI-DQPC_CG_15_0_170_0043.ply,/gpfs/work3/0/prjs0839/data/UVG_CWI_DQPC/UVG-CWI-DQPC/BlueVolley/he/15fps/BlueVolley_UVG-CWI-DQPC_HE_15_0_170_0043.ply,171,171,171,171,0,0
BlueVolley,0044,/gpfs/work3/0/prjs0839/data/UVG_CWI_DQPC/UVG-CWI-DQPC/BlueVolley/cg/15fps/BlueVolley_UVG-CWI-DQPC_CG_15_0_170_0044.ply,/gpfs/work3/0/prjs0839/data/UVG_CWI_DQPC/UVG-CWI-DQPC/BlueVolley/he/15fps/BlueVolley_UVG-CWI-DQPC_HE_15_0_170_0044.ply,171,171,171,171,0,0
BlueVolley,0045,/gpfs/work3/0/prjs0839/data/UVG_CWI_DQPC/UVG-CWI-DQPC/BlueVolley/cg/15fps/BlueVolley_UVG-CWI-DQPC_CG_15_0_170_0045.ply,/gpfs/work3/0/prjs0839/data/UVG_CWI_DQPC/UVG-CWI-DQPC/BlueVolley/he/15fps/BlueVolley_UVG-CWI-DQPC_HE_15_0_170_0045.ply,171,171,171,171,0,0
BlueVolley,0046,/gpfs/work3/0/prjs0839/data/UVG_CWI_DQPC/UVG-CWI-DQPC/BlueVolley/cg/15fps/BlueVolley_UVG-CWI-DQPC_CG_15_0_170_0046.ply,/gpfs/work3/0/prjs0839/data/UVG_CWI_DQPC/UVG-CWI-DQPC/BlueVolley/he/15fps/BlueVolley_UVG-CWI-DQPC_HE_15_0_170_0046.ply,171,171,171,171,0,0
BlueVolley,0047,/gpfs/work3/0/prjs0839/data/UVG_CWI_DQPC/UVG-CWI-DQPC/BlueVolley/cg/15fps/BlueVolley_UVG-CWI-DQPC_CG_15_0_170_0047.ply,/gpfs/work3/0/prjs0839/data/UVG_CWI_DQPC/UVG-CWI-DQPC/BlueVolley/he/15fps/BlueVolley_UVG-CWI-DQPC_HE_15_0_170_0047.ply,171,171,171,171,0,0
BlueVolley,0048,/gpfs/work3/0/prjs0839/data/UVG_CWI_DQPC/UVG-CWI-DQPC/BlueVolley/cg/15fps/BlueVolley_UVG-CWI-DQPC_CG_15_0_170_0048.ply,/gpfs/work3/0/prjs0839/data/UVG_CWI_DQPC/UVG-CWI-DQPC/BlueVolley/he/15fps/BlueVolley_UVG-CWI-DQPC_HE_15_0_170_0048.ply,171,171,171,171,0,0
BlueVolley,0049,/gpfs/work3/0/prjs0839/data/UVG_CWI_DQPC/UVG-CWI-DQPC/BlueVolley/cg/15fps/BlueVolley_UVG-CWI-DQPC_CG_15_0_170_0049.ply,/gpfs/work3/0/prjs0839/data/UVG_CWI_DQPC/UVG-CWI-DQPC/BlueVolley/he/15fps/BlueVolley_UVG-CWI-DQPC_HE_15_0_170_0049.ply,171,171,171,171,0,0
BlueVolley,0050,/gpfs/work3/0/prjs0839/data/UVG_CWI_DQPC/UVG-CWI-DQPC/BlueVolley/cg/15fps/BlueVolley_UVG-CWI-DQPC_CG_15_0_170_0050.ply,/gpfs/work3/0/prjs0839/data/UVG_CWI_DQPC/UVG-CWI-DQPC/BlueVolley/he/15fps/BlueVolley_UVG-CWI-DQPC_HE_15_0_170_0050.ply,171,171,171,171,0,0
BlueVolley,0051,/gpfs/work3/0/prjs0839/data/UVG_CWI_DQPC/UVG-CWI-DQPC/BlueVolley/cg/15fps/BlueVolley_UVG-CWI-DQPC_CG_15_0_170_0051.ply,/gpfs/work3/0/prjs0839/data/UVG_CWI_DQPC/UVG-CWI-DQPC/BlueVolley/he/15fps/BlueVolley_UVG-CWI-DQPC_HE_15_0_170_0051.ply,171,171,171,171,0,0
BlueVolley,0052,/gpfs/work3/0/prjs0839/data/UVG_CWI_DQPC/UVG-CWI-DQPC/BlueVolley/cg/15fps/BlueVolley_UVG-CWI-DQPC_CG_15_0_170_0052.ply,/gpfs/work3/0/prjs0839/data/UVG_CWI_DQPC/UVG-CWI-DQPC/BlueVolley/he/15fps/BlueVolley_UVG-CWI-DQPC_HE_15_0_170_0052.ply,171,171,171,171,0,0
BlueVolley,0053,/gpfs/work3/0/prjs0839/data/UVG_CWI_DQPC/UVG-CWI-DQPC/BlueVolley/cg/15fps/BlueVolley_UVG-CWI-DQPC_CG_15_0_170_0053.ply,/gpfs/work3/0/prjs0839/data/UVG_CWI_DQPC/UVG-CWI-DQPC/BlueVolley/he/15fps/BlueVolley_UVG-CWI-DQPC_HE_15_0_170_0053.ply,171,171,171,171,0,0
BlueVolley,0054,/gpfs/work3/0/prjs0839/data/UVG_CWI_DQPC/UVG-CWI-DQPC/BlueVolley/cg/15fps/BlueVolley_UVG-CWI-DQPC_CG_15_0_170_0054.ply,/gpfs/work3/0/prjs0839/data/UVG_CWI_DQPC/UVG-CWI-DQPC/BlueVolley/he/15fps/BlueVolley_UVG-CWI-DQPC_HE_15_0_170_0054.ply,171,171,171,171,0,0
BlueVolley,0055,/gpfs/work3/0/prjs0839/data/UVG_CWI_DQPC/UVG-CWI-DQPC/BlueVolley/cg/15fps/BlueVolley_UVG-CWI-DQPC_CG_15_0_170_0055.ply,/gpfs/work3/0/prjs0839/data/UVG_CWI_DQPC/UVG-CWI-DQPC/BlueVolley/he/15fps/BlueVolley_UVG-CWI-DQPC_HE_15_0_170_0055.ply,171,171,171,171,0,0
BlueVolley,0056,/gpfs/work3/0/prjs0839/data/UVG_CWI_DQPC/UVG-CWI-DQPC/BlueVolley/cg/15fps/BlueVolley_UVG-CWI-DQPC_CG_15_0_170_0056.ply,/gpfs/work3/0/prjs0839/data/UVG_CWI_DQPC/UVG-CWI-DQPC/BlueVolley/he/15fps/BlueVolley_UVG-CWI-DQPC_HE_15_0_170_0056.ply,171,171,171,171,0,0
BlueVolley,0057,/gpfs/work3/0/prjs0839/data/UVG_CWI_DQPC/UVG-CWI-DQPC/BlueVolley/cg/15fps/BlueVolley_UVG-CWI-DQPC_CG_15_0_170_0057.ply,/gpfs/work3/0/prjs0839/data/UVG_CWI_DQPC/UVG-CWI-DQPC/BlueVolley/he/15fps/BlueVolley_UVG-CWI-DQPC_HE_15_0_170_0057.ply,171,171,171,171,0,0
BlueVolley,0058,/gpfs/work3/0/prjs0839/data/UVG_CWI_DQPC/UVG-CWI-DQPC/BlueVolley/cg/15fps/BlueVolley_UVG-CWI-DQPC_CG_15_0_170_0058.ply,/gpfs/work3/0/prjs0839/data/UVG_CWI_DQPC/UVG-CWI-DQPC/BlueVolley/he/15fps/BlueVolley_UVG-CWI-DQPC_HE_15_0_170_0058.ply,171,171,171,171,0,0
BlueVolley,0059,/gpfs/work3/0/prjs0839/data/UVG_CWI_DQPC/UVG-CWI-DQPC/BlueVolley/cg/15fps/BlueVolley_UVG-CWI-DQPC_CG_15_0_170_0059.ply,/gpfs/work3/0/prjs0839/data/UVG_CWI_DQPC/UVG-CWI-DQPC/BlueVolley/he/15fps/BlueVolley_UVG-CWI-DQPC_HE_15_0_170_0059.ply,171,171,171,171,0,0
BlueVolley,0060,/gpfs/work3/0/prjs0839/data/UVG_CWI_DQPC/UVG-CWI-DQPC/BlueVolley/cg/15fps/BlueVolley_UVG-CWI-DQPC_CG_15_0_170_0060.ply,/gpfs/work3/0/prjs0839/data/UVG_CWI_DQPC/UVG-CWI-DQPC/BlueVolley/he/15fps/BlueVolley_UVG-CWI-DQPC_HE_15_0_170_0060.ply,171,171,171,171,0,0
BlueVolley,0061,/gpfs/work3/0/prjs0839/data/UVG_CWI_DQPC/UVG-CWI-DQPC/BlueVolley/cg/15fps/BlueVolley_UVG-CWI-DQPC_CG_15_0_170_0061.ply,/gpfs/work3/0/prjs0839/data/UVG_CWI_DQPC/UVG-CWI-DQPC/BlueVolley/he/15fps/BlueVolley_UVG-CWI-DQPC_HE_15_0_170_0061.ply,171,171,171,171,0,0
BlueVolley,0062,/gpfs/work3/0/prjs0839/data/UVG_CWI_DQPC/UVG-CWI-DQPC/BlueVolley/cg/15fps/BlueVolley_UVG-CWI-DQPC_CG_15_0_170_0062.ply,/gpfs/work3/0/prjs0839/data/UVG_CWI_DQPC/UVG-CWI-DQPC/BlueVolley/he/15fps/BlueVolley_UVG-CWI-DQPC_HE_15_0_170_0062.ply,171,171,171,171,0,0
BlueVolley,0063,/gpfs/work3/0/prjs0839/data/UVG_CWI_DQPC/UVG-CWI-DQPC/BlueVolley/cg/15fps/BlueVolley_UVG-CWI-DQPC_CG_15_0_170_0063.ply,/gpfs/work3/0/prjs0839/data/UVG_CWI_DQPC/UVG-CWI-DQPC/BlueVolley/he/15fps/BlueVolley_UVG-CWI-DQPC_HE_15_0_170_0063.ply,171,171,171,171,0,0
BlueVolley,0064,/gpfs/work3/0/prjs0839/data/UVG_CWI_DQPC/UVG-CWI-DQPC/BlueVolley/cg/15fps/BlueVolley_UVG-CWI-DQPC_CG_15_0_170_0064.ply,/gpfs/work3/0/prjs0839/data/UVG_CWI_DQPC/UVG-CWI-DQPC/BlueVolley/he/15fps/BlueVolley_UVG-CWI-DQPC_HE_15_0_170_0064.ply,171,171,171,171,0,0
BlueVolley,0065,/gpfs/work3/0/prjs0839/data/UVG_CWI_DQPC/UVG-CWI-DQPC/BlueVolley/cg/15fps/BlueVolley_UVG-CWI-DQPC_CG_15_0_170_0065.ply,/gpfs/work3/0/prjs0839/data/UVG_CWI_DQPC/UVG-CWI-DQPC/BlueVolley/he/15fps/BlueVolley_UVG-CWI-DQPC_HE_15_0_170_0065.ply,171,171,171,171,0,0
BlueVolley,0066,/gpfs/work3/0/prjs0839/data/UVG_CWI_DQPC/UVG-CWI-DQPC/BlueVolley/cg/15fps/BlueVolley_UVG-CWI-DQPC_CG_15_0_170_0066.ply,/gpfs/work3/0/prjs0839/data/UVG_CWI_DQPC/UVG-CWI-DQPC/BlueVolley/he/15fps/BlueVolley_UVG-CWI-DQPC_HE_15_0_170_0066.ply,171,171,171,171,0,0
BlueVolley,0067,/gpfs/work3/0/prjs0839/data/UVG_CWI_DQPC/UVG-CWI-DQPC/BlueVolley/cg/15fps/BlueVolley_UVG-CWI-DQPC_CG_15_0_170_0067.ply,/gpfs/work3/0/prjs0839/data/UVG_CWI_DQPC/UVG-CWI-DQPC/BlueVolley/he/15fps/BlueVolley_UVG-CWI-DQPC_HE_15_0_170_0067.ply,171,171,171,171,0,0
BlueVolley,0068,/gpfs/work3/0/prjs0839/data/UVG_CWI_DQPC/UVG-CWI-DQPC/BlueVolley/cg/15fps/BlueVolley_UVG-CWI-DQPC_CG_15_0_170_0068.ply,/gpfs/work3/0/prjs0839/data/UVG_CWI_DQPC/UVG-CWI-DQPC/BlueVolley/he/15fps/BlueVolley_UVG-CWI-DQPC_HE_15_0_170_0068.ply,171,171,171,171,0,0
BlueVolley,0069,/gpfs/work3/0/prjs0839/data/UVG_CWI_DQPC/UVG-CWI-DQPC/BlueVolley/cg/15fps/BlueVolley_UVG-CWI-DQPC_CG_15_0_170_0069.ply,/gpfs/work3/0/prjs0839/data/UVG_CWI_DQPC/UVG-CWI-DQPC/BlueVolley/he/15fps/BlueVolley_UVG-CWI-DQPC_HE_15_0_170_0069.ply,171,171,171,171,0,0
BlueVolley,0070,/gpfs/work3/0/prjs0839/data/UVG_CWI_DQPC/UVG-CWI-DQPC/BlueVolley/cg/15fps/BlueVolley_UVG-CWI-DQPC_CG_15_0_170_0070.ply,/gpfs/work3/0/prjs0839/data/UVG_CWI_DQPC/UVG-CWI-DQPC/BlueVolley/he/15fps/BlueVolley_UVG-CWI-DQPC_HE_15_0_170_0070.ply,171,171,171,171,0,0
BlueVolley,0071,/gpfs/work3/0/prjs0839/data/UVG_CWI_DQPC/UVG-CWI-DQPC/BlueVolley/cg/15fps/BlueVolley_UVG-CWI-DQPC_CG_15_0_170_0071.ply,/gpfs/work3/0/prjs0839/data/UVG_CWI_DQPC/UVG-CWI-DQPC/BlueVolley/he/15fps/BlueVolley_UVG-CWI-DQPC_HE_15_0_170_0071.ply,171,171,171,171,0,0
BlueVolley,0072,/gpfs/work3/0/prjs0839/data/UVG_CWI_DQPC/UVG-CWI-DQPC/BlueVolley/cg/15fps/BlueVolley_UVG-CWI-DQPC_CG_15_0_170_0072.ply,/gpfs/work3/0/prjs0839/data/UVG_CWI_DQPC/UVG-CWI-DQPC/BlueVolley/he/15fps/BlueVolley_UVG-CWI-DQPC_HE_15_0_170_0072.ply,171,171,171,171,0,0
BlueVolley,0073,/gpfs/work3/0/prjs0839/data/UVG_CWI_DQPC/UVG-CWI-DQPC/BlueVolley/cg/15fps/BlueVolley_UVG-CWI-DQPC_CG_15_0_170_0073.ply,/gpfs/work3/0/prjs0839/data/UVG_CWI_DQPC/UVG-CWI-DQPC/BlueVolley/he/15fps/BlueVolley_UVG-CWI-DQPC_HE_15_0_170_0073.ply,171,171,171,171,0,0
BlueVolley,0074,/gpfs/work3/0/prjs0839/data/UVG_CWI_DQPC/UVG-CWI-DQPC/BlueVolley/cg/15fps/BlueVolley_UVG-CWI-DQPC_CG_15_0_170_0074.ply,/gpfs/work3/0/prjs0839/data/UVG_CWI_DQPC/UVG-CWI-DQPC/BlueVolley/he/15fps/BlueVolley_UVG-CWI-DQPC_HE_15_0_170_0074.ply,171,171,171,171,0,0
BlueVolley,0075,/gpfs/work3/0/prjs0839/data/UVG_CWI_DQPC/UVG-CWI-DQPC/BlueVolley/cg/15fps/BlueVolley_UVG-CWI-DQPC_CG_15_0_170_0075.ply,/gpfs/work3/0/prjs0839/data/UVG_CWI_DQPC/UVG-CWI-DQPC/BlueVolley/he/15fps/BlueVolley_UVG-CWI-DQPC_HE_15_0_170_0075.ply,171,171,171,171,0,0
BlueVolley,0076,/gpfs/work3/0/prjs0839/data/UVG_CWI_DQPC/UVG-CWI-DQPC/BlueVolley/cg/15fps/BlueVolley_UVG-CWI-DQPC_CG_15_0_170_0076.ply,/gpfs/work3/0/prjs0839/data/UVG_CWI_DQPC/UVG-CWI-DQPC/BlueVolley/he/15fps/BlueVolley_UVG-CWI-DQPC_HE_15_0_170_0076.ply,171,171,171,171,0,0
BlueVolley,0077,/gpfs/work3/0/prjs0839/data/UVG_CWI_DQPC/UVG-CWI-DQPC/BlueVolley/cg/15fps/BlueVolley_UVG-CWI-DQPC_CG_15_0_170_0077.ply,/gpfs/work3/0/prjs0839/data/UVG_CWI_DQPC/UVG-CWI-DQPC/BlueVolley/he/15fps/BlueVolley_UVG-CWI-DQPC_HE_15_0_170_0077.ply,171,171,171,171,0,0
BlueVolley,0078,/gpfs/work3/0/prjs0839/data/UVG_CWI_DQPC/UVG-CWI-DQPC/BlueVolley/cg/15fps/BlueVolley_UVG-CWI-DQPC_CG_15_0_170_0078.ply,/gpfs/work3/0/prjs0839/data/UVG_CWI_DQPC/UVG-CWI-DQPC/BlueVolley/he/15fps/BlueVolley_UVG-CWI-DQPC_HE_15_0_170_0078.ply,171,171,171,171,0,0
BlueVolley,0079,/gpfs/work3/0/prjs0839/data/UVG_CWI_DQPC/UVG-CWI-DQPC/BlueVolley/cg/15fps/BlueVolley_UVG-CWI-DQPC_CG_15_0_170_0079.ply,/gpfs/work3/0/prjs0839/data/UVG_CWI_DQPC/UVG-CWI-DQPC/BlueVolley/he/15fps/BlueVolley_UVG-CWI-DQPC_HE_15_0_170_0079.ply,171,171,171,171,0,0
BlueVolley,0080,/gpfs/work3/0/prjs0839/data/UVG_CWI_DQPC/UVG-CWI-DQPC/BlueVolley/cg/15fps/BlueVolley_UVG-CWI-DQPC_CG_15_0_170_0080.ply,/gpfs/work3/0/prjs0839/data/UVG_CWI_DQPC/UVG-CWI-DQPC/BlueVolley/he/15fps/BlueVolley_UVG-CWI-DQPC_HE_15_0_170_0080.ply,171,171,171,171,0,0
BlueVolley,0081,/gpfs/work3/0/prjs0839/data/UVG_CWI_DQPC/UVG-CWI-DQPC/BlueVolley/cg/15fps/BlueVolley_UVG-CWI-DQPC_CG_15_0_170_0081.ply,/gpfs/work3/0/prjs0839/data/UVG_CWI_DQPC/UVG-CWI-DQPC/BlueVolley/he/15fps/BlueVolley_UVG-CWI-DQPC_HE_15_0_170_0081.ply,171,171,171,171,0,0
BlueVolley,0082,/gpfs/work3/0/prjs0839/data/UVG_CWI_DQPC/UVG-CWI-DQPC/BlueVolley/cg/15fps/BlueVolley_UVG-CWI-DQPC_CG_15_0_170_0082.ply,/gpfs/work3/0/prjs0839/data/UVG_CWI_DQPC/UVG-CWI-DQPC/BlueVolley/he/15fps/BlueVolley_UVG-CWI-DQPC_HE_15_0_170_0082.ply,171,171,171,171,0,0
BlueVolley,0083,/gpfs/work3/0/prjs0839/data/UVG_CWI_DQPC/UVG-CWI-DQPC/BlueVolley/cg/15fps/BlueVolley_UVG-CWI-DQPC_CG_15_0_170_0083.ply,/gpfs/work3/0/prjs0839/data/UVG_CWI_DQPC/UVG-CWI-DQPC/BlueVolley/he/15fps/BlueVolley_UVG-CWI-DQPC_HE_15_0_170_0083.ply,171,171,171,171,0,0
BlueVolley,0084,/gpfs/work3/0/prjs0839/data/UVG_CWI_DQPC/UVG-CWI-DQPC/BlueVolley/cg/15fps/BlueVolley_UVG-CWI-DQPC_CG_15_0_170_0084.ply,/gpfs/work3/0/prjs0839/data/UVG_CWI_DQPC/UVG-CWI-DQPC/BlueVolley/he/15fps/BlueVolley_UVG-CWI-DQPC_HE_15_0_170_0084.ply,171,171,171,171,0,0
BlueVolley,0085,/gpfs/work3/0/prjs0839/data/UVG_CWI_DQPC/UVG-CWI-DQPC/BlueVolley/cg/15fps/BlueVolley_UVG-CWI-DQPC_CG_15_0_170_0085.ply,/gpfs/work3/0/prjs0839/data/UVG_CWI_DQPC/UVG-CWI-DQPC/BlueVolley/he/15fps/BlueVolley_UVG-CWI-DQPC_HE_15_0_170_0085.ply,171,171,171,171,0,0
BlueVolley,0086,/gpfs/work3/0/prjs0839/data/UVG_CWI_DQPC/UVG-CWI-DQPC/BlueVolley/cg/15fps/BlueVolley_UVG-CWI-DQPC_CG_15_0_170_0086.ply,/gpfs/work3/0/prjs0839/data/UVG_CWI_DQPC/UVG-CWI-DQPC/BlueVolley/he/15fps/BlueVolley_UVG-CWI-DQPC_HE_15_0_170_0086.ply,171,171,171,171,0,0
BlueVolley,0087,/gpfs/work3/0/prjs0839/data/UVG_CWI_DQPC/UVG-CWI-DQPC/BlueVolley/cg/15fps/BlueVolley_UVG-CWI-DQPC_CG_15_0_170_0087.ply,/gpfs/work3/0/prjs0839/data/UVG_CWI_DQPC/UVG-CWI-DQPC/BlueVolley/he/15fps/BlueVolley_UVG-CWI-DQPC_HE_15_0_170_0087.ply,171,171,171,171,0,0
BlueVolley,0088,/gpfs/work3/0/prjs0839/data/UVG_CWI_DQPC/UVG-CWI-DQPC/BlueVolley/cg/15fps/BlueVolley_UVG-CWI-DQPC_CG_15_0_170_0088.ply,/gpfs/work3/0/prjs0839/data/UVG_CWI_DQPC/UVG-CWI-DQPC/BlueVolley/he/15fps/BlueVolley_UVG-CWI-DQPC_HE_15_0_170_0088.ply,171,171,171,171,0,0
BlueVolley,0089,/gpfs/work3/0/prjs0839/data/UVG_CWI_DQPC/UVG-CWI-DQPC/BlueVolley/cg/15fps/BlueVolley_UVG-CWI-DQPC_CG_15_0_170_0089.ply,/gpfs/work3/0/prjs0839/data/UVG_CWI_DQPC/UVG-CWI-DQPC/BlueVolley/he/15fps/BlueVolley_UVG-CWI-DQPC_HE_15_0_170_0089.ply,171,171,171,171,0,0
BlueVolley,0090,/gpfs/work3/0/prjs0839/data/UVG_CWI_DQPC/UVG-CWI-DQPC/BlueVolley/cg/15fps/BlueVolley_UVG-CWI-DQPC_CG_15_0_170_0090.ply,/gpfs/work3/0/prjs0839/data/UVG_CWI_DQPC/UVG-CWI-DQPC/BlueVolley/he/15fps/BlueVolley_UVG-CWI-DQPC_HE_15_0_170_0090.ply,171,171,171,171,0,0
BlueVolley,0091,/gpfs/work3/0/prjs0839/data/UVG_CWI_DQPC/UVG-CWI-DQPC/BlueVolley/cg/15fps/BlueVolley_UVG-CWI-DQPC_CG_15_0_170_0091.ply,/gpfs/work3/0/prjs0839/data/UVG_CWI_DQPC/UVG-CWI-DQPC/BlueVolley/he/15fps/BlueVolley_UVG-CWI-DQPC_HE_15_0_170_0091.ply,171,171,171,171,0,0
BlueVolley,0092,/gpfs/work3/0/prjs0839/data/UVG_CWI_DQPC/UVG-CWI-DQPC/BlueVolley/cg/15fps/BlueVolley_UVG-CWI-DQPC_CG_15_0_170_0092.ply,/gpfs/work3/0/prjs0839/data/UVG_CWI_DQPC/UVG-CWI-DQPC/BlueVolley/he/15fps/BlueVolley_UVG-CWI-DQPC_HE_15_0_170_0092.ply,171,171,171,171,0,0
BlueVolley,0093,/gpfs/work3/0/prjs0839/data/UVG_CWI_DQPC/UVG-CWI-DQPC/BlueVolley/cg/15fps/BlueVolley_UVG-CWI-DQPC_CG_15_0_170_0093.ply,/gpfs/work3/0/prjs0839/data/UVG_CWI_DQPC/UVG-CWI-DQPC/BlueVolley/he/15fps/BlueVolley_UVG-CWI-DQPC_HE_15_0_170_0093.ply,171,171,171,171,0,0
BlueVolley,0094,/gpfs/work3/0/prjs0839/data/UVG_CWI_DQPC/UVG-CWI-DQPC/BlueVolley/cg/15fps/BlueVolley_UVG-CWI-DQPC_CG_15_0_170_0094.ply,/gpfs/work3/0/prjs0839/data/UVG_CWI_DQPC/UVG-CWI-DQPC/BlueVolley/he/15fps/BlueVolley_UVG-CWI-DQPC_HE_15_0_170_0094.ply,171,171,171,171,0,0
BlueVolley,0095,/gpfs/work3/0/prjs0839/data/UVG_CWI_DQPC/UVG-CWI-DQPC/BlueVolley/cg/15fps/BlueVolley_UVG-CWI-DQPC_CG_15_0_170_0095.ply,/gpfs/work3/0/prjs0839/data/UVG_CWI_DQPC/UVG-CWI-DQPC/BlueVolley/he/15fps/BlueVolley_UVG-CWI-DQPC_HE_15_0_170_0095.ply,171,171,171,171,0,0
BlueVolley,0096,/gpfs/work3/0/prjs0839/data/UVG_CWI_DQPC/UVG-CWI-DQPC/BlueVolley/cg/15fps/BlueVolley_UVG-CWI-DQPC_CG_15_0_170_0096.ply,/gpfs/work3/0/prjs0839/data/UVG_CWI_DQPC/UVG-CWI-DQPC/BlueVolley/he/15fps/BlueVolley_UVG-CWI-DQPC_HE_15_0_170_0096.ply,171,171,171,171,0,0
BlueVolley,0097,/gpfs/work3/0/prjs0839/data/UVG_CWI_DQPC/UVG-CWI-DQPC/BlueVolley/cg/15fps/BlueVolley_UVG-CWI-DQPC_CG_15_0_170_0097.ply,/gpfs/work3/0/prjs0839/data/UVG_CWI_DQPC/UVG-CWI-DQPC/BlueVolley/he/15fps/BlueVolley_UVG-CWI-DQPC_HE_15_0_170_0097.ply,171,171,171,171,0,0
BlueVolley,0098,/gpfs/work3/0/prjs0839/data/UVG_CWI_DQPC/UVG-CWI-DQPC/BlueVolley/cg/15fps/BlueVolley_UVG-CWI-DQPC_CG_15_0_170_0098.ply,/gpfs/work3/0/prjs0839/data/UVG_CWI_DQPC/UVG-CWI-DQPC/BlueVolley/he/15fps/BlueVolley_UVG-CWI-DQPC_HE_15_0_170_0098.ply,171,171,171,171,0,0
BlueVolley,0099,/gpfs/work3/0/prjs0839/data/UVG_CWI_DQPC/UVG-CWI-DQPC/BlueVolley/cg/15fps/BlueVolley_UVG-CWI-DQPC_CG_15_0_170_0099.ply,/gpfs/work3/0/prjs0839/data/UVG_CWI_DQPC/UVG-CWI-DQPC/BlueVolley/he/15fps/BlueVolley_UVG-CWI-DQPC_HE_15_0_170_0099.ply,171,171,171,171,0,0
BlueVolley,0100,/gpfs/work3/0/prjs0839/data/UVG_CWI_DQPC/UVG-CWI-DQPC/BlueVolley/cg/15fps/BlueVolley_UVG-CWI-DQPC_CG_15_0_170_0100.ply,/gpfs/work3/0/prjs0839/data/UVG_CWI_DQPC/UVG-CWI-DQPC/BlueVolley/he/15fps/BlueVolley_UVG-CWI-DQPC_HE_15_0_170_0100.ply,171,171,171,171,0,0
BlueVolley,0101,/gpfs/work3/0/prjs0839/data/UVG_CWI_DQPC/UVG-CWI-DQPC/BlueVolley/cg/15fps/BlueVolley_UVG-CWI-DQPC_CG_15_0_170_0101.ply,/gpfs/work3/0/prjs0839/data/UVG_CWI_DQPC/UVG-CWI-DQPC/BlueVolley/he/15fps/BlueVolley_UVG-CWI-DQPC_HE_15_0_170_0101.ply,171,171,171,171,0,0
BlueVolley,0102,/gpfs/work3/0/prjs0839/data/UVG_CWI_DQPC/UVG-CWI-DQPC/BlueVolley/cg/15fps/BlueVolley_UVG-CWI-DQPC_CG_15_0_170_0102.ply,/gpfs/work3/0/prjs0839/data/UVG_CWI_DQPC/UVG-CWI-DQPC/BlueVolley/he/15fps/BlueVolley_UVG-CWI-DQPC_HE_15_0_170_0102.ply,171,171,171,171,0,0
BlueVolley,0103,/gpfs/work3/0/prjs0839/data/UVG_CWI_DQPC/UVG-CWI-DQPC/BlueVolley/cg/15fps/BlueVolley_UVG-CWI-DQPC_CG_15_0_170_0103.ply,/gpfs/work3/0/prjs0839/data/UVG_CWI_DQPC/UVG-CWI-DQPC/BlueVolley/he/15fps/BlueVolley_UVG-CWI-DQPC_HE_15_0_170_0103.ply,171,171,171,171,0,0
BlueVolley,0104,/gpfs/work3/0/prjs0839/data/UVG_CWI_DQPC/UVG-CWI-DQPC/BlueVolley/cg/15fps/BlueVolley_UVG-CWI-DQPC_CG_15_0_170_0104.ply,/gpfs/work3/0/prjs0839/data/UVG_CWI_DQPC/UVG-CWI-DQPC/BlueVolley/he/15fps/BlueVolley_UVG-CWI-DQPC_HE_15_0_170_0104.ply,171,171,171,171,0,0
BlueVolley,0105,/gpfs/work3/0/prjs0839/data/UVG_CWI_DQPC/UVG-CWI-DQPC/BlueVolley/cg/15fps/BlueVolley_UVG-CWI-DQPC_CG_15_0_170_0105.ply,/gpfs/work3/0/prjs0839/data/UVG_CWI_DQPC/UVG-CWI-DQPC/BlueVolley/he/15fps/BlueVolley_UVG-CWI-DQPC_HE_15_0_170_0105.ply,171,171,171,171,0,0
BlueVolley,0106,/gpfs/work3/0/prjs0839/data/UVG_CWI_DQPC/UVG-CWI-DQPC/BlueVolley/cg/15fps/BlueVolley_UVG-CWI-DQPC_CG_15_0_170_0106.ply,/gpfs/work3/0/prjs0839/data/UVG_CWI_DQPC/UVG-CWI-DQPC/BlueVolley/he/15fps/BlueVolley_UVG-CWI-DQPC_HE_15_0_170_0106.ply,171,171,171,171,0,0
BlueVolley,0107,/gpfs/work3/0/prjs0839/data/UVG_CWI_DQPC/UVG-CWI-DQPC/BlueVolley/cg/15fps/BlueVolley_UVG-CWI-DQPC_CG_15_0_170_0107.ply,/gpfs/work3/0/prjs0839/data/UVG_CWI_DQPC/UVG-CWI-DQPC/BlueVolley/he/15fps/BlueVolley_UVG-CWI-DQPC_HE_15_0_170_0107.ply,171,171,171,171,0,0
BlueVolley,0108,/gpfs/work3/0/prjs0839/data/UVG_CWI_DQPC/UVG-CWI-DQPC/BlueVolley/cg/15fps/BlueVolley_UVG-CWI-DQPC_CG_15_0_170_0108.ply,/gpfs/work3/0/prjs0839/data/UVG_CWI_DQPC/UVG-CWI-DQPC/BlueVolley/he/15fps/BlueVolley_UVG-CWI-DQPC_HE_15_0_170_0108.ply,171,171,171,171,0,0
BlueVolley,0109,/gpfs/work3/0/prjs0839/data/UVG_CWI_DQPC/UVG-CWI-DQPC/BlueVolley/cg/15fps/BlueVolley_UVG-CWI-DQPC_CG_15_0_170_0109.ply,/gpfs/work3/0/prjs0839/data/UVG_CWI_DQPC/UVG-CWI-DQPC/BlueVolley/he/15fps/BlueVolley_UVG-CWI-DQPC_HE_15_0_170_0109.ply,171,171,171,171,0,0
BlueVolley,0110,/gpfs/work3/0/prjs0839/data/UVG_CWI_DQPC/UVG-CWI-DQPC/BlueVolley/cg/15fps/BlueVolley_UVG-CWI-DQPC_CG_15_0_170_0110.ply,/gpfs/work3/0/prjs0839/data/UVG_CWI_DQPC/UVG-CWI-DQPC/BlueVolley/he/15fps/BlueVolley_UVG-CWI-DQPC_HE_15_0_170_0110.ply,171,171,171,171,0,0
BlueVolley,0111,/gpfs/work3/0/prjs0839/data/UVG_CWI_DQPC/UVG-CWI-DQPC/BlueVolley/cg/15fps/BlueVolley_UVG-CWI-DQPC_CG_15_0_170_0111.ply,/gpfs/work3/0/prjs0839/data/UVG_CWI_DQPC/UVG-CWI-DQPC/BlueVolley/he/15fps/BlueVolley_UVG-CWI-DQPC_HE_15_0_170_0111.ply,171,171,171,171,0,0
BlueVolley,0112,/gpfs/work3/0/prjs0839/data/UVG_CWI_DQPC/UVG-CWI-DQPC/BlueVolley/cg/15fps/BlueVolley_UVG-CWI-DQPC_CG_15_0_170_0112.ply,/gpfs/work3/0/prjs0839/data/UVG_CWI_DQPC/UVG-CWI-DQPC/BlueVolley/he/15fps/BlueVolley_UVG-CWI-DQPC_HE_15_0_170_0112.ply,171,171,171,171,0,0
BlueVolley,0113,/gpfs/work3/0/prjs0839/data/UVG_CWI_DQPC/UVG-CWI-DQPC/BlueVolley/cg/15fps/BlueVolley_UVG-CWI-DQPC_CG_15_0_170_0113.ply,/gpfs/work3/0/prjs0839/data/UVG_CWI_DQPC/UVG-CWI-DQPC/BlueVolley/he/15fps/BlueVolley_UVG-CWI-DQPC_HE_15_0_170_0113.ply,171,171,171,171,0,0
BlueVolley,0114,/gpfs/work3/0/prjs0839/data/UVG_CWI_DQPC/UVG-CWI-DQPC/BlueVolley/cg/15fps/BlueVolley_UVG-CWI-DQPC_CG_15_0_170_0114.ply,/gpfs/work3/0/prjs0839/data/UVG_CWI_DQPC/UVG-CWI-DQPC/BlueVolley/he/15fps/BlueVolley_UVG-CWI-DQPC_HE_15_0_170_0114.ply,171,171,171,171,0,0
BlueVolley,0115,/gpfs/work3/0/prjs0839/data/UVG_CWI_DQPC/UVG-CWI-DQPC/BlueVolley/cg/15fps/BlueVolley_UVG-CWI-DQPC_CG_15_0_170_0115.ply,/gpfs/work3/0/prjs0839/data/UVG_CWI_DQPC/UVG-CWI-DQPC/BlueVolley/he/15fps/BlueVolley_UVG-CWI-DQPC_HE_15_0_170_0115.ply,171,171,171,171,0,0
BlueVolley,0116,/gpfs/work3/0/prjs0839/data/UVG_CWI_DQPC/UVG-CWI-DQPC/BlueVolley/cg/15fps/BlueVolley_UVG-CWI-DQPC_CG_15_0_170_0116.ply,/gpfs/work3/0/prjs0839/data/UVG_CWI_DQPC/UVG-CWI-DQPC/BlueVolley/he/15fps/BlueVolley_UVG-CWI-DQPC_HE_15_0_170_0116.ply,171,171,171,171,0,0
BlueVolley,0117,/gpfs/work3/0/prjs0839/data/UVG_CWI_DQPC/UVG-CWI-DQPC/BlueVolley/cg/15fps/BlueVolley_UVG-CWI-DQPC_CG_15_0_170_0117.ply,/gpfs/work3/0/prjs0839/data/UVG_CWI_DQPC/UVG-CWI-DQPC/BlueVolley/he/15fps/BlueVolley_UVG-CWI-DQPC_HE_15_0_170_0117.ply,171,171,171,171,0,0
BlueVolley,0118,/gpfs/work3/0/prjs0839/data/UVG_CWI_DQPC/UVG-CWI-DQPC/BlueVolley/cg/15fps/BlueVolley_UVG-CWI-DQPC_CG_15_0_170_0118.ply,/gpfs/work3/0/prjs0839/data/UVG_CWI_DQPC/UVG-CWI-DQPC/BlueVolley/he/15fps/BlueVolley_UVG-CWI-DQPC_HE_15_0_170_0118.ply,171,171,171,171,0,0
BlueVolley,0119,/gpfs/work3/0/prjs0839/data/UVG_CWI_DQPC/UVG-CWI-DQPC/BlueVolley/cg/15fps/BlueVolley_UVG-CWI-DQPC_CG_15_0_170_0119.ply,/gpfs/work3/0/prjs0839/data/UVG_CWI_DQPC/UVG-CWI-DQPC/BlueVolley/he/15fps/BlueVolley_UVG-CWI-DQPC_HE_15_0_170_0119.ply,171,171,171,171,0,0
BlueVolley,0120,/gpfs/work3/0/prjs0839/data/UVG_CWI_DQPC/UVG-CWI-DQPC/BlueVolley/cg/15fps/BlueVolley_UVG-CWI-DQPC_CG_15_0_170_0120.ply,/gpfs/work3/0/prjs0839/data/UVG_CWI_DQPC/UVG-CWI-DQPC/BlueVolley/he/15fps/BlueVolley_UVG-CWI-DQPC_HE_15_0_170_0120.ply,171,171,171,171,0,0
BlueVolley,0121,/gpfs/work3/0/prjs0839/data/UVG_CWI_DQPC/UVG-CWI-DQPC/BlueVolley/cg/15fps/BlueVolley_UVG-CWI-DQPC_CG_15_0_170_0121.ply,/gpfs/work3/0/prjs0839/data/UVG_CWI_DQPC/UVG-CWI-DQPC/BlueVolley/he/15fps/BlueVolley_UVG-CWI-DQPC_HE_15_0_170_0121.ply,171,171,171,171,0,0
BlueVolley,0122,/gpfs/work3/0/prjs0839/data/UVG_CWI_DQPC/UVG-CWI-DQPC/BlueVolley/cg/15fps/BlueVolley_UVG-CWI-DQPC_CG_15_0_170_0122.ply,/gpfs/work3/0/prjs0839/data/UVG_CWI_DQPC/UVG-CWI-DQPC/BlueVolley/he/15fps/BlueVolley_UVG-CWI-DQPC_HE_15_0_170_0122.ply,171,171,171,171,0,0
BlueVolley,0123,/gpfs/work3/0/prjs0839/data/UVG_CWI_DQPC/UVG-CWI-DQPC/BlueVolley/cg/15fps/BlueVolley_UVG-CWI-DQPC_CG_15_0_170_0123.ply,/gpfs/work3/0/prjs0839/data/UVG_CWI_DQPC/UVG-CWI-DQPC/BlueVolley/he/15fps/BlueVolley_UVG-CWI-DQPC_HE_15_0_170_0123.ply,171,171,171,171,0,0
BlueVolley,0124,/gpfs/work3/0/prjs0839/data/UVG_CWI_DQPC/UVG-CWI-DQPC/BlueVolley/cg/15fps/BlueVolley_UVG-CWI-DQPC_CG_15_0_170_0124.ply,/gpfs/work3/0/prjs0839/data/UVG_CWI_DQPC/UVG-CWI-DQPC/BlueVolley/he/15fps/BlueVolley_UVG-CWI-DQPC_HE_15_0_170_0124.ply,171,171,171,171,0,0
BlueVolley,0125,/gpfs/work3/0/prjs0839/data/UVG_CWI_DQPC/UVG-CWI-DQPC/BlueVolley/cg/15fps/BlueVolley_UVG-CWI-DQPC_CG_15_0_170_0125.ply,/gpfs/work3/0/prjs0839/data/UVG_CWI_DQPC/UVG-CWI-DQPC/BlueVolley/he/15fps/BlueVolley_UVG-CWI-DQPC_HE_15_0_170_0125.ply,171,171,171,171,0,0
BlueVolley,0126,/gpfs/work3/0/prjs0839/data/UVG_CWI_DQPC/UVG-CWI-DQPC/BlueVolley/cg/15fps/BlueVolley_UVG-CWI-DQPC_CG_15_0_170_0126.ply,/gpfs/work3/0/prjs0839/data/UVG_CWI_DQPC/UVG-CWI-DQPC/BlueVolley/he/15fps/BlueVolley_UVG-CWI-DQPC_HE_15_0_170_0126.ply,171,171,171,171,0,0
BlueVolley,0127,/gpfs/work3/0/prjs0839/data/UVG_CWI_DQPC/UVG-CWI-DQPC/BlueVolley/cg/15fps/BlueVolley_UVG-CWI-DQPC_CG_15_0_170_0127.ply,/gpfs/work3/0/prjs0839/data/UVG_CWI_DQPC/UVG-CWI-DQPC/BlueVolley/he/15fps/BlueVolley_UVG-CWI-DQPC_HE_15_0_170_0127.ply,171,171,171,171,0,0
BlueVolley,0128,/gpfs/work3/0/prjs0839/data/UVG_CWI_DQPC/UVG-CWI-DQPC/BlueVolley/cg/15fps/BlueVolley_UVG-CWI-DQPC_CG_15_0_170_0128.ply,/gpfs/work3/0/prjs0839/data/UVG_CWI_DQPC/UVG-CWI-DQPC/BlueVolley/he/15fps/BlueVolley_UVG-CWI-DQPC_HE_15_0_170_0128.ply,171,171,171,171,0,0
BlueVolley,0129,/gpfs/work3/0/prjs0839/data/UVG_CWI_DQPC/UVG-CWI-DQPC/BlueVolley/cg/15fps/BlueVolley_UVG-CWI-DQPC_CG_15_0_170_0129.ply,/gpfs/work3/0/prjs0839/data/UVG_CWI_DQPC/UVG-CWI-DQPC/BlueVolley/he/15fps/BlueVolley_UVG-CWI-DQPC_HE_15_0_170_0129.ply,171,171,171,171,0,0
BlueVolley,0130,/gpfs/work3/0/prjs0839/data/UVG_CWI_DQPC/UVG-CWI-DQPC/BlueVolley/cg/15fps/BlueVolley_UVG-CWI-DQPC_CG_15_0_170_0130.ply,/gpfs/work3/0/prjs0839/data/UVG_CWI_DQPC/UVG-CWI-DQPC/BlueVolley/he/15fps/BlueVolley_UVG-CWI-DQPC_HE_15_0_170_0130.ply,171,171,171,171,0,0
BlueVolley,0131,/gpfs/work3/0/prjs0839/data/UVG_CWI_DQPC/UVG-CWI-DQPC/BlueVolley/cg/15fps/BlueVolley_UVG-CWI-DQPC_CG_15_0_170_0131.ply,/gpfs/work3/0/prjs0839/data/UVG_CWI_DQPC/UVG-CWI-DQPC/BlueVolley/he/15fps/BlueVolley_UVG-CWI-DQPC_HE_15_0_170_0131.ply,171,171,171,171,0,0
BlueVolley,0132,/gpfs/work3/0/prjs0839/data/UVG_CWI_DQPC/UVG-CWI-DQPC/BlueVolley/cg/15fps/BlueVolley_UVG-CWI-DQPC_CG_15_0_170_0132.ply,/gpfs/work3/0/prjs0839/data/UVG_CWI_DQPC/UVG-CWI-DQPC/BlueVolley/he/15fps/BlueVolley_UVG-CWI-DQPC_HE_15_0_170_0132.ply,171,171,171,171,0,0
BlueVolley,0133,/gpfs/work3/0/prjs0839/data/UVG_CWI_DQPC/UVG-CWI-DQPC/BlueVolley/cg/15fps/BlueVolley_UVG-CWI-DQPC_CG_15_0_170_0133.ply,/gpfs/work3/0/prjs0839/data/UVG_CWI_DQPC/UVG-CWI-DQPC/BlueVolley/he/15fps/BlueVolley_UVG-CWI-DQPC_HE_15_0_170_0133.ply,171,171,171,171,0,0
BlueVolley,0134,/gpfs/work3/0/prjs0839/data/UVG_CWI_DQPC/UVG-CWI-DQPC/BlueVolley/cg/15fps/BlueVolley_UVG-CWI-DQPC_CG_15_0_170_0134.ply,/gpfs/work3/0/prjs0839/data/UVG_CWI_DQPC/UVG-CWI-DQPC/BlueVolley/he/15fps/BlueVolley_UVG-CWI-DQPC_HE_15_0_170_0134.ply,171,171,171,171,0,0
BlueVolley,0135,/gpfs/work3/0/prjs0839/data/UVG_CWI_DQPC/UVG-CWI-DQPC/BlueVolley/cg/15fps/BlueVolley_UVG-CWI-DQPC_CG_15_0_170_0135.ply,/gpfs/work3/0/prjs0839/data/UVG_CWI_DQPC/UVG-CWI-DQPC/BlueVolley/he/15fps/BlueVolley_UVG-CWI-DQPC_HE_15_0_170_0135.ply,171,171,171,171,0,0
BlueVolley,0136,/gpfs/work3/0/prjs0839/data/UVG_CWI_DQPC/UVG-CWI-DQPC/BlueVolley/cg/15fps/BlueVolley_UVG-CWI-DQPC_CG_15_0_170_0136.ply,/gpfs/work3/0/prjs0839/data/UVG_CWI_DQPC/UVG-CWI-DQPC/BlueVolley/he/15fps/BlueVolley_UVG-CWI-DQPC_HE_15_0_170_0136.ply,171,171,171,171,0,0
BlueVolley,0137,/gpfs/work3/0/prjs0839/data/UVG_CWI_DQPC/UVG-CWI-DQPC/BlueVolley/cg/15fps/BlueVolley_UVG-CWI-DQPC_CG_15_0_170_0137.ply,/gpfs/work3/0/prjs0839/data/UVG_CWI_DQPC/UVG-CWI-DQPC/BlueVolley/he/15fps/BlueVolley_UVG-CWI-DQPC_HE_15_0_170_0137.ply,171,171,171,171,0,0
BlueVolley,0138,/gpfs/work3/0/prjs0839/data/UVG_CWI_DQPC/UVG-CWI-DQPC/BlueVolley/cg/15fps/BlueVolley_UVG-CWI-DQPC_CG_15_0_170_0138.ply,/gpfs/work3/0/prjs0839/data/UVG_CWI_DQPC/UVG-CWI-DQPC/BlueVolley/he/15fps/BlueVolley_UVG-CWI-DQPC_HE_15_0_170_0138.ply,171,171,171,171,0,0
BlueVolley,0139,/gpfs/work3/0/prjs0839/data/UVG_CWI_DQPC/UVG-CWI-DQPC/BlueVolley/cg/15fps/BlueVolley_UVG-CWI-DQPC_CG_15_0_170_0139.ply,/gpfs/work3/0/prjs0839/data/UVG_CWI_DQPC/UVG-CWI-DQPC/BlueVolley/he/15fps/BlueVolley_UVG-CWI-DQPC_HE_15_0_170_0139.ply,171,171,171,171,0,0
BlueVolley,0140,/gpfs/work3/0/prjs0839/data/UVG_CWI_DQPC/UVG-CWI-DQPC/BlueVolley/cg/15fps/BlueVolley_UVG-CWI-DQPC_CG_15_0_170_0140.ply,/gpfs/work3/0/prjs0839/data/UVG_CWI_DQPC/UVG-CWI-DQPC/BlueVolley/he/15fps/BlueVolley_UVG-CWI-DQPC_HE_15_0_170_0140.ply,171,171,171,171,0,0
BlueVolley,0141,/gpfs/work3/0/prjs0839/data/UVG_CWI_DQPC/UVG-CWI-DQPC/BlueVolley/cg/15fps/BlueVolley_UVG-CWI-DQPC_CG_15_0_170_0141.ply,/gpfs/work3/0/prjs0839/data/UVG_CWI_DQPC/UVG-CWI-DQPC/BlueVolley/he/15fps/BlueVolley_UVG-CWI-DQPC_HE_15_0_170_0141.ply,171,171,171,171,0,0
BlueVolley,0142,/gpfs/work3/0/prjs0839/data/UVG_CWI_DQPC/UVG-CWI-DQPC/BlueVolley/cg/15fps/BlueVolley_UVG-CWI-DQPC_CG_15_0_170_0142.ply,/gpfs/work3/0/prjs0839/data/UVG_CWI_DQPC/UVG-CWI-DQPC/BlueVolley/he/15fps/BlueVolley_UVG-CWI-DQPC_HE_15_0_170_0142.ply,171,171,171,171,0,0
BlueVolley,0143,/gpfs/work3/0/prjs0839/data/UVG_CWI_DQPC/UVG-CWI-DQPC/BlueVolley/cg/15fps/BlueVolley_UVG-CWI-DQPC_CG_15_0_170_0143.ply,/gpfs/work3/0/prjs0839/data/UVG_CWI_DQPC/UVG-CWI-DQPC/BlueVolley/he/15fps/BlueVolley_UVG-CWI-DQPC_HE_15_0_170_0143.ply,171,171,171,171,0,0
BlueVolley,0144,/gpfs/work3/0/prjs0839/data/UVG_CWI_DQPC/UVG-CWI-DQPC/BlueVolley/cg/15fps/BlueVolley_UVG-CWI-DQPC_CG_15_0_170_0144.ply,/gpfs/work3/0/prjs0839/data/UVG_CWI_DQPC/UVG-CWI-DQPC/BlueVolley/he/15fps/BlueVolley_UVG-CWI-DQPC_HE_15_0_170_0144.ply,171,171,171,171,0,0
BlueVolley,0145,/gpfs/work3/0/prjs0839/data/UVG_CWI_DQPC/UVG-CWI-DQPC/BlueVolley/cg/15fps/BlueVolley_UVG-CWI-DQPC_CG_15_0_170_0145.ply,/gpfs/work3/0/prjs0839/data/UVG_CWI_DQPC/UVG-CWI-DQPC/BlueVolley/he/15fps/BlueVolley_UVG-CWI-DQPC_HE_15_0_170_0145.ply,171,171,171,171,0,0
BlueVolley,0146,/gpfs/work3/0/prjs0839/data/UVG_CWI_DQPC/UVG-CWI-DQPC/BlueVolley/cg/15fps/BlueVolley_UVG-CWI-DQPC_CG_15_0_170_0146.ply,/gpfs/work3/0/prjs0839/data/UVG_CWI_DQPC/UVG-CWI-DQPC/BlueVolley/he/15fps/BlueVolley_UVG-CWI-DQPC_HE_15_0_170_0146.ply,171,171,171,171,0,0
BlueVolley,0147,/gpfs/work3/0/prjs0839/data/UVG_CWI_DQPC/UVG-CWI-DQPC/BlueVolley/cg/15fps/BlueVolley_UVG-CWI-DQPC_CG_15_0_170_0147.ply,/gpfs/work3/0/prjs0839/data/UVG_CWI_DQPC/UVG-CWI-DQPC/BlueVolley/he/15fps/BlueVolley_UVG-CWI-DQPC_HE_15_0_170_0147.ply,171,171,171,171,0,0
BlueVolley,0148,/gpfs/work3/0/prjs0839/data/UVG_CWI_DQPC/UVG-CWI-DQPC/BlueVolley/cg/15fps/BlueVolley_UVG-CWI-DQPC_CG_15_0_170_0148.ply,/gpfs/work3/0/prjs0839/data/UVG_CWI_DQPC/UVG-CWI-DQPC/BlueVolley/he/15fps/BlueVolley_UVG-CWI-DQPC_HE_15_0_170_0148.ply,171,171,171,171,0,0
BlueVolley,0149,/gpfs/work3/0/prjs0839/data/UVG_CWI_DQPC/UVG-CWI-DQPC/BlueVolley/cg/15fps/BlueVolley_UVG-CWI-DQPC_CG_15_0_170_0149.ply,/gpfs/work3/0/prjs0839/data/UVG_CWI_DQPC/UVG-CWI-DQPC/BlueVolley/he/15fps/BlueVolley_UVG-CWI-DQPC_HE_15_0_170_0149.ply,171,171,171,171,0,0
BlueVolley,0150,/gpfs/work3/0/prjs0839/data/UVG_CWI_DQPC/UVG-CWI-DQPC/BlueVolley/cg/15fps/BlueVolley_UVG-CWI-DQPC_CG_15_0_170_0150.ply,/gpfs/work3/0/prjs0839/data/UVG_CWI_DQPC/UVG-CWI-DQPC/BlueVolley/he/15fps/BlueVolley_UVG-CWI-DQPC_HE_15_0_170_0150.ply,171,171,171,171,0,0
BlueVolley,0151,/gpfs/work3/0/prjs0839/data/UVG_CWI_DQPC/UVG-CWI-DQPC/BlueVolley/cg/15fps/BlueVolley_UVG-CWI-DQPC_CG_15_0_170_0151.ply,/gpfs/work3/0/prjs0839/data/UVG_CWI_DQPC/UVG-CWI-DQPC/BlueVolley/he/15fps/BlueVolley_UVG-CWI-DQPC_HE_15_0_170_0151.ply,171,171,171,171,0,0
BlueVolley,0152,/gpfs/work3/0/prjs0839/data/UVG_CWI_DQPC/UVG-CWI-DQPC/BlueVolley/cg/15fps/BlueVolley_UVG-CWI-DQPC_CG_15_0_170_0152.ply,/gpfs/work3/0/prjs0839/data/UVG_CWI_DQPC/UVG-CWI-DQPC/BlueVolley/he/15fps/BlueVolley_UVG-CWI-DQPC_HE_15_0_170_0152.ply,171,171,171,171,0,0
BlueVolley,0153,/gpfs/work3/0/prjs0839/data/UVG_CWI_DQPC/UVG-CWI-DQPC/BlueVolley/cg/15fps/BlueVolley_UVG-CWI-DQPC_CG_15_0_170_0153.ply,/gpfs/work3/0/prjs0839/data/UVG_CWI_DQPC/UVG-CWI-DQPC/BlueVolley/he/15fps/BlueVolley_UVG-CWI-DQPC_HE_15_0_170_0153.ply,171,171,171,171,0,0
BlueVolley,0154,/gpfs/work3/0/prjs0839/data/UVG_CWI_DQPC/UVG-CWI-DQPC/BlueVolley/cg/15fps/BlueVolley_UVG-CWI-DQPC_CG_15_0_170_0154.ply,/gpfs/work3/0/prjs0839/data/UVG_CWI_DQPC/UVG-CWI-DQPC/BlueVolley/he/15fps/BlueVolley_UVG-CWI-DQPC_HE_15_0_170_0154.ply,171,171,171,171,0,0
BlueVolley,0155,/gpfs/work3/0/prjs0839/data/UVG_CWI_DQPC/UVG-CWI-DQPC/BlueVolley/cg/15fps/BlueVolley_UVG-CWI-DQPC_CG_15_0_170_0155.ply,/gpfs/work3/0/prjs0839/data/UVG_CWI_DQPC/UVG-CWI-DQPC/BlueVolley/he/15fps/BlueVolley_UVG-CWI-DQPC_HE_15_0_170_0155.ply,171,171,171,171,0,0
BlueVolley,0156,/gpfs/work3/0/prjs0839/data/UVG_CWI_DQPC/UVG-CWI-DQPC/BlueVolley/cg/15fps/BlueVolley_UVG-CWI-DQPC_CG_15_0_170_0156.ply,/gpfs/work3/0/prjs0839/data/UVG_CWI_DQPC/UVG-CWI-DQPC/BlueVolley/he/15fps/BlueVolley_UVG-CWI-DQPC_HE_15_0_170_0156.ply,171,171,171,171,0,0
BlueVolley,0157,/gpfs/work3/0/prjs0839/data/UVG_CWI_DQPC/UVG-CWI-DQPC/BlueVolley/cg/15fps/BlueVolley_UVG-CWI-DQPC_CG_15_0_170_0157.ply,/gpfs/work3/0/prjs0839/data/UVG_CWI_DQPC/UVG-CWI-DQPC/BlueVolley/he/15fps/BlueVolley_UVG-CWI-DQPC_HE_15_0_170_0157.ply,171,171,171,171,0,0
BlueVolley,0158,/gpfs/work3/0/prjs0839/data/UVG_CWI_DQPC/UVG-CWI-DQPC/BlueVolley/cg/15fps/BlueVolley_UVG-CWI-DQPC_CG_15_0_170_0158.ply,/gpfs/work3/0/prjs0839/data/UVG_CWI_DQPC/UVG-CWI-DQPC/BlueVolley/he/15fps/BlueVolley_UVG-CWI-DQPC_HE_15_0_170_0158.ply,171,171,171,171,0,0
BlueVolley,0159,/gpfs/work3/0/prjs0839/data/UVG_CWI_DQPC/UVG-CWI-DQPC/BlueVolley/cg/15fps/BlueVolley_UVG-CWI-DQPC_CG_15_0_170_0159.ply,/gpfs/work3/0/prjs0839/data/UVG_CWI_DQPC/UVG-CWI-DQPC/BlueVolley/he/15fps/BlueVolley_UVG-CWI-DQPC_HE_15_0_170_0159.ply,171,171,171,171,0,0
BlueVolley,0160,/gpfs/work3/0/prjs0839/data/UVG_CWI_DQPC/UVG-CWI-DQPC/BlueVolley/cg/15fps/BlueVolley_UVG-CWI-DQPC_CG_15_0_170_0160.ply,/gpfs/work3/0/prjs0839/data/UVG_CWI_DQPC/UVG-CWI-DQPC/BlueVolley/he/15fps/BlueVolley_UVG-CWI-DQPC_HE_15_0_170_0160.ply,171,171,171,171,0,0
BlueVolley,0161,/gpfs/work3/0/prjs0839/data/UVG_CWI_DQPC/UVG-CWI-DQPC/BlueVolley/cg/15fps/BlueVolley_UVG-CWI-DQPC_CG_15_0_170_0161.ply,/gpfs/work3/0/prjs0839/data/UVG_CWI_DQPC/UVG-CWI-DQPC/BlueVolley/he/15fps/BlueVolley_UVG-CWI-DQPC_HE_15_0_170_0161.ply,171,171,171,171,0,0
BlueVolley,0162,/gpfs/work3/0/prjs0839/data/UVG_CWI_DQPC/UVG-CWI-DQPC/BlueVolley/cg/15fps/BlueVolley_UVG-CWI-DQPC_CG_15_0_170_0162.ply,/gpfs/work3/0/prjs0839/data/UVG_CWI_DQPC/UVG-CWI-DQPC/BlueVolley/he/15fps/BlueVolley_UVG-CWI-DQPC_HE_15_0_170_0162.ply,171,171,171,171,0,0
BlueVolley,0163,/gpfs/work3/0/prjs0839/data/UVG_CWI_DQPC/UVG-CWI-DQPC/BlueVolley/cg/15fps/BlueVolley_UVG-CWI-DQPC_CG_15_0_170_0163.ply,/gpfs/work3/0/prjs0839/data/UVG_CWI_DQPC/UVG-CWI-DQPC/BlueVolley/he/15fps/BlueVolley_UVG-CWI-DQPC_HE_15_0_170_0163.ply,171,171,171,171,0,0
BlueVolley,0164,/gpfs/work3/0/prjs0839/data/UVG_CWI_DQPC/UVG-CWI-DQPC/BlueVolley/cg/15fps/BlueVolley_UVG-CWI-DQPC_CG_15_0_170_0164.ply,/gpfs/work3/0/prjs0839/data/UVG_CWI_DQPC/UVG-CWI-DQPC/BlueVolley/he/15fps/BlueVolley_UVG-CWI-DQPC_HE_15_0_170_0164.ply,171,171,171,171,0,0
BlueVolley,0165,/gpfs/work3/0/prjs0839/data/UVG_CWI_DQPC/UVG-CWI-DQPC/BlueVolley/cg/15fps/BlueVolley_UVG-CWI-DQPC_CG_15_0_170_0165.ply,/gpfs/work3/0/prjs0839/data/UVG_CWI_DQPC/UVG-CWI-DQPC/BlueVolley/he/15fps/BlueVolley_UVG-CWI-DQPC_HE_15_0_170_0165.ply,171,171,171,171,0,0
BlueVolley,0166,/gpfs/work3/0/prjs0839/data/UVG_CWI_DQPC/UVG-CWI-DQPC/BlueVolley/cg/15fps/BlueVolley_UVG-CWI-DQPC_CG_15_0_170_0166.ply,/gpfs/work3/0/prjs0839/data/UVG_CWI_DQPC/UVG-CWI-DQPC/BlueVolley/he/15fps/BlueVolley_UVG-CWI-DQPC_HE_15_0_170_0166.ply,171,171,171,171,0,0
BlueVolley,0167,/gpfs/work3/0/prjs0839/data/UVG_CWI_DQPC/UVG-CWI-DQPC/BlueVolley/cg/15fps/BlueVolley_UVG-CWI-DQPC_CG_15_0_170_0167.ply,/gpfs/work3/0/prjs0839/data/UVG_CWI_DQPC/UVG-CWI-DQPC/BlueVolley/he/15fps/BlueVolley_UVG-CWI-DQPC_HE_15_0_170_0167.ply,171,171,171,171,0,0
BlueVolley,0168,/gpfs/work3/0/prjs0839/data/UVG_CWI_DQPC/UVG-CWI-DQPC/BlueVolley/cg/15fps/BlueVolley_UVG-CWI-DQPC_CG_15_0_170_0168.ply,/gpfs/work3/0/prjs0839/data/UVG_CWI_DQPC/UVG-CWI-DQPC/BlueVolley/he/15fps/BlueVolley_UVG-CWI-DQPC_HE_15_0_170_0168.ply,171,171,171,171,0,0
BlueVolley,0169,/gpfs/work3/0/prjs0839/data/UVG_CWI_DQPC/UVG-CWI-DQPC/BlueVolley/cg/15fps/BlueVolley_UVG-CWI-DQPC_CG_15_0_170_0169.ply,/gpfs/work3/0/prjs0839/data/UVG_CWI_DQPC/UVG-CWI-DQPC/BlueVolley/he/15fps/BlueVolley_UVG-CWI-DQPC_HE_15_0_170_0169.ply,171,171,171,171,0,0
BlueVolley,0170,/gpfs/work3/0/prjs0839/data/UVG_CWI_DQPC/UVG-CWI-DQPC/BlueVolley/cg/15fps/BlueVolley_UVG-CWI-DQPC_CG_15_0_170_0170.ply,/gpfs/work3/0/prjs0839/data/UVG_CWI_DQPC/UVG-CWI-DQPC/BlueVolley/he/15fps/BlueVolley_UVG-CWI-DQPC_HE_15_0_170_0170.ply,171,171,171,171,0,0
BouncingBlue,0000,/gpfs/work3/0/prjs0839/data/UVG_CWI_DQPC/UVG-CWI-DQPC/BouncingBlue/cg/15fps/BouncingBlue_UVG-CWI-DQPC_CG_15_0_156_0000.ply,/gpfs/work3/0/prjs0839/data/UVG_CWI_DQPC/UVG-CWI-DQPC/BouncingBlue/he/15fps/BouncingBlue_UVG-CWI-DQPC_HE_15_0_156_0000.ply,157,157,157,157,0,0
BouncingBlue,0001,/gpfs/work3/0/prjs0839/data/UVG_CWI_DQPC/UVG-CWI-DQPC/BouncingBlue/cg/15fps/BouncingBlue_UVG-CWI-DQPC_CG_15_0_156_0001.ply,/gpfs/work3/0/prjs0839/data/UVG_CWI_DQPC/UVG-CWI-DQPC/BouncingBlue/he/15fps/BouncingBlue_UVG-CWI-DQPC_HE_15_0_156_0001.ply,157,157,157,157,0,0
BouncingBlue,0002,/gpfs/work3/0/prjs0839/data/UVG_CWI_DQPC/UVG-CWI-DQPC/BouncingBlue/cg/15fps/BouncingBlue_UVG-CWI-DQPC_CG_15_0_156_0002.ply,/gpfs/work3/0/prjs0839/data/UVG_CWI_DQPC/UVG-CWI-DQPC/BouncingBlue/he/15fps/BouncingBlue_UVG-CWI-DQPC_HE_15_0_156_0002.ply,157,157,157,157,0,0
BouncingBlue,0003,/gpfs/work3/0/prjs0839/data/UVG_CWI_DQPC/UVG-CWI-DQPC/BouncingBlue/cg/15fps/BouncingBlue_UVG-CWI-DQPC_CG_15_0_156_0003.ply,/gpfs/work3/0/prjs0839/data/UVG_CWI_DQPC/UVG-CWI-DQPC/BouncingBlue/he/15fps/BouncingBlue_UVG-CWI-DQPC_HE_15_0_156_0003.ply,157,157,157,157,0,0
BouncingBlue,0004,/gpfs/work3/0/prjs0839/data/UVG_CWI_DQPC/UVG-CWI-DQPC/BouncingBlue/cg/15fps/BouncingBlue_UVG-CWI-DQPC_CG_15_0_156_0004.ply,/gpfs/work3/0/prjs0839/data/UVG_CWI_DQPC/UVG-CWI-DQPC/BouncingBlue/he/15fps/BouncingBlue_UVG-CWI-DQPC_HE_15_0_156_0004.ply,157,157,157,157,0,0
BouncingBlue,0005,/gpfs/work3/0/prjs0839/data/UVG_CWI_DQPC/UVG-CWI-DQPC/BouncingBlue/cg/15fps/BouncingBlue_UVG-CWI-DQPC_CG_15_0_156_0005.ply,/gpfs/work3/0/prjs0839/data/UVG_CWI_DQPC/UVG-CWI-DQPC/BouncingBlue/he/15fps/BouncingBlue_UVG-CWI-DQPC_HE_15_0_156_0005.ply,157,157,157,157,0,0
BouncingBlue,0006,/gpfs/work3/0/prjs0839/data/UVG_CWI_DQPC/UVG-CWI-DQPC/BouncingBlue/cg/15fps/BouncingBlue_UVG-CWI-DQPC_CG_15_0_156_0006.ply,/gpfs/work3/0/prjs0839/data/UVG_CWI_DQPC/UVG-CWI-DQPC/BouncingBlue/he/15fps/BouncingBlue_UVG-CWI-DQPC_HE_15_0_156_0006.ply,157,157,157,157,0,0
BouncingBlue,0007,/gpfs/work3/0/prjs0839/data/UVG_CWI_DQPC/UVG-CWI-DQPC/BouncingBlue/cg/15fps/BouncingBlue_UVG-CWI-DQPC_CG_15_0_156_0007.ply,/gpfs/work3/0/prjs0839/data/UVG_CWI_DQPC/UVG-CWI-DQPC/BouncingBlue/he/15fps/BouncingBlue_UVG-CWI-DQPC_HE_15_0_156_0007.ply,157,157,157,157,0,0
BouncingBlue,0008,/gpfs/work3/0/prjs0839/data/UVG_CWI_DQPC/UVG-CWI-DQPC/BouncingBlue/cg/15fps/BouncingBlue_UVG-CWI-DQPC_CG_15_0_156_0008.ply,/gpfs/work3/0/prjs0839/data/UVG_CWI_DQPC/UVG-CWI-DQPC/BouncingBlue/he/15fps/BouncingBlue_UVG-CWI-DQPC_HE_15_0_156_0008.ply,157,157,157,157,0,0
BouncingBlue,0009,/gpfs/work3/0/prjs0839/data/UVG_CWI_DQPC/UVG-CWI-DQPC/BouncingBlue/cg/15fps/BouncingBlue_UVG-CWI-DQPC_CG_15_0_156_0009.ply,/gpfs/work3/0/prjs0839/data/UVG_CWI_DQPC/UVG-CWI-DQPC/BouncingBlue/he/15fps/BouncingBlue_UVG-CWI-DQPC_HE_15_0_156_0009.ply,157,157,157,157,0,0
BouncingBlue,0010,/gpfs/work3/0/prjs0839/data/UVG_CWI_DQPC/UVG-CWI-DQPC/BouncingBlue/cg/15fps/BouncingBlue_UVG-CWI-DQPC_CG_15_0_156_0010.ply,/gpfs/work3/0/prjs0839/data/UVG_CWI_DQPC/UVG-CWI-DQPC/BouncingBlue/he/15fps/BouncingBlue_UVG-CWI-DQPC_HE_15_0_156_0010.ply,157,157,157,157,0,0
BouncingBlue,0011,/gpfs/work3/0/prjs0839/data/UVG_CWI_DQPC/UVG-CWI-DQPC/BouncingBlue/cg/15fps/BouncingBlue_UVG-CWI-DQPC_CG_15_0_156_0011.ply,/gpfs/work3/0/prjs0839/data/UVG_CWI_DQPC/UVG-CWI-DQPC/BouncingBlue/he/15fps/BouncingBlue_UVG-CWI-DQPC_HE_15_0_156_0011.ply,157,157,157,157,0,0
BouncingBlue,0012,/gpfs/work3/0/prjs0839/data/UVG_CWI_DQPC/UVG-CWI-DQPC/BouncingBlue/cg/15fps/BouncingBlue_UVG-CWI-DQPC_CG_15_0_156_0012.ply,/gpfs/work3/0/prjs0839/data/UVG_CWI_DQPC/UVG-CWI-DQPC/BouncingBlue/he/15fps/BouncingBlue_UVG-CWI-DQPC_HE_15_0_156_0012.ply,157,157,157,157,0,0
BouncingBlue,0013,/gpfs/work3/0/prjs0839/data/UVG_CWI_DQPC/UVG-CWI-DQPC/BouncingBlue/cg/15fps/BouncingBlue_UVG-CWI-DQPC_CG_15_0_156_0013.ply,/gpfs/work3/0/prjs0839/data/UVG_CWI_DQPC/UVG-CWI-DQPC/BouncingBlue/he/15fps/BouncingBlue_UVG-CWI-DQPC_HE_15_0_156_0013.ply,157,157,157,157,0,0
BouncingBlue,0014,/gpfs/work3/0/prjs0839/data/UVG_CWI_DQPC/UVG-CWI-DQPC/BouncingBlue/cg/15fps/BouncingBlue_UVG-CWI-DQPC_CG_15_0_156_0014.ply,/gpfs/work3/0/prjs0839/data/UVG_CWI_DQPC/UVG-CWI-DQPC/BouncingBlue/he/15fps/BouncingBlue_UVG-CWI-DQPC_HE_15_0_156_0014.ply,157,157,157,157,0,0
BouncingBlue,0015,/gpfs/work3/0/prjs0839/data/UVG_CWI_DQPC/UVG-CWI-DQPC/BouncingBlue/cg/15fps/BouncingBlue_UVG-CWI-DQPC_CG_15_0_156_0015.ply,/gpfs/work3/0/prjs0839/data/UVG_CWI_DQPC/UVG-CWI-DQPC/BouncingBlue/he/15fps/BouncingBlue_UVG-CWI-DQPC_HE_15_0_156_0015.ply,157,157,157,157,0,0
BouncingBlue,0016,/gpfs/work3/0/prjs0839/data/UVG_CWI_DQPC/UVG-CWI-DQPC/BouncingBlue/cg/15fps/BouncingBlue_UVG-CWI-DQPC_CG_15_0_156_0016.ply,/gpfs/work3/0/prjs0839/data/UVG_CWI_DQPC/UVG-CWI-DQPC/BouncingBlue/he/15fps/BouncingBlue_UVG-CWI-DQPC_HE_15_0_156_0016.ply,157,157,157,157,0,0
BouncingBlue,0017,/gpfs/work3/0/prjs0839/data/UVG_CWI_DQPC/UVG-CWI-DQPC/BouncingBlue/cg/15fps/BouncingBlue_UVG-CWI-DQPC_CG_15_0_156_0017.ply,/gpfs/work3/0/prjs0839/data/UVG_CWI_DQPC/UVG-CWI-DQPC/BouncingBlue/he/15fps/BouncingBlue_UVG-CWI-DQPC_HE_15_0_156_0017.ply,157,157,157,157,0,0
BouncingBlue,0018,/gpfs/work3/0/prjs0839/data/UVG_CWI_DQPC/UVG-CWI-DQPC/BouncingBlue/cg/15fps/BouncingBlue_UVG-CWI-DQPC_CG_15_0_156_0018.ply,/gpfs/work3/0/prjs0839/data/UVG_CWI_DQPC/UVG-CWI-DQPC/BouncingBlue/he/15fps/BouncingBlue_UVG-CWI-DQPC_HE_15_0_156_0018.ply,157,157,157,157,0,0
BouncingBlue,0019,/gpfs/work3/0/prjs0839/data/UVG_CWI_DQPC/UVG-CWI-DQPC/BouncingBlue/cg/15fps/BouncingBlue_UVG-CWI-DQPC_CG_15_0_156_0019.ply,/gpfs/work3/0/prjs0839/data/UVG_CWI_DQPC/UVG-CWI-DQPC/BouncingBlue/he/15fps/BouncingBlue_UVG-CWI-DQPC_HE_15_0_156_0019.ply,157,157,157,157,0,0
BouncingBlue,0020,/gpfs/work3/0/prjs0839/data/UVG_CWI_DQPC/UVG-CWI-DQPC/BouncingBlue/cg/15fps/BouncingBlue_UVG-CWI-DQPC_CG_15_0_156_0020.ply,/gpfs/work3/0/prjs0839/data/UVG_CWI_DQPC/UVG-CWI-DQPC/BouncingBlue/he/15fps/BouncingBlue_UVG-CWI-DQPC_HE_15_0_156_0020.ply,157,157,157,157,0,0
BouncingBlue,0021,/gpfs/work3/0/prjs0839/data/UVG_CWI_DQPC/UVG-CWI-DQPC/BouncingBlue/cg/15fps/BouncingBlue_UVG-CWI-DQPC_CG_15_0_156_0021.ply,/gpfs/work3/0/prjs0839/data/UVG_CWI_DQPC/UVG-CWI-DQPC/BouncingBlue/he/15fps/BouncingBlue_UVG-CWI-DQPC_HE_15_0_156_0021.ply,157,157,157,157,0,0
BouncingBlue,0022,/gpfs/work3/0/prjs0839/data/UVG_CWI_DQPC/UVG-CWI-DQPC/BouncingBlue/cg/15fps/BouncingBlue_UVG-CWI-DQPC_CG_15_0_156_0022.ply,/gpfs/work3/0/prjs0839/data/UVG_CWI_DQPC/UVG-CWI-DQPC/BouncingBlue/he/15fps/BouncingBlue_UVG-CWI-DQPC_HE_15_0_156_0022.ply,157,157,157,157,0,0
BouncingBlue,0023,/gpfs/work3/0/prjs0839/data/UVG_CWI_DQPC/UVG-CWI-DQPC/BouncingBlue/cg/15fps/BouncingBlue_UVG-CWI-DQPC_CG_15_0_156_0023.ply,/gpfs/work3/0/prjs0839/data/UVG_CWI_DQPC/UVG-CWI-DQPC/BouncingBlue/he/15fps/BouncingBlue_UVG-CWI-DQPC_HE_15_0_156_0023.ply,157,157,157,157,0,0
BouncingBlue,0024,/gpfs/work3/0/prjs0839/data/UVG_CWI_DQPC/UVG-CWI-DQPC/BouncingBlue/cg/15fps/BouncingBlue_UVG-CWI-DQPC_CG_15_0_156_0024.ply,/gpfs/work3/0/prjs0839/data/UVG_CWI_DQPC/UVG-CWI-DQPC/BouncingBlue/he/15fps/BouncingBlue_UVG-CWI-DQPC_HE_15_0_156_0024.ply,157,157,157,157,0,0
BouncingBlue,0025,/gpfs/work3/0/prjs0839/data/UVG_CWI_DQPC/UVG-CWI-DQPC/BouncingBlue/cg/15fps/BouncingBlue_UVG-CWI-DQPC_CG_15_0_156_0025.ply,/gpfs/work3/0/prjs0839/data/UVG_CWI_DQPC/UVG-CWI-DQPC/BouncingBlue/he/15fps/BouncingBlue_UVG-CWI-DQPC_HE_15_0_156_0025.ply,157,157,157,157,0,0
BouncingBlue,0026,/gpfs/work3/0/prjs0839/data/UVG_CWI_DQPC/UVG-CWI-DQPC/BouncingBlue/cg/15fps/BouncingBlue_UVG-CWI-DQPC_CG_15_0_156_0026.ply,/gpfs/work3/0/prjs0839/data/UVG_CWI_DQPC/UVG-CWI-DQPC/BouncingBlue/he/15fps/BouncingBlue_UVG-CWI-DQPC_HE_15_0_156_0026.ply,157,157,157,157,0,0
BouncingBlue,0027,/gpfs/work3/0/prjs0839/data/UVG_CWI_DQPC/UVG-CWI-DQPC/BouncingBlue/cg/15fps/BouncingBlue_UVG-CWI-DQPC_CG_15_0_156_0027.ply,/gpfs/work3/0/prjs0839/data/UVG_CWI_DQPC/UVG-CWI-DQPC/BouncingBlue/he/15fps/BouncingBlue_UVG-CWI-DQPC_HE_15_0_156_0027.ply,157,157,157,157,0,0
BouncingBlue,0028,/gpfs/work3/0/prjs0839/data/UVG_CWI_DQPC/UVG-CWI-DQPC/BouncingBlue/cg/15fps/BouncingBlue_UVG-CWI-DQPC_CG_15_0_156_0028.ply,/gpfs/work3/0/prjs0839/data/UVG_CWI_DQPC/UVG-CWI-DQPC/BouncingBlue/he/15fps/BouncingBlue_UVG-CWI-DQPC_HE_15_0_156_0028.ply,157,157,157,157,0,0
BouncingBlue,0029,/gpfs/work3/0/prjs0839/data/UVG_CWI_DQPC/UVG-CWI-DQPC/BouncingBlue/cg/15fps/BouncingBlue_UVG-CWI-DQPC_CG_15_0_156_0029.ply,/gpfs/work3/0/prjs0839/data/UVG_CWI_DQPC/UVG-CWI-DQPC/BouncingBlue/he/15fps/BouncingBlue_UVG-CWI-DQPC_HE_15_0_156_0029.ply,157,157,157,157,0,0
BouncingBlue,0030,/gpfs/work3/0/prjs0839/data/UVG_CWI_DQPC/UVG-CWI-DQPC/BouncingBlue/cg/15fps/BouncingBlue_UVG-CWI-DQPC_CG_15_0_156_0030.ply,/gpfs/work3/0/prjs0839/data/UVG_CWI_DQPC/UVG-CWI-DQPC/BouncingBlue/he/15fps/BouncingBlue_UVG-CWI-DQPC_HE_15_0_156_0030.ply,157,157,157,157,0,0
BouncingBlue,0031,/gpfs/work3/0/prjs0839/data/UVG_CWI_DQPC/UVG-CWI-DQPC/BouncingBlue/cg/15fps/BouncingBlue_UVG-CWI-DQPC_CG_15_0_156_0031.ply,/gpfs/work3/0/prjs0839/data/UVG_CWI_DQPC/UVG-CWI-DQPC/BouncingBlue/he/15fps/BouncingBlue_UVG-CWI-DQPC_HE_15_0_156_0031.ply,157,157,157,157,0,0
BouncingBlue,0032,/gpfs/work3/0/prjs0839/data/UVG_CWI_DQPC/UVG-CWI-DQPC/BouncingBlue/cg/15fps/BouncingBlue_UVG-CWI-DQPC_CG_15_0_156_0032.ply,/gpfs/work3/0/prjs0839/data/UVG_CWI_DQPC/UVG-CWI-DQPC/BouncingBlue/he/15fps/BouncingBlue_UVG-CWI-DQPC_HE_15_0_156_0032.ply,157,157,157,157,0,0
BouncingBlue,0033,/gpfs/work3/0/prjs0839/data/UVG_CWI_DQPC/UVG-CWI-DQPC/BouncingBlue/cg/15fps/BouncingBlue_UVG-CWI-DQPC_CG_15_0_156_0033.ply,/gpfs/work3/0/prjs0839/data/UVG_CWI_DQPC/UVG-CWI-DQPC/BouncingBlue/he/15fps/BouncingBlue_UVG-CWI-DQPC_HE_15_0_156_0033.ply,157,157,157,157,0,0
BouncingBlue,0034,/gpfs/work3/0/prjs0839/data/UVG_CWI_DQPC/UVG-CWI-DQPC/BouncingBlue/cg/15fps/BouncingBlue_UVG-CWI-DQPC_CG_15_0_156_0034.ply,/gpfs/work3/0/prjs0839/data/UVG_CWI_DQPC/UVG-CWI-DQPC/BouncingBlue/he/15fps/BouncingBlue_UVG-CWI-DQPC_HE_15_0_156_0034.ply,157,157,157,157,0,0
BouncingBlue,0035,/gpfs/work3/0/prjs0839/data/UVG_CWI_DQPC/UVG-CWI-DQPC/BouncingBlue/cg/15fps/BouncingBlue_UVG-CWI-DQPC_CG_15_0_156_0035.ply,/gpfs/work3/0/prjs0839/data/UVG_CWI_DQPC/UVG-CWI-DQPC/BouncingBlue/he/15fps/BouncingBlue_UVG-CWI-DQPC_HE_15_0_156_0035.ply,157,157,157,157,0,0
BouncingBlue,0036,/gpfs/work3/0/prjs0839/data/UVG_CWI_DQPC/UVG-CWI-DQPC/BouncingBlue/cg/15fps/BouncingBlue_UVG-CWI-DQPC_CG_15_0_156_0036.ply,/gpfs/work3/0/prjs0839/data/UVG_CWI_DQPC/UVG-CWI-DQPC/BouncingBlue/he/15fps/BouncingBlue_UVG-CWI-DQPC_HE_15_0_156_0036.ply,157,157,157,157,0,0
BouncingBlue,0037,/gpfs/work3/0/prjs0839/data/UVG_CWI_DQPC/UVG-CWI-DQPC/BouncingBlue/cg/15fps/BouncingBlue_UVG-CWI-DQPC_CG_15_0_156_0037.ply,/gpfs/work3/0/prjs0839/data/UVG_CWI_DQPC/UVG-CWI-DQPC/BouncingBlue/he/15fps/BouncingBlue_UVG-CWI-DQPC_HE_15_0_156_0037.ply,157,157,157,157,0,0
BouncingBlue,0038,/gpfs/work3/0/prjs0839/data/UVG_CWI_DQPC/UVG-CWI-DQPC/BouncingBlue/cg/15fps/BouncingBlue_UVG-CWI-DQPC_CG_15_0_156_0038.ply,/gpfs/work3/0/prjs0839/data/UVG_CWI_DQPC/UVG-CWI-DQPC/BouncingBlue/he/15fps/BouncingBlue_UVG-CWI-DQPC_HE_15_0_156_0038.ply,157,157,157,157,0,0
BouncingBlue,0039,/gpfs/work3/0/prjs0839/data/UVG_CWI_DQPC/UVG-CWI-DQPC/BouncingBlue/cg/15fps/BouncingBlue_UVG-CWI-DQPC_CG_15_0_156_0039.ply,/gpfs/work3/0/prjs0839/data/UVG_CWI_DQPC/UVG-CWI-DQPC/BouncingBlue/he/15fps/BouncingBlue_UVG-CWI-DQPC_HE_15_0_156_0039.ply,157,157,157,157,0,0
BouncingBlue,0040,/gpfs/work3/0/prjs0839/data/UVG_CWI_DQPC/UVG-CWI-DQPC/BouncingBlue/cg/15fps/BouncingBlue_UVG-CWI-DQPC_CG_15_0_156_0040.ply,/gpfs/work3/0/prjs0839/data/UVG_CWI_DQPC/UVG-CWI-DQPC/BouncingBlue/he/15fps/BouncingBlue_UVG-CWI-DQPC_HE_15_0_156_0040.ply,157,157,157,157,0,0
BouncingBlue,0041,/gpfs/work3/0/prjs0839/data/UVG_CWI_DQPC/UVG-CWI-DQPC/BouncingBlue/cg/15fps/BouncingBlue_UVG-CWI-DQPC_CG_15_0_156_0041.ply,/gpfs/work3/0/prjs0839/data/UVG_CWI_DQPC/UVG-CWI-DQPC/BouncingBlue/he/15fps/BouncingBlue_UVG-CWI-DQPC_HE_15_0_156_0041.ply,157,157,157,157,0,0
BouncingBlue,0042,/gpfs/work3/0/prjs0839/data/UVG_CWI_DQPC/UVG-CWI-DQPC/BouncingBlue/cg/15fps/BouncingBlue_UVG-CWI-DQPC_CG_15_0_156_0042.ply,/gpfs/work3/0/prjs0839/data/UVG_CWI_DQPC/UVG-CWI-DQPC/BouncingBlue/he/15fps/BouncingBlue_UVG-CWI-DQPC_HE_15_0_156_0042.ply,157,157,157,157,0,0
BouncingBlue,0043,/gpfs/work3/0/prjs0839/data/UVG_CWI_DQPC/UVG-CWI-DQPC/BouncingBlue/cg/15fps/BouncingBlue_UVG-CWI-DQPC_CG_15_0_156_0043.ply,/gpfs/work3/0/prjs0839/data/UVG_CWI_DQPC/UVG-CWI-DQPC/BouncingBlue/he/15fps/BouncingBlue_UVG-CWI-DQPC_HE_15_0_156_0043.ply,157,157,157,157,0,0
BouncingBlue,0044,/gpfs/work3/0/prjs0839/data/UVG_CWI_DQPC/UVG-CWI-DQPC/BouncingBlue/cg/15fps/BouncingBlue_UVG-CWI-DQPC_CG_15_0_156_0044.ply,/gpfs/work3/0/prjs0839/data/UVG_CWI_DQPC/UVG-CWI-DQPC/BouncingBlue/he/15fps/BouncingBlue_UVG-CWI-DQPC_HE_15_0_156_0044.ply,157,157,157,157,0,0
BouncingBlue,0045,/gpfs/work3/0/prjs0839/data/UVG_CWI_DQPC/UVG-CWI-DQPC/BouncingBlue/cg/15fps/BouncingBlue_UVG-CWI-DQPC_CG_15_0_156_0045.ply,/gpfs/work3/0/prjs0839/data/UVG_CWI_DQPC/UVG-CWI-DQPC/BouncingBlue/he/15fps/BouncingBlue_UVG-CWI-DQPC_HE_15_0_156_0045.ply,157,157,157,157,0,0
BouncingBlue,0046,/gpfs/work3/0/prjs0839/data/UVG_CWI_DQPC/UVG-CWI-DQPC/BouncingBlue/cg/15fps/BouncingBlue_UVG-CWI-DQPC_CG_15_0_156_0046.ply,/gpfs/work3/0/prjs0839/data/UVG_CWI_DQPC/UVG-CWI-DQPC/BouncingBlue/he/15fps/BouncingBlue_UVG-CWI-DQPC_HE_15_0_156_0046.ply,157,157,157,157,0,0
BouncingBlue,0047,/gpfs/work3/0/prjs0839/data/UVG_CWI_DQPC/UVG-CWI-DQPC/BouncingBlue/cg/15fps/BouncingBlue_UVG-CWI-DQPC_CG_15_0_156_0047.ply,/gpfs/work3/0/prjs0839/data/UVG_CWI_DQPC/UVG-CWI-DQPC/BouncingBlue/he/15fps/BouncingBlue_UVG-CWI-DQPC_HE_15_0_156_0047.ply,157,157,157,157,0,0
BouncingBlue,0048,/gpfs/work3/0/prjs0839/data/UVG_CWI_DQPC/UVG-CWI-DQPC/BouncingBlue/cg/15fps/BouncingBlue_UVG-CWI-DQPC_CG_15_0_156_0048.ply,/gpfs/work3/0/prjs0839/data/UVG_CWI_DQPC/UVG-CWI-DQPC/BouncingBlue/he/15fps/BouncingBlue_UVG-CWI-DQPC_HE_15_0_156_0048.ply,157,157,157,157,0,0
BouncingBlue,0049,/gpfs/work3/0/prjs0839/data/UVG_CWI_DQPC/UVG-CWI-DQPC/BouncingBlue/cg/15fps/BouncingBlue_UVG-CWI-DQPC_CG_15_0_156_0049.ply,/gpfs/work3/0/prjs0839/data/UVG_CWI_DQPC/UVG-CWI-DQPC/BouncingBlue/he/15fps/BouncingBlue_UVG-CWI-DQPC_HE_15_0_156_0049.ply,157,157,157,157,0,0
BouncingBlue,0050,/gpfs/work3/0/prjs0839/data/UVG_CWI_DQPC/UVG-CWI-DQPC/BouncingBlue/cg/15fps/BouncingBlue_UVG-CWI-DQPC_CG_15_0_156_0050.ply,/gpfs/work3/0/prjs0839/data/UVG_CWI_DQPC/UVG-CWI-DQPC/BouncingBlue/he/15fps/BouncingBlue_UVG-CWI-DQPC_HE_15_0_156_0050.ply,157,157,157,157,0,0
BouncingBlue,0051,/gpfs/work3/0/prjs0839/data/UVG_CWI_DQPC/UVG-CWI-DQPC/BouncingBlue/cg/15fps/BouncingBlue_UVG-CWI-DQPC_CG_15_0_156_0051.ply,/gpfs/work3/0/prjs0839/data/UVG_CWI_DQPC/UVG-CWI-DQPC/BouncingBlue/he/15fps/BouncingBlue_UVG-CWI-DQPC_HE_15_0_156_0051.ply,157,157,157,157,0,0
BouncingBlue,0052,/gpfs/work3/0/prjs0839/data/UVG_CWI_DQPC/UVG-CWI-DQPC/BouncingBlue/cg/15fps/BouncingBlue_UVG-CWI-DQPC_CG_15_0_156_0052.ply,/gpfs/work3/0/prjs0839/data/UVG_CWI_DQPC/UVG-CWI-DQPC/BouncingBlue/he/15fps/BouncingBlue_UVG-CWI-DQPC_HE_15_0_156_0052.ply,157,157,157,157,0,0
BouncingBlue,0053,/gpfs/work3/0/prjs0839/data/UVG_CWI_DQPC/UVG-CWI-DQPC/BouncingBlue/cg/15fps/BouncingBlue_UVG-CWI-DQPC_CG_15_0_156_0053.ply,/gpfs/work3/0/prjs0839/data/UVG_CWI_DQPC/UVG-CWI-DQPC/BouncingBlue/he/15fps/BouncingBlue_UVG-CWI-DQPC_HE_15_0_156_0053.ply,157,157,157,157,0,0
BouncingBlue,0054,/gpfs/work3/0/prjs0839/data/UVG_CWI_DQPC/UVG-CWI-DQPC/BouncingBlue/cg/15fps/BouncingBlue_UVG-CWI-DQPC_CG_15_0_156_0054.ply,/gpfs/work3/0/prjs0839/data/UVG_CWI_DQPC/UVG-CWI-DQPC/BouncingBlue/he/15fps/BouncingBlue_UVG-CWI-DQPC_HE_15_0_156_0054.ply,157,157,157,157,0,0
BouncingBlue,0055,/gpfs/work3/0/prjs0839/data/UVG_CWI_DQPC/UVG-CWI-DQPC/BouncingBlue/cg/15fps/BouncingBlue_UVG-CWI-DQPC_CG_15_0_156_0055.ply,/gpfs/work3/0/prjs0839/data/UVG_CWI_DQPC/UVG-CWI-DQPC/BouncingBlue/he/15fps/BouncingBlue_UVG-CWI-DQPC_HE_15_0_156_0055.ply,157,157,157,157,0,0
BouncingBlue,0056,/gpfs/work3/0/prjs0839/data/UVG_CWI_DQPC/UVG-CWI-DQPC/BouncingBlue/cg/15fps/BouncingBlue_UVG-CWI-DQPC_CG_15_0_156_0056.ply,/gpfs/work3/0/prjs0839/data/UVG_CWI_DQPC/UVG-CWI-DQPC/BouncingBlue/he/15fps/BouncingBlue_UVG-CWI-DQPC_HE_15_0_156_0056.ply,157,157,157,157,0,0
BouncingBlue,0057,/gpfs/work3/0/prjs0839/data/UVG_CWI_DQPC/UVG-CWI-DQPC/BouncingBlue/cg/15fps/BouncingBlue_UVG-CWI-DQPC_CG_15_0_156_0057.ply,/gpfs/work3/0/prjs0839/data/UVG_CWI_DQPC/UVG-CWI-DQPC/BouncingBlue/he/15fps/BouncingBlue_UVG-CWI-DQPC_HE_15_0_156_0057.ply,157,157,157,157,0,0
BouncingBlue,0058,/gpfs/work3/0/prjs0839/data/UVG_CWI_DQPC/UVG-CWI-DQPC/BouncingBlue/cg/15fps/BouncingBlue_UVG-CWI-DQPC_CG_15_0_156_0058.ply,/gpfs/work3/0/prjs0839/data/UVG_CWI_DQPC/UVG-CWI-DQPC/BouncingBlue/he/15fps/BouncingBlue_UVG-CWI-DQPC_HE_15_0_156_0058.ply,157,157,157,157,0,0
BouncingBlue,0059,/gpfs/work3/0/prjs0839/data/UVG_CWI_DQPC/UVG-CWI-DQPC/BouncingBlue/cg/15fps/BouncingBlue_UVG-CWI-DQPC_CG_15_0_156_0059.ply,/gpfs/work3/0/prjs0839/data/UVG_CWI_DQPC/UVG-CWI-DQPC/BouncingBlue/he/15fps/BouncingBlue_UVG-CWI-DQPC_HE_15_0_156_0059.ply,157,157,157,157,0,0
BouncingBlue,0060,/gpfs/work3/0/prjs0839/data/UVG_CWI_DQPC/UVG-CWI-DQPC/BouncingBlue/cg/15fps/BouncingBlue_UVG-CWI-DQPC_CG_15_0_156_0060.ply,/gpfs/work3/0/prjs0839/data/UVG_CWI_DQPC/UVG-CWI-DQPC/BouncingBlue/he/15fps/BouncingBlue_UVG-CWI-DQPC_HE_15_0_156_0060.ply,157,157,157,157,0,0
BouncingBlue,0061,/gpfs/work3/0/prjs0839/data/UVG_CWI_DQPC/UVG-CWI-DQPC/BouncingBlue/cg/15fps/BouncingBlue_UVG-CWI-DQPC_CG_15_0_156_0061.ply,/gpfs/work3/0/prjs0839/data/UVG_CWI_DQPC/UVG-CWI-DQPC/BouncingBlue/he/15fps/BouncingBlue_UVG-CWI-DQPC_HE_15_0_156_0061.ply,157,157,157,157,0,0
BouncingBlue,0062,/gpfs/work3/0/prjs0839/data/UVG_CWI_DQPC/UVG-CWI-DQPC/BouncingBlue/cg/15fps/BouncingBlue_UVG-CWI-DQPC_CG_15_0_156_0062.ply,/gpfs/work3/0/prjs0839/data/UVG_CWI_DQPC/UVG-CWI-DQPC/BouncingBlue/he/15fps/BouncingBlue_UVG-CWI-DQPC_HE_15_0_156_0062.ply,157,157,157,157,0,0
BouncingBlue,0063,/gpfs/work3/0/prjs0839/data/UVG_CWI_DQPC/UVG-CWI-DQPC/BouncingBlue/cg/15fps/BouncingBlue_UVG-CWI-DQPC_CG_15_0_156_0063.ply,/gpfs/work3/0/prjs0839/data/UVG_CWI_DQPC/UVG-CWI-DQPC/BouncingBlue/he/15fps/BouncingBlue_UVG-CWI-DQPC_HE_15_0_156_0063.ply,157,157,157,157,0,0
BouncingBlue,0064,/gpfs/work3/0/prjs0839/data/UVG_CWI_DQPC/UVG-CWI-DQPC/BouncingBlue/cg/15fps/BouncingBlue_UVG-CWI-DQPC_CG_15_0_156_0064.ply,/gpfs/work3/0/prjs0839/data/UVG_CWI_DQPC/UVG-CWI-DQPC/BouncingBlue/he/15fps/BouncingBlue_UVG-CWI-DQPC_HE_15_0_156_0064.ply,157,157,157,157,0,0
BouncingBlue,0065,/gpfs/work3/0/prjs0839/data/UVG_CWI_DQPC/UVG-CWI-DQPC/BouncingBlue/cg/15fps/BouncingBlue_UVG-CWI-DQPC_CG_15_0_156_0065.ply,/gpfs/work3/0/prjs0839/data/UVG_CWI_DQPC/UVG-CWI-DQPC/BouncingBlue/he/15fps/BouncingBlue_UVG-CWI-DQPC_HE_15_0_156_0065.ply,157,157,157,157,0,0
BouncingBlue,0066,/gpfs/work3/0/prjs0839/data/UVG_CWI_DQPC/UVG-CWI-DQPC/BouncingBlue/cg/15fps/BouncingBlue_UVG-CWI-DQPC_CG_15_0_156_0066.ply,/gpfs/work3/0/prjs0839/data/UVG_CWI_DQPC/UVG-CWI-DQPC/BouncingBlue/he/15fps/BouncingBlue_UVG-CWI-DQPC_HE_15_0_156_0066.ply,157,157,157,157,0,0
BouncingBlue,0067,/gpfs/work3/0/prjs0839/data/UVG_CWI_DQPC/UVG-CWI-DQPC/BouncingBlue/cg/15fps/BouncingBlue_UVG-CWI-DQPC_CG_15_0_156_0067.ply,/gpfs/work3/0/prjs0839/data/UVG_CWI_DQPC/UVG-CWI-DQPC/BouncingBlue/he/15fps/BouncingBlue_UVG-CWI-DQPC_HE_15_0_156_0067.ply,157,157,157,157,0,0
BouncingBlue,0068,/gpfs/work3/0/prjs0839/data/UVG_CWI_DQPC/UVG-CWI-DQPC/BouncingBlue/cg/15fps/BouncingBlue_UVG-CWI-DQPC_CG_15_0_156_0068.ply,/gpfs/work3/0/prjs0839/data/UVG_CWI_DQPC/UVG-CWI-DQPC/BouncingBlue/he/15fps/BouncingBlue_UVG-CWI-DQPC_HE_15_0_156_0068.ply,157,157,157,157,0,0
BouncingBlue,0069,/gpfs/work3/0/prjs0839/data/UVG_CWI_DQPC/UVG-CWI-DQPC/BouncingBlue/cg/15fps/BouncingBlue_UVG-CWI-DQPC_CG_15_0_156_0069.ply,/gpfs/work3/0/prjs0839/data/UVG_CWI_DQPC/UVG-CWI-DQPC/BouncingBlue/he/15fps/BouncingBlue_UVG-CWI-DQPC_HE_15_0_156_0069.ply,157,157,157,157,0,0
BouncingBlue,0070,/gpfs/work3/0/prjs0839/data/UVG_CWI_DQPC/UVG-CWI-DQPC/BouncingBlue/cg/15fps/BouncingBlue_UVG-CWI-DQPC_CG_15_0_156_0070.ply,/gpfs/work3/0/prjs0839/data/UVG_CWI_DQPC/UVG-CWI-DQPC/BouncingBlue/he/15fps/BouncingBlue_UVG-CWI-DQPC_HE_15_0_156_0070.ply,157,157,157,157,0,0
BouncingBlue,0071,/gpfs/work3/0/prjs0839/data/UVG_CWI_DQPC/UVG-CWI-DQPC/BouncingBlue/cg/15fps/BouncingBlue_UVG-CWI-DQPC_CG_15_0_156_0071.ply,/gpfs/work3/0/prjs0839/data/UVG_CWI_DQPC/UVG-CWI-DQPC/BouncingBlue/he/15fps/BouncingBlue_UVG-CWI-DQPC_HE_15_0_156_0071.ply,157,157,157,157,0,0
BouncingBlue,0072,/gpfs/work3/0/prjs0839/data/UVG_CWI_DQPC/UVG-CWI-DQPC/BouncingBlue/cg/15fps/BouncingBlue_UVG-CWI-DQPC_CG_15_0_156_0072.ply,/gpfs/work3/0/prjs0839/data/UVG_CWI_DQPC/UVG-CWI-DQPC/BouncingBlue/he/15fps/BouncingBlue_UVG-CWI-DQPC_HE_15_0_156_0072.ply,157,157,157,157,0,0
BouncingBlue,0073,/gpfs/work3/0/prjs0839/data/UVG_CWI_DQPC/UVG-CWI-DQPC/BouncingBlue/cg/15fps/BouncingBlue_UVG-CWI-DQPC_CG_15_0_156_0073.ply,/gpfs/work3/0/prjs0839/data/UVG_CWI_DQPC/UVG-CWI-DQPC/BouncingBlue/he/15fps/BouncingBlue_UVG-CWI-DQPC_HE_15_0_156_0073.ply,157,157,157,157,0,0
BouncingBlue,0074,/gpfs/work3/0/prjs0839/data/UVG_CWI_DQPC/UVG-CWI-DQPC/BouncingBlue/cg/15fps/BouncingBlue_UVG-CWI-DQPC_CG_15_0_156_0074.ply,/gpfs/work3/0/prjs0839/data/UVG_CWI_DQPC/UVG-CWI-DQPC/BouncingBlue/he/15fps/BouncingBlue_UVG-CWI-DQPC_HE_15_0_156_0074.ply,157,157,157,157,0,0
BouncingBlue,0075,/gpfs/work3/0/prjs0839/data/UVG_CWI_DQPC/UVG-CWI-DQPC/BouncingBlue/cg/15fps/BouncingBlue_UVG-CWI-DQPC_CG_15_0_156_0075.ply,/gpfs/work3/0/prjs0839/data/UVG_CWI_DQPC/UVG-CWI-DQPC/BouncingBlue/he/15fps/BouncingBlue_UVG-CWI-DQPC_HE_15_0_156_0075.ply,157,157,157,157,0,0
BouncingBlue,0076,/gpfs/work3/0/prjs0839/data/UVG_CWI_DQPC/UVG-CWI-DQPC/BouncingBlue/cg/15fps/BouncingBlue_UVG-CWI-DQPC_CG_15_0_156_0076.ply,/gpfs/work3/0/prjs0839/data/UVG_CWI_DQPC/UVG-CWI-DQPC/BouncingBlue/he/15fps/BouncingBlue_UVG-CWI-DQPC_HE_15_0_156_0076.ply,157,157,157,157,0,0
BouncingBlue,0077,/gpfs/work3/0/prjs0839/data/UVG_CWI_DQPC/UVG-CWI-DQPC/BouncingBlue/cg/15fps/BouncingBlue_UVG-CWI-DQPC_CG_15_0_156_0077.ply,/gpfs/work3/0/prjs0839/data/UVG_CWI_DQPC/UVG-CWI-DQPC/BouncingBlue/he/15fps/BouncingBlue_UVG-CWI-DQPC_HE_15_0_156_0077.ply,157,157,157,157,0,0
BouncingBlue,0078,/gpfs/work3/0/prjs0839/data/UVG_CWI_DQPC/UVG-CWI-DQPC/BouncingBlue/cg/15fps/BouncingBlue_UVG-CWI-DQPC_CG_15_0_156_0078.ply,/gpfs/work3/0/prjs0839/data/UVG_CWI_DQPC/UVG-CWI-DQPC/BouncingBlue/he/15fps/BouncingBlue_UVG-CWI-DQPC_HE_15_0_156_0078.ply,157,157,157,157,0,0
BouncingBlue,0079,/gpfs/work3/0/prjs0839/data/UVG_CWI_DQPC/UVG-CWI-DQPC/BouncingBlue/cg/15fps/BouncingBlue_UVG-CWI-DQPC_CG_15_0_156_0079.ply,/gpfs/work3/0/prjs0839/data/UVG_CWI_DQPC/UVG-CWI-DQPC/BouncingBlue/he/15fps/BouncingBlue_UVG-CWI-DQPC_HE_15_0_156_0079.ply,157,157,157,157,0,0
BouncingBlue,0080,/gpfs/work3/0/prjs0839/data/UVG_CWI_DQPC/UVG-CWI-DQPC/BouncingBlue/cg/15fps/BouncingBlue_UVG-CWI-DQPC_CG_15_0_156_0080.ply,/gpfs/work3/0/prjs0839/data/UVG_CWI_DQPC/UVG-CWI-DQPC/BouncingBlue/he/15fps/BouncingBlue_UVG-CWI-DQPC_HE_15_0_156_0080.ply,157,157,157,157,0,0
BouncingBlue,0081,/gpfs/work3/0/prjs0839/data/UVG_CWI_DQPC/UVG-CWI-DQPC/BouncingBlue/cg/15fps/BouncingBlue_UVG-CWI-DQPC_CG_15_0_156_0081.ply,/gpfs/work3/0/prjs0839/data/UVG_CWI_DQPC/UVG-CWI-DQPC/BouncingBlue/he/15fps/BouncingBlue_UVG-CWI-DQPC_HE_15_0_156_0081.ply,157,157,157,157,0,0
BouncingBlue,0082,/gpfs/work3/0/prjs0839/data/UVG_CWI_DQPC/UVG-CWI-DQPC/BouncingBlue/cg/15fps/BouncingBlue_UVG-CWI-DQPC_CG_15_0_156_0082.ply,/gpfs/work3/0/prjs0839/data/UVG_CWI_DQPC/UVG-CWI-DQPC/BouncingBlue/he/15fps/BouncingBlue_UVG-CWI-DQPC_HE_15_0_156_0082.ply,157,157,157,157,0,0
BouncingBlue,0083,/gpfs/work3/0/prjs0839/data/UVG_CWI_DQPC/UVG-CWI-DQPC/BouncingBlue/cg/15fps/BouncingBlue_UVG-CWI-DQPC_CG_15_0_156_0083.ply,/gpfs/work3/0/prjs0839/data/UVG_CWI_DQPC/UVG-CWI-DQPC/BouncingBlue/he/15fps/BouncingBlue_UVG-CWI-DQPC_HE_15_0_156_0083.ply,157,157,157,157,0,0
BouncingBlue,0084,/gpfs/work3/0/prjs0839/data/UVG_CWI_DQPC/UVG-CWI-DQPC/BouncingBlue/cg/15fps/BouncingBlue_UVG-CWI-DQPC_CG_15_0_156_0084.ply,/gpfs/work3/0/prjs0839/data/UVG_CWI_DQPC/UVG-CWI-DQPC/BouncingBlue/he/15fps/BouncingBlue_UVG-CWI-DQPC_HE_15_0_156_0084.ply,157,157,157,157,0,0
BouncingBlue,0085,/gpfs/work3/0/prjs0839/data/UVG_CWI_DQPC/UVG-CWI-DQPC/BouncingBlue/cg/15fps/BouncingBlue_UVG-CWI-DQPC_CG_15_0_156_0085.ply,/gpfs/work3/0/prjs0839/data/UVG_CWI_DQPC/UVG-CWI-DQPC/BouncingBlue/he/15fps/BouncingBlue_UVG-CWI-DQPC_HE_15_0_156_0085.ply,157,157,157,157,0,0
BouncingBlue,0086,/gpfs/work3/0/prjs0839/data/UVG_CWI_DQPC/UVG-CWI-DQPC/BouncingBlue/cg/15fps/BouncingBlue_UVG-CWI-DQPC_CG_15_0_156_0086.ply,/gpfs/work3/0/prjs0839/data/UVG_CWI_DQPC/UVG-CWI-DQPC/BouncingBlue/he/15fps/BouncingBlue_UVG-CWI-DQPC_HE_15_0_156_0086.ply,157,157,157,157,0,0
BouncingBlue,0087,/gpfs/work3/0/prjs0839/data/UVG_CWI_DQPC/UVG-CWI-DQPC/BouncingBlue/cg/15fps/BouncingBlue_UVG-CWI-DQPC_CG_15_0_156_0087.ply,/gpfs/work3/0/prjs0839/data/UVG_CWI_DQPC/UVG-CWI-DQPC/BouncingBlue/he/15fps/BouncingBlue_UVG-CWI-DQPC_HE_15_0_156_0087.ply,157,157,157,157,0,0
BouncingBlue,0088,/gpfs/work3/0/prjs0839/data/UVG_CWI_DQPC/UVG-CWI-DQPC/BouncingBlue/cg/15fps/BouncingBlue_UVG-CWI-DQPC_CG_15_0_156_0088.ply,/gpfs/work3/0/prjs0839/data/UVG_CWI_DQPC/UVG-CWI-DQPC/BouncingBlue/he/15fps/BouncingBlue_UVG-CWI-DQPC_HE_15_0_156_0088.ply,157,157,157,157,0,0
BouncingBlue,0089,/gpfs/work3/0/prjs0839/data/UVG_CWI_DQPC/UVG-CWI-DQPC/BouncingBlue/cg/15fps/BouncingBlue_UVG-CWI-DQPC_CG_15_0_156_0089.ply,/gpfs/work3/0/prjs0839/data/UVG_CWI_DQPC/UVG-CWI-DQPC/BouncingBlue/he/15fps/BouncingBlue_UVG-CWI-DQPC_HE_15_0_156_0089.ply,157,157,157,157,0,0
BouncingBlue,0090,/gpfs/work3/0/prjs0839/data/UVG_CWI_DQPC/UVG-CWI-DQPC/BouncingBlue/cg/15fps/BouncingBlue_UVG-CWI-DQPC_CG_15_0_156_0090.ply,/gpfs/work3/0/prjs0839/data/UVG_CWI_DQPC/UVG-CWI-DQPC/BouncingBlue/he/15fps/BouncingBlue_UVG-CWI-DQPC_HE_15_0_156_0090.ply,157,157,157,157,0,0
BouncingBlue,0091,/gpfs/work3/0/prjs0839/data/UVG_CWI_DQPC/UVG-CWI-DQPC/BouncingBlue/cg/15fps/BouncingBlue_UVG-CWI-DQPC_CG_15_0_156_0091.ply,/gpfs/work3/0/prjs0839/data/UVG_CWI_DQPC/UVG-CWI-DQPC/BouncingBlue/he/15fps/BouncingBlue_UVG-CWI-DQPC_HE_15_0_156_0091.ply,157,157,157,157,0,0
BouncingBlue,0092,/gpfs/work3/0/prjs0839/data/UVG_CWI_DQPC/UVG-CWI-DQPC/BouncingBlue/cg/15fps/BouncingBlue_UVG-CWI-DQPC_CG_15_0_156_0092.ply,/gpfs/work3/0/prjs0839/data/UVG_CWI_DQPC/UVG-CWI-DQPC/BouncingBlue/he/15fps/BouncingBlue_UVG-CWI-DQPC_HE_15_0_156_0092.ply,157,157,157,157,0,0
BouncingBlue,0093,/gpfs/work3/0/prjs0839/data/UVG_CWI_DQPC/UVG-CWI-DQPC/BouncingBlue/cg/15fps/BouncingBlue_UVG-CWI-DQPC_CG_15_0_156_0093.ply,/gpfs/work3/0/prjs0839/data/UVG_CWI_DQPC/UVG-CWI-DQPC/BouncingBlue/he/15fps/BouncingBlue_UVG-CWI-DQPC_HE_15_0_156_0093.ply,157,157,157,157,0,0
BouncingBlue,0094,/gpfs/work3/0/prjs0839/data/UVG_CWI_DQPC/UVG-CWI-DQPC/BouncingBlue/cg/15fps/BouncingBlue_UVG-CWI-DQPC_CG_15_0_156_0094.ply,/gpfs/work3/0/prjs0839/data/UVG_CWI_DQPC/UVG-CWI-DQPC/BouncingBlue/he/15fps/BouncingBlue_UVG-CWI-DQPC_HE_15_0_156_0094.ply,157,157,157,157,0,0
BouncingBlue,0095,/gpfs/work3/0/prjs0839/data/UVG_CWI_DQPC/UVG-CWI-DQPC/BouncingBlue/cg/15fps/BouncingBlue_UVG-CWI-DQPC_CG_15_0_156_0095.ply,/gpfs/work3/0/prjs0839/data/UVG_CWI_DQPC/UVG-CWI-DQPC/BouncingBlue/he/15fps/BouncingBlue_UVG-CWI-DQPC_HE_15_0_156_0095.ply,157,157,157,157,0,0
BouncingBlue,0096,/gpfs/work3/0/prjs0839/data/UVG_CWI_DQPC/UVG-CWI-DQPC/BouncingBlue/cg/15fps/BouncingBlue_UVG-CWI-DQPC_CG_15_0_156_0096.ply,/gpfs/work3/0/prjs0839/data/UVG_CWI_DQPC/UVG-CWI-DQPC/BouncingBlue/he/15fps/BouncingBlue_UVG-CWI-DQPC_HE_15_0_156_0096.ply,157,157,157,157,0,0
BouncingBlue,0097,/gpfs/work3/0/prjs0839/data/UVG_CWI_DQPC/UVG-CWI-DQPC/BouncingBlue/cg/15fps/BouncingBlue_UVG-CWI-DQPC_CG_15_0_156_0097.ply,/gpfs/work3/0/prjs0839/data/UVG_CWI_DQPC/UVG-CWI-DQPC/BouncingBlue/he/15fps/BouncingBlue_UVG-CWI-DQPC_HE_15_0_156_0097.ply,157,157,157,157,0,0
BouncingBlue,0098,/gpfs/work3/0/prjs0839/data/UVG_CWI_DQPC/UVG-CWI-DQPC/BouncingBlue/cg/15fps/BouncingBlue_UVG-CWI-DQPC_CG_15_0_156_0098.ply,/gpfs/work3/0/prjs0839/data/UVG_CWI_DQPC/UVG-CWI-DQPC/BouncingBlue/he/15fps/BouncingBlue_UVG-CWI-DQPC_HE_15_0_156_0098.ply,157,157,157,157,0,0
BouncingBlue,0099,/gpfs/work3/0/prjs0839/data/UVG_CWI_DQPC/UVG-CWI-DQPC/BouncingBlue/cg/15fps/BouncingBlue_UVG-CWI-DQPC_CG_15_0_156_0099.ply,/gpfs/work3/0/prjs0839/data/UVG_CWI_DQPC/UVG-CWI-DQPC/BouncingBlue/he/15fps/BouncingBlue_UVG-CWI-DQPC_HE_15_0_156_0099.ply,157,157,157,157,0,0
BouncingBlue,0100,/gpfs/work3/0/prjs0839/data/UVG_CWI_DQPC/UVG-CWI-DQPC/BouncingBlue/cg/15fps/BouncingBlue_UVG-CWI-DQPC_CG_15_0_156_0100.ply,/gpfs/work3/0/prjs0839/data/UVG_CWI_DQPC/UVG-CWI-DQPC/BouncingBlue/he/15fps/BouncingBlue_UVG-CWI-DQPC_HE_15_0_156_0100.ply,157,157,157,157,0,0
BouncingBlue,0101,/gpfs/work3/0/prjs0839/data/UVG_CWI_DQPC/UVG-CWI-DQPC/BouncingBlue/cg/15fps/BouncingBlue_UVG-CWI-DQPC_CG_15_0_156_0101.ply,/gpfs/work3/0/prjs0839/data/UVG_CWI_DQPC/UVG-CWI-DQPC/BouncingBlue/he/15fps/BouncingBlue_UVG-CWI-DQPC_HE_15_0_156_0101.ply,157,157,157,157,0,0
BouncingBlue,0102,/gpfs/work3/0/prjs0839/data/UVG_CWI_DQPC/UVG-CWI-DQPC/BouncingBlue/cg/15fps/BouncingBlue_UVG-CWI-DQPC_CG_15_0_156_0102.ply,/gpfs/work3/0/prjs0839/data/UVG_CWI_DQPC/UVG-CWI-DQPC/BouncingBlue/he/15fps/BouncingBlue_UVG-CWI-DQPC_HE_15_0_156_0102.ply,157,157,157,157,0,0
BouncingBlue,0103,/gpfs/work3/0/prjs0839/data/UVG_CWI_DQPC/UVG-CWI-DQPC/BouncingBlue/cg/15fps/BouncingBlue_UVG-CWI-DQPC_CG_15_0_156_0103.ply,/gpfs/work3/0/prjs0839/data/UVG_CWI_DQPC/UVG-CWI-DQPC/BouncingBlue/he/15fps/BouncingBlue_UVG-CWI-DQPC_HE_15_0_156_0103.ply,157,157,157,157,0,0
BouncingBlue,0104,/gpfs/work3/0/prjs0839/data/UVG_CWI_DQPC/UVG-CWI-DQPC/BouncingBlue/cg/15fps/BouncingBlue_UVG-CWI-DQPC_CG_15_0_156_0104.ply,/gpfs/work3/0/prjs0839/data/UVG_CWI_DQPC/UVG-CWI-DQPC/BouncingBlue/he/15fps/BouncingBlue_UVG-CWI-DQPC_HE_15_0_156_0104.ply,157,157,157,157,0,0
BouncingBlue,0105,/gpfs/work3/0/prjs0839/data/UVG_CWI_DQPC/UVG-CWI-DQPC/BouncingBlue/cg/15fps/BouncingBlue_UVG-CWI-DQPC_CG_15_0_156_0105.ply,/gpfs/work3/0/prjs0839/data/UVG_CWI_DQPC/UVG-CWI-DQPC/BouncingBlue/he/15fps/BouncingBlue_UVG-CWI-DQPC_HE_15_0_156_0105.ply,157,157,157,157,0,0
BouncingBlue,0106,/gpfs/work3/0/prjs0839/data/UVG_CWI_DQPC/UVG-CWI-DQPC/BouncingBlue/cg/15fps/BouncingBlue_UVG-CWI-DQPC_CG_15_0_156_0106.ply,/gpfs/work3/0/prjs0839/data/UVG_CWI_DQPC/UVG-CWI-DQPC/BouncingBlue/he/15fps/BouncingBlue_UVG-CWI-DQPC_HE_15_0_156_0106.ply,157,157,157,157,0,0
BouncingBlue,0107,/gpfs/work3/0/prjs0839/data/UVG_CWI_DQPC/UVG-CWI-DQPC/BouncingBlue/cg/15fps/BouncingBlue_UVG-CWI-DQPC_CG_15_0_156_0107.ply,/gpfs/work3/0/prjs0839/data/UVG_CWI_DQPC/UVG-CWI-DQPC/BouncingBlue/he/15fps/BouncingBlue_UVG-CWI-DQPC_HE_15_0_156_0107.ply,157,157,157,157,0,0
BouncingBlue,0108,/gpfs/work3/0/prjs0839/data/UVG_CWI_DQPC/UVG-CWI-DQPC/BouncingBlue/cg/15fps/BouncingBlue_UVG-CWI-DQPC_CG_15_0_156_0108.ply,/gpfs/work3/0/prjs0839/data/UVG_CWI_DQPC/UVG-CWI-DQPC/BouncingBlue/he/15fps/BouncingBlue_UVG-CWI-DQPC_HE_15_0_156_0108.ply,157,157,157,157,0,0
BouncingBlue,0109,/gpfs/work3/0/prjs0839/data/UVG_CWI_DQPC/UVG-CWI-DQPC/BouncingBlue/cg/15fps/BouncingBlue_UVG-CWI-DQPC_CG_15_0_156_0109.ply,/gpfs/work3/0/prjs0839/data/UVG_CWI_DQPC/UVG-CWI-DQPC/BouncingBlue/he/15fps/BouncingBlue_UVG-CWI-DQPC_HE_15_0_156_0109.ply,157,157,157,157,0,0
BouncingBlue,0110,/gpfs/work3/0/prjs0839/data/UVG_CWI_DQPC/UVG-CWI-DQPC/BouncingBlue/cg/15fps/BouncingBlue_UVG-CWI-DQPC_CG_15_0_156_0110.ply,/gpfs/work3/0/prjs0839/data/UVG_CWI_DQPC/UVG-CWI-DQPC/BouncingBlue/he/15fps/BouncingBlue_UVG-CWI-DQPC_HE_15_0_156_0110.ply,157,157,157,157,0,0
BouncingBlue,0111,/gpfs/work3/0/prjs0839/data/UVG_CWI_DQPC/UVG-CWI-DQPC/BouncingBlue/cg/15fps/BouncingBlue_UVG-CWI-DQPC_CG_15_0_156_0111.ply,/gpfs/work3/0/prjs0839/data/UVG_CWI_DQPC/UVG-CWI-DQPC/BouncingBlue/he/15fps/BouncingBlue_UVG-CWI-DQPC_HE_15_0_156_0111.ply,157,157,157,157,0,0
BouncingBlue,0112,/gpfs/work3/0/prjs0839/data/UVG_CWI_DQPC/UVG-CWI-DQPC/BouncingBlue/cg/15fps/BouncingBlue_UVG-CWI-DQPC_CG_15_0_156_0112.ply,/gpfs/work3/0/prjs0839/data/UVG_CWI_DQPC/UVG-CWI-DQPC/BouncingBlue/he/15fps/BouncingBlue_UVG-CWI-DQPC_HE_15_0_156_0112.ply,157,157,157,157,0,0
BouncingBlue,0113,/gpfs/work3/0/prjs0839/data/UVG_CWI_DQPC/UVG-CWI-DQPC/BouncingBlue/cg/15fps/BouncingBlue_UVG-CWI-DQPC_CG_15_0_156_0113.ply,/gpfs/work3/0/prjs0839/data/UVG_CWI_DQPC/UVG-CWI-DQPC/BouncingBlue/he/15fps/BouncingBlue_UVG-CWI-DQPC_HE_15_0_156_0113.ply,157,157,157,157,0,0
BouncingBlue,0114,/gpfs/work3/0/prjs0839/data/UVG_CWI_DQPC/UVG-CWI-DQPC/BouncingBlue/cg/15fps/BouncingBlue_UVG-CWI-DQPC_CG_15_0_156_0114.ply,/gpfs/work3/0/prjs0839/data/UVG_CWI_DQPC/UVG-CWI-DQPC/BouncingBlue/he/15fps/BouncingBlue_UVG-CWI-DQPC_HE_15_0_156_0114.ply,157,157,157,157,0,0
BouncingBlue,0115,/gpfs/work3/0/prjs0839/data/UVG_CWI_DQPC/UVG-CWI-DQPC/BouncingBlue/cg/15fps/BouncingBlue_UVG-CWI-DQPC_CG_15_0_156_0115.ply,/gpfs/work3/0/prjs0839/data/UVG_CWI_DQPC/UVG-CWI-DQPC/BouncingBlue/he/15fps/BouncingBlue_UVG-CWI-DQPC_HE_15_0_156_0115.ply,157,157,157,157,0,0
BouncingBlue,0116,/gpfs/work3/0/prjs0839/data/UVG_CWI_DQPC/UVG-CWI-DQPC/BouncingBlue/cg/15fps/BouncingBlue_UVG-CWI-DQPC_CG_15_0_156_0116.ply,/gpfs/work3/0/prjs0839/data/UVG_CWI_DQPC/UVG-CWI-DQPC/BouncingBlue/he/15fps/BouncingBlue_UVG-CWI-DQPC_HE_15_0_156_0116.ply,157,157,157,157,0,0
BouncingBlue,0117,/gpfs/work3/0/prjs0839/data/UVG_CWI_DQPC/UVG-CWI-DQPC/BouncingBlue/cg/15fps/BouncingBlue_UVG-CWI-DQPC_CG_15_0_156_0117.ply,/gpfs/work3/0/prjs0839/data/UVG_CWI_DQPC/UVG-CWI-DQPC/BouncingBlue/he/15fps/BouncingBlue_UVG-CWI-DQPC_HE_15_0_156_0117.ply,157,157,157,157,0,0
BouncingBlue,0118,/gpfs/work3/0/prjs0839/data/UVG_CWI_DQPC/UVG-CWI-DQPC/BouncingBlue/cg/15fps/BouncingBlue_UVG-CWI-DQPC_CG_15_0_156_0118.ply,/gpfs/work3/0/prjs0839/data/UVG_CWI_DQPC/UVG-CWI-DQPC/BouncingBlue/he/15fps/BouncingBlue_UVG-CWI-DQPC_HE_15_0_156_0118.ply,157,157,157,157,0,0
BouncingBlue,0119,/gpfs/work3/0/prjs0839/data/UVG_CWI_DQPC/UVG-CWI-DQPC/BouncingBlue/cg/15fps/BouncingBlue_UVG-CWI-DQPC_CG_15_0_156_0119.ply,/gpfs/work3/0/prjs0839/data/UVG_CWI_DQPC/UVG-CWI-DQPC/BouncingBlue/he/15fps/BouncingBlue_UVG-CWI-DQPC_HE_15_0_156_0119.ply,157,157,157,157,0,0
BouncingBlue,0120,/gpfs/work3/0/prjs0839/data/UVG_CWI_DQPC/UVG-CWI-DQPC/BouncingBlue/cg/15fps/BouncingBlue_UVG-CWI-DQPC_CG_15_0_156_0120.ply,/gpfs/work3/0/prjs0839/data/UVG_CWI_DQPC/UVG-CWI-DQPC/BouncingBlue/he/15fps/BouncingBlue_UVG-CWI-DQPC_HE_15_0_156_0120.ply,157,157,157,157,0,0
BouncingBlue,0121,/gpfs/work3/0/prjs0839/data/UVG_CWI_DQPC/UVG-CWI-DQPC/BouncingBlue/cg/15fps/BouncingBlue_UVG-CWI-DQPC_CG_15_0_156_0121.ply,/gpfs/work3/0/prjs0839/data/UVG_CWI_DQPC/UVG-CWI-DQPC/BouncingBlue/he/15fps/BouncingBlue_UVG-CWI-DQPC_HE_15_0_156_0121.ply,157,157,157,157,0,0
BouncingBlue,0122,/gpfs/work3/0/prjs0839/data/UVG_CWI_DQPC/UVG-CWI-DQPC/BouncingBlue/cg/15fps/BouncingBlue_UVG-CWI-DQPC_CG_15_0_156_0122.ply,/gpfs/work3/0/prjs0839/data/UVG_CWI_DQPC/UVG-CWI-DQPC/BouncingBlue/he/15fps/BouncingBlue_UVG-CWI-DQPC_HE_15_0_156_0122.ply,157,157,157,157,0,0
BouncingBlue,0123,/gpfs/work3/0/prjs0839/data/UVG_CWI_DQPC/UVG-CWI-DQPC/BouncingBlue/cg/15fps/BouncingBlue_UVG-CWI-DQPC_CG_15_0_156_0123.ply,/gpfs/work3/0/prjs0839/data/UVG_CWI_DQPC/UVG-CWI-DQPC/BouncingBlue/he/15fps/BouncingBlue_UVG-CWI-DQPC_HE_15_0_156_0123.ply,157,157,157,157,0,0
BouncingBlue,0124,/gpfs/work3/0/prjs0839/data/UVG_CWI_DQPC/UVG-CWI-DQPC/BouncingBlue/cg/15fps/BouncingBlue_UVG-CWI-DQPC_CG_15_0_156_0124.ply,/gpfs/work3/0/prjs0839/data/UVG_CWI_DQPC/UVG-CWI-DQPC/BouncingBlue/he/15fps/BouncingBlue_UVG-CWI-DQPC_HE_15_0_156_0124.ply,157,157,157,157,0,0
BouncingBlue,0125,/gpfs/work3/0/prjs0839/data/UVG_CWI_DQPC/UVG-CWI-DQPC/BouncingBlue/cg/15fps/BouncingBlue_UVG-CWI-DQPC_CG_15_0_156_0125.ply,/gpfs/work3/0/prjs0839/data/UVG_CWI_DQPC/UVG-CWI-DQPC/BouncingBlue/he/15fps/BouncingBlue_UVG-CWI-DQPC_HE_15_0_156_0125.ply,157,157,157,157,0,0
BouncingBlue,0126,/gpfs/work3/0/prjs0839/data/UVG_CWI_DQPC/UVG-CWI-DQPC/BouncingBlue/cg/15fps/BouncingBlue_UVG-CWI-DQPC_CG_15_0_156_0126.ply,/gpfs/work3/0/prjs0839/data/UVG_CWI_DQPC/UVG-CWI-DQPC/BouncingBlue/he/15fps/BouncingBlue_UVG-CWI-DQPC_HE_15_0_156_0126.ply,157,157,157,157,0,0
BouncingBlue,0127,/gpfs/work3/0/prjs0839/data/UVG_CWI_DQPC/UVG-CWI-DQPC/BouncingBlue/cg/15fps/BouncingBlue_UVG-CWI-DQPC_CG_15_0_156_0127.ply,/gpfs/work3/0/prjs0839/data/UVG_CWI_DQPC/UVG-CWI-DQPC/BouncingBlue/he/15fps/BouncingBlue_UVG-CWI-DQPC_HE_15_0_156_0127.ply,157,157,157,157,0,0
BouncingBlue,0128,/gpfs/work3/0/prjs0839/data/UVG_CWI_DQPC/UVG-CWI-DQPC/BouncingBlue/cg/15fps/BouncingBlue_UVG-CWI-DQPC_CG_15_0_156_0128.ply,/gpfs/work3/0/prjs0839/data/UVG_CWI_DQPC/UVG-CWI-DQPC/BouncingBlue/he/15fps/BouncingBlue_UVG-CWI-DQPC_HE_15_0_156_0128.ply,157,157,157,157,0,0
BouncingBlue,0129,/gpfs/work3/0/prjs0839/data/UVG_CWI_DQPC/UVG-CWI-DQPC/BouncingBlue/cg/15fps/BouncingBlue_UVG-CWI-DQPC_CG_15_0_156_0129.ply,/gpfs/work3/0/prjs0839/data/UVG_CWI_DQPC/UVG-CWI-DQPC/BouncingBlue/he/15fps/BouncingBlue_UVG-CWI-DQPC_HE_15_0_156_0129.ply,157,157,157,157,0,0
BouncingBlue,0130,/gpfs/work3/0/prjs0839/data/UVG_CWI_DQPC/UVG-CWI-DQPC/BouncingBlue/cg/15fps/BouncingBlue_UVG-CWI-DQPC_CG_15_0_156_0130.ply,/gpfs/work3/0/prjs0839/data/UVG_CWI_DQPC/UVG-CWI-DQPC/BouncingBlue/he/15fps/BouncingBlue_UVG-CWI-DQPC_HE_15_0_156_0130.ply,157,157,157,157,0,0
BouncingBlue,0131,/gpfs/work3/0/prjs0839/data/UVG_CWI_DQPC/UVG-CWI-DQPC/BouncingBlue/cg/15fps/BouncingBlue_UVG-CWI-DQPC_CG_15_0_156_0131.ply,/gpfs/work3/0/prjs0839/data/UVG_CWI_DQPC/UVG-CWI-DQPC/BouncingBlue/he/15fps/BouncingBlue_UVG-CWI-DQPC_HE_15_0_156_0131.ply,157,157,157,157,0,0
BouncingBlue,0132,/gpfs/work3/0/prjs0839/data/UVG_CWI_DQPC/UVG-CWI-DQPC/BouncingBlue/cg/15fps/BouncingBlue_UVG-CWI-DQPC_CG_15_0_156_0132.ply,/gpfs/work3/0/prjs0839/data/UVG_CWI_DQPC/UVG-CWI-DQPC/BouncingBlue/he/15fps/BouncingBlue_UVG-CWI-DQPC_HE_15_0_156_0132.ply,157,157,157,157,0,0
BouncingBlue,0133,/gpfs/work3/0/prjs0839/data/UVG_CWI_DQPC/UVG-CWI-DQPC/BouncingBlue/cg/15fps/BouncingBlue_UVG-CWI-DQPC_CG_15_0_156_0133.ply,/gpfs/work3/0/prjs0839/data/UVG_CWI_DQPC/UVG-CWI-DQPC/BouncingBlue/he/15fps/BouncingBlue_UVG-CWI-DQPC_HE_15_0_156_0133.ply,157,157,157,157,0,0
BouncingBlue,0134,/gpfs/work3/0/prjs0839/data/UVG_CWI_DQPC/UVG-CWI-DQPC/BouncingBlue/cg/15fps/BouncingBlue_UVG-CWI-DQPC_CG_15_0_156_0134.ply,/gpfs/work3/0/prjs0839/data/UVG_CWI_DQPC/UVG-CWI-DQPC/BouncingBlue/he/15fps/BouncingBlue_UVG-CWI-DQPC_HE_15_0_156_0134.ply,157,157,157,157,0,0
BouncingBlue,0135,/gpfs/work3/0/prjs0839/data/UVG_CWI_DQPC/UVG-CWI-DQPC/BouncingBlue/cg/15fps/BouncingBlue_UVG-CWI-DQPC_CG_15_0_156_0135.ply,/gpfs/work3/0/prjs0839/data/UVG_CWI_DQPC/UVG-CWI-DQPC/BouncingBlue/he/15fps/BouncingBlue_UVG-CWI-DQPC_HE_15_0_156_0135.ply,157,157,157,157,0,0
BouncingBlue,0136,/gpfs/work3/0/prjs0839/data/UVG_CWI_DQPC/UVG-CWI-DQPC/BouncingBlue/cg/15fps/BouncingBlue_UVG-CWI-DQPC_CG_15_0_156_0136.ply,/gpfs/work3/0/prjs0839/data/UVG_CWI_DQPC/UVG-CWI-DQPC/BouncingBlue/he/15fps/BouncingBlue_UVG-CWI-DQPC_HE_15_0_156_0136.ply,157,157,157,157,0,0
BouncingBlue,0137,/gpfs/work3/0/prjs0839/data/UVG_CWI_DQPC/UVG-CWI-DQPC/BouncingBlue/cg/15fps/BouncingBlue_UVG-CWI-DQPC_CG_15_0_156_0137.ply,/gpfs/work3/0/prjs0839/data/UVG_CWI_DQPC/UVG-CWI-DQPC/BouncingBlue/he/15fps/BouncingBlue_UVG-CWI-DQPC_HE_15_0_156_0137.ply,157,157,157,157,0,0
BouncingBlue,0138,/gpfs/work3/0/prjs0839/data/UVG_CWI_DQPC/UVG-CWI-DQPC/BouncingBlue/cg/15fps/BouncingBlue_UVG-CWI-DQPC_CG_15_0_156_0138.ply,/gpfs/work3/0/prjs0839/data/UVG_CWI_DQPC/UVG-CWI-DQPC/BouncingBlue/he/15fps/BouncingBlue_UVG-CWI-DQPC_HE_15_0_156_0138.ply,157,157,157,157,0,0
BouncingBlue,0139,/gpfs/work3/0/prjs0839/data/UVG_CWI_DQPC/UVG-CWI-DQPC/BouncingBlue/cg/15fps/BouncingBlue_UVG-CWI-DQPC_CG_15_0_156_0139.ply,/gpfs/work3/0/prjs0839/data/UVG_CWI_DQPC/UVG-CWI-DQPC/BouncingBlue/he/15fps/BouncingBlue_UVG-CWI-DQPC_HE_15_0_156_0139.ply,157,157,157,157,0,0
BouncingBlue,0140,/gpfs/work3/0/prjs0839/data/UVG_CWI_DQPC/UVG-CWI-DQPC/BouncingBlue/cg/15fps/BouncingBlue_UVG-CWI-DQPC_CG_15_0_156_0140.ply,/gpfs/work3/0/prjs0839/data/UVG_CWI_DQPC/UVG-CWI-DQPC/BouncingBlue/he/15fps/BouncingBlue_UVG-CWI-DQPC_HE_15_0_156_0140.ply,157,157,157,157,0,0
BouncingBlue,0141,/gpfs/work3/0/prjs0839/data/UVG_CWI_DQPC/UVG-CWI-DQPC/BouncingBlue/cg/15fps/BouncingBlue_UVG-CWI-DQPC_CG_15_0_156_0141.ply,/gpfs/work3/0/prjs0839/data/UVG_CWI_DQPC/UVG-CWI-DQPC/BouncingBlue/he/15fps/BouncingBlue_UVG-CWI-DQPC_HE_15_0_156_0141.ply,157,157,157,157,0,0
BouncingBlue,0142,/gpfs/work3/0/prjs0839/data/UVG_CWI_DQPC/UVG-CWI-DQPC/BouncingBlue/cg/15fps/BouncingBlue_UVG-CWI-DQPC_CG_15_0_156_0142.ply,/gpfs/work3/0/prjs0839/data/UVG_CWI_DQPC/UVG-CWI-DQPC/BouncingBlue/he/15fps/BouncingBlue_UVG-CWI-DQPC_HE_15_0_156_0142.ply,157,157,157,157,0,0
BouncingBlue,0143,/gpfs/work3/0/prjs0839/data/UVG_CWI_DQPC/UVG-CWI-DQPC/BouncingBlue/cg/15fps/BouncingBlue_UVG-CWI-DQPC_CG_15_0_156_0143.ply,/gpfs/work3/0/prjs0839/data/UVG_CWI_DQPC/UVG-CWI-DQPC/BouncingBlue/he/15fps/BouncingBlue_UVG-CWI-DQPC_HE_15_0_156_0143.ply,157,157,157,157,0,0
BouncingBlue,0144,/gpfs/work3/0/prjs0839/data/UVG_CWI_DQPC/UVG-CWI-DQPC/BouncingBlue/cg/15fps/BouncingBlue_UVG-CWI-DQPC_CG_15_0_156_0144.ply,/gpfs/work3/0/prjs0839/data/UVG_CWI_DQPC/UVG-CWI-DQPC/BouncingBlue/he/15fps/BouncingBlue_UVG-CWI-DQPC_HE_15_0_156_0144.ply,157,157,157,157,0,0
BouncingBlue,0145,/gpfs/work3/0/prjs0839/data/UVG_CWI_DQPC/UVG-CWI-DQPC/BouncingBlue/cg/15fps/BouncingBlue_UVG-CWI-DQPC_CG_15_0_156_0145.ply,/gpfs/work3/0/prjs0839/data/UVG_CWI_DQPC/UVG-CWI-DQPC/BouncingBlue/he/15fps/BouncingBlue_UVG-CWI-DQPC_HE_15_0_156_0145.ply,157,157,157,157,0,0
BouncingBlue,0146,/gpfs/work3/0/prjs0839/data/UVG_CWI_DQPC/UVG-CWI-DQPC/BouncingBlue/cg/15fps/BouncingBlue_UVG-CWI-DQPC_CG_15_0_156_0146.ply,/gpfs/work3/0/prjs0839/data/UVG_CWI_DQPC/UVG-CWI-DQPC/BouncingBlue/he/15fps/BouncingBlue_UVG-CWI-DQPC_HE_15_0_156_0146.ply,157,157,157,157,0,0
BouncingBlue,0147,/gpfs/work3/0/prjs0839/data/UVG_CWI_DQPC/UVG-CWI-DQPC/BouncingBlue/cg/15fps/BouncingBlue_UVG-CWI-DQPC_CG_15_0_156_0147.ply,/gpfs/work3/0/prjs0839/data/UVG_CWI_DQPC/UVG-CWI-DQPC/BouncingBlue/he/15fps/BouncingBlue_UVG-CWI-DQPC_HE_15_0_156_0147.ply,157,157,157,157,0,0
BouncingBlue,0148,/gpfs/work3/0/prjs0839/data/UVG_CWI_DQPC/UVG-CWI-DQPC/BouncingBlue/cg/15fps/BouncingBlue_UVG-CWI-DQPC_CG_15_0_156_0148.ply,/gpfs/work3/0/prjs0839/data/UVG_CWI_DQPC/UVG-CWI-DQPC/BouncingBlue/he/15fps/BouncingBlue_UVG-CWI-DQPC_HE_15_0_156_0148.ply,157,157,157,157,0,0
BouncingBlue,0149,/gpfs/work3/0/prjs0839/data/UVG_CWI_DQPC/UVG-CWI-DQPC/BouncingBlue/cg/15fps/BouncingBlue_UVG-CWI-DQPC_CG_15_0_156_0149.ply,/gpfs/work3/0/prjs0839/data/UVG_CWI_DQPC/UVG-CWI-DQPC/BouncingBlue/he/15fps/BouncingBlue_UVG-CWI-DQPC_HE_15_0_156_0149.ply,157,157,157,157,0,0
BouncingBlue,0150,/gpfs/work3/0/prjs0839/data/UVG_CWI_DQPC/UVG-CWI-DQPC/BouncingBlue/cg/15fps/BouncingBlue_UVG-CWI-DQPC_CG_15_0_156_0150.ply,/gpfs/work3/0/prjs0839/data/UVG_CWI_DQPC/UVG-CWI-DQPC/BouncingBlue/he/15fps/BouncingBlue_UVG-CWI-DQPC_HE_15_0_156_0150.ply,157,157,157,157,0,0
BouncingBlue,0151,/gpfs/work3/0/prjs0839/data/UVG_CWI_DQPC/UVG-CWI-DQPC/BouncingBlue/cg/15fps/BouncingBlue_UVG-CWI-DQPC_CG_15_0_156_0151.ply,/gpfs/work3/0/prjs0839/data/UVG_CWI_DQPC/UVG-CWI-DQPC/BouncingBlue/he/15fps/BouncingBlue_UVG-CWI-DQPC_HE_15_0_156_0151.ply,157,157,157,157,0,0
BouncingBlue,0152,/gpfs/work3/0/prjs0839/data/UVG_CWI_DQPC/UVG-CWI-DQPC/BouncingBlue/cg/15fps/BouncingBlue_UVG-CWI-DQPC_CG_15_0_156_0152.ply,/gpfs/work3/0/prjs0839/data/UVG_CWI_DQPC/UVG-CWI-DQPC/BouncingBlue/he/15fps/BouncingBlue_UVG-CWI-DQPC_HE_15_0_156_0152.ply,157,157,157,157,0,0
BouncingBlue,0153,/gpfs/work3/0/prjs0839/data/UVG_CWI_DQPC/UVG-CWI-DQPC/BouncingBlue/cg/15fps/BouncingBlue_UVG-CWI-DQPC_CG_15_0_156_0153.ply,/gpfs/work3/0/prjs0839/data/UVG_CWI_DQPC/UVG-CWI-DQPC/BouncingBlue/he/15fps/BouncingBlue_UVG-CWI-DQPC_HE_15_0_156_0153.ply,157,157,157,157,0,0
BouncingBlue,0154,/gpfs/work3/0/prjs0839/data/UVG_CWI_DQPC/UVG-CWI-DQPC/BouncingBlue/cg/15fps/BouncingBlue_UVG-CWI-DQPC_CG_15_0_156_0154.ply,/gpfs/work3/0/prjs0839/data/UVG_CWI_DQPC/UVG-CWI-DQPC/BouncingBlue/he/15fps/BouncingBlue_UVG-CWI-DQPC_HE_15_0_156_0154.ply,157,157,157,157,0,0
BouncingBlue,0155,/gpfs/work3/0/prjs0839/data/UVG_CWI_DQPC/UVG-CWI-DQPC/BouncingBlue/cg/15fps/BouncingBlue_UVG-CWI-DQPC_CG_15_0_156_0155.ply,/gpfs/work3/0/prjs0839/data/UVG_CWI_DQPC/UVG-CWI-DQPC/BouncingBlue/he/15fps/BouncingBlue_UVG-CWI-DQPC_HE_15_0_156_0155.ply,157,157,157,157,0,0
BouncingBlue,0156,/gpfs/work3/0/prjs0839/data/UVG_CWI_DQPC/UVG-CWI-DQPC/BouncingBlue/cg/15fps/BouncingBlue_UVG-CWI-DQPC_CG_15_0_156_0156.ply,/gpfs/work3/0/prjs0839/data/UVG_CWI_DQPC/UVG-CWI-DQPC/BouncingBlue/he/15fps/BouncingBlue_UVG-CWI-DQPC_HE_15_0_156_0156.ply,157,157,157,157,0,0
FitFluencer,0000,/gpfs/work3/0/prjs0839/data/UVG_CWI_DQPC/UVG-CWI-DQPC/FitFluencer/cg/15fps/FitFluencer_UVG-CWI-DQPC_CG_15_0_200_0000.ply,/gpfs/work3/0/prjs0839/data/UVG_CWI_DQPC/UVG-CWI-DQPC/FitFluencer/he/15fps/FitFluencer_UVG-CWI-DQPC_HE_15_0_200_0000.ply,201,201,201,201,0,0
FitFluencer,0001,/gpfs/work3/0/prjs0839/data/UVG_CWI_DQPC/UVG-CWI-DQPC/FitFluencer/cg/15fps/FitFluencer_UVG-CWI-DQPC_CG_15_0_200_0001.ply,/gpfs/work3/0/prjs0839/data/UVG_CWI_DQPC/UVG-CWI-DQPC/FitFluencer/he/15fps/FitFluencer_UVG-CWI-DQPC_HE_15_0_200_0001.ply,201,201,201,201,0,0
FitFluencer,0002,/gpfs/work3/0/prjs0839/data/UVG_CWI_DQPC/UVG-CWI-DQPC/FitFluencer/cg/15fps/FitFluencer_UVG-CWI-DQPC_CG_15_0_200_0002.ply,/gpfs/work3/0/prjs0839/data/UVG_CWI_DQPC/UVG-CWI-DQPC/FitFluencer/he/15fps/FitFluencer_UVG-CWI-DQPC_HE_15_0_200_0002.ply,201,201,201,201,0,0
FitFluencer,0003,/gpfs/work3/0/prjs0839/data/UVG_CWI_DQPC/UVG-CWI-DQPC/FitFluencer/cg/15fps/FitFluencer_UVG-CWI-DQPC_CG_15_0_200_0003.ply,/gpfs/work3/0/prjs0839/data/UVG_CWI_DQPC/UVG-CWI-DQPC/FitFluencer/he/15fps/FitFluencer_UVG-CWI-DQPC_HE_15_0_200_0003.ply,201,201,201,201,0,0
FitFluencer,0004,/gpfs/work3/0/prjs0839/data/UVG_CWI_DQPC/UVG-CWI-DQPC/FitFluencer/cg/15fps/FitFluencer_UVG-CWI-DQPC_CG_15_0_200_0004.ply,/gpfs/work3/0/prjs0839/data/UVG_CWI_DQPC/UVG-CWI-DQPC/FitFluencer/he/15fps/FitFluencer_UVG-CWI-DQPC_HE_15_0_200_0004.ply,201,201,201,201,0,0
FitFluencer,0005,/gpfs/work3/0/prjs0839/data/UVG_CWI_DQPC/UVG-CWI-DQPC/FitFluencer/cg/15fps/FitFluencer_UVG-CWI-DQPC_CG_15_0_200_0005.ply,/gpfs/work3/0/prjs0839/data/UVG_CWI_DQPC/UVG-CWI-DQPC/FitFluencer/he/15fps/FitFluencer_UVG-CWI-DQPC_HE_15_0_200_0005.ply,201,201,201,201,0,0
FitFluencer,0006,/gpfs/work3/0/prjs0839/data/UVG_CWI_DQPC/UVG-CWI-DQPC/FitFluencer/cg/15fps/FitFluencer_UVG-CWI-DQPC_CG_15_0_200_0006.ply,/gpfs/work3/0/prjs0839/data/UVG_CWI_DQPC/UVG-CWI-DQPC/FitFluencer/he/15fps/FitFluencer_UVG-CWI-DQPC_HE_15_0_200_0006.ply,201,201,201,201,0,0
FitFluencer,0007,/gpfs/work3/0/prjs0839/data/UVG_CWI_DQPC/UVG-CWI-DQPC/FitFluencer/cg/15fps/FitFluencer_UVG-CWI-DQPC_CG_15_0_200_0007.ply,/gpfs/work3/0/prjs0839/data/UVG_CWI_DQPC/UVG-CWI-DQPC/FitFluencer/he/15fps/FitFluencer_UVG-CWI-DQPC_HE_15_0_200_0007.ply,201,201,201,201,0,0
FitFluencer,0008,/gpfs/work3/0/prjs0839/data/UVG_CWI_DQPC/UVG-CWI-DQPC/FitFluencer/cg/15fps/FitFluencer_UVG-CWI-DQPC_CG_15_0_200_0008.ply,/gpfs/work3/0/prjs0839/data/UVG_CWI_DQPC/UVG-CWI-DQPC/FitFluencer/he/15fps/FitFluencer_UVG-CWI-DQPC_HE_15_0_200_0008.ply,201,201,201,201,0,0
FitFluencer,0009,/gpfs/work3/0/prjs0839/data/UVG_CWI_DQPC/UVG-CWI-DQPC/FitFluencer/cg/15fps/FitFluencer_UVG-CWI-DQPC_CG_15_0_200_0009.ply,/gpfs/work3/0/prjs0839/data/UVG_CWI_DQPC/UVG-CWI-DQPC/FitFluencer/he/15fps/FitFluencer_UVG-CWI-DQPC_HE_15_0_200_0009.ply,201,201,201,201,0,0
FitFluencer,0010,/gpfs/work3/0/prjs0839/data/UVG_CWI_DQPC/UVG-CWI-DQPC/FitFluencer/cg/15fps/FitFluencer_UVG-CWI-DQPC_CG_15_0_200_0010.ply,/gpfs/work3/0/prjs0839/data/UVG_CWI_DQPC/UVG-CWI-DQPC/FitFluencer/he/15fps/FitFluencer_UVG-CWI-DQPC_HE_15_0_200_0010.ply,201,201,201,201,0,0
FitFluencer,0011,/gpfs/work3/0/prjs0839/data/UVG_CWI_DQPC/UVG-CWI-DQPC/FitFluencer/cg/15fps/FitFluencer_UVG-CWI-DQPC_CG_15_0_200_0011.ply,/gpfs/work3/0/prjs0839/data/UVG_CWI_DQPC/UVG-CWI-DQPC/FitFluencer/he/15fps/FitFluencer_UVG-CWI-DQPC_HE_15_0_200_0011.ply,201,201,201,201,0,0
FitFluencer,0012,/gpfs/work3/0/prjs0839/data/UVG_CWI_DQPC/UVG-CWI-DQPC/FitFluencer/cg/15fps/FitFluencer_UVG-CWI-DQPC_CG_15_0_200_0012.ply,/gpfs/work3/0/prjs0839/data/UVG_CWI_DQPC/UVG-CWI-DQPC/FitFluencer/he/15fps/FitFluencer_UVG-CWI-DQPC_HE_15_0_200_0012.ply,201,201,201,201,0,0
FitFluencer,0013,/gpfs/work3/0/prjs0839/data/UVG_CWI_DQPC/UVG-CWI-DQPC/FitFluencer/cg/15fps/FitFluencer_UVG-CWI-DQPC_CG_15_0_200_0013.ply,/gpfs/work3/0/prjs0839/data/UVG_CWI_DQPC/UVG-CWI-DQPC/FitFluencer/he/15fps/FitFluencer_UVG-CWI-DQPC_HE_15_0_200_0013.ply,201,201,201,201,0,0
FitFluencer,0014,/gpfs/work3/0/prjs0839/data/UVG_CWI_DQPC/UVG-CWI-DQPC/FitFluencer/cg/15fps/FitFluencer_UVG-CWI-DQPC_CG_15_0_200_0014.ply,/gpfs/work3/0/prjs0839/data/UVG_CWI_DQPC/UVG-CWI-DQPC/FitFluencer/he/15fps/FitFluencer_UVG-CWI-DQPC_HE_15_0_200_0014.ply,201,201,201,201,0,0
FitFluencer,0015,/gpfs/work3/0/prjs0839/data/UVG_CWI_DQPC/UVG-CWI-DQPC/FitFluencer/cg/15fps/FitFluencer_UVG-CWI-DQPC_CG_15_0_200_0015.ply,/gpfs/work3/0/prjs0839/data/UVG_CWI_DQPC/UVG-CWI-DQPC/FitFluencer/he/15fps/FitFluencer_UVG-CWI-DQPC_HE_15_0_200_0015.ply,201,201,201,201,0,0
FitFluencer,0016,/gpfs/work3/0/prjs0839/data/UVG_CWI_DQPC/UVG-CWI-DQPC/FitFluencer/cg/15fps/FitFluencer_UVG-CWI-DQPC_CG_15_0_200_0016.ply,/gpfs/work3/0/prjs0839/data/UVG_CWI_DQPC/UVG-CWI-DQPC/FitFluencer/he/15fps/FitFluencer_UVG-CWI-DQPC_HE_15_0_200_0016.ply,201,201,201,201,0,0
FitFluencer,0017,/gpfs/work3/0/prjs0839/data/UVG_CWI_DQPC/UVG-CWI-DQPC/FitFluencer/cg/15fps/FitFluencer_UVG-CWI-DQPC_CG_15_0_200_0017.ply,/gpfs/work3/0/prjs0839/data/UVG_CWI_DQPC/UVG-CWI-DQPC/FitFluencer/he/15fps/FitFluencer_UVG-CWI-DQPC_HE_15_0_200_0017.ply,201,201,201,201,0,0
FitFluencer,0018,/gpfs/work3/0/prjs0839/data/UVG_CWI_DQPC/UVG-CWI-DQPC/FitFluencer/cg/15fps/FitFluencer_UVG-CWI-DQPC_CG_15_0_200_0018.ply,/gpfs/work3/0/prjs0839/data/UVG_CWI_DQPC/UVG-CWI-DQPC/FitFluencer/he/15fps/FitFluencer_UVG-CWI-DQPC_HE_15_0_200_0018.ply,201,201,201,201,0,0
FitFluencer,0019,/gpfs/work3/0/prjs0839/data/UVG_CWI_DQPC/UVG-CWI-DQPC/FitFluencer/cg/15fps/FitFluencer_UVG-CWI-DQPC_CG_15_0_200_0019.ply,/gpfs/work3/0/prjs0839/data/UVG_CWI_DQPC/UVG-CWI-DQPC/FitFluencer/he/15fps/FitFluencer_UVG-CWI-DQPC_HE_15_0_200_0019.ply,201,201,201,201,0,0
FitFluencer,0020,/gpfs/work3/0/prjs0839/data/UVG_CWI_DQPC/UVG-CWI-DQPC/FitFluencer/cg/15fps/FitFluencer_UVG-CWI-DQPC_CG_15_0_200_0020.ply,/gpfs/work3/0/prjs0839/data/UVG_CWI_DQPC/UVG-CWI-DQPC/FitFluencer/he/15fps/FitFluencer_UVG-CWI-DQPC_HE_15_0_200_0020.ply,201,201,201,201,0,0
FitFluencer,0021,/gpfs/work3/0/prjs0839/data/UVG_CWI_DQPC/UVG-CWI-DQPC/FitFluencer/cg/15fps/FitFluencer_UVG-CWI-DQPC_CG_15_0_200_0021.ply,/gpfs/work3/0/prjs0839/data/UVG_CWI_DQPC/UVG-CWI-DQPC/FitFluencer/he/15fps/FitFluencer_UVG-CWI-DQPC_HE_15_0_200_0021.ply,201,201,201,201,0,0
FitFluencer,0022,/gpfs/work3/0/prjs0839/data/UVG_CWI_DQPC/UVG-CWI-DQPC/FitFluencer/cg/15fps/FitFluencer_UVG-CWI-DQPC_CG_15_0_200_0022.ply,/gpfs/work3/0/prjs0839/data/UVG_CWI_DQPC/UVG-CWI-DQPC/FitFluencer/he/15fps/FitFluencer_UVG-CWI-DQPC_HE_15_0_200_0022.ply,201,201,201,201,0,0
FitFluencer,0023,/gpfs/work3/0/prjs0839/data/UVG_CWI_DQPC/UVG-CWI-DQPC/FitFluencer/cg/15fps/FitFluencer_UVG-CWI-DQPC_CG_15_0_200_0023.ply,/gpfs/work3/0/prjs0839/data/UVG_CWI_DQPC/UVG-CWI-DQPC/FitFluencer/he/15fps/FitFluencer_UVG-CWI-DQPC_HE_15_0_200_0023.ply,201,201,201,201,0,0
FitFluencer,0024,/gpfs/work3/0/prjs0839/data/UVG_CWI_DQPC/UVG-CWI-DQPC/FitFluencer/cg/15fps/FitFluencer_UVG-CWI-DQPC_CG_15_0_200_0024.ply,/gpfs/work3/0/prjs0839/data/UVG_CWI_DQPC/UVG-CWI-DQPC/FitFluencer/he/15fps/FitFluencer_UVG-CWI-DQPC_HE_15_0_200_0024.ply,201,201,201,201,0,0
FitFluencer,0025,/gpfs/work3/0/prjs0839/data/UVG_CWI_DQPC/UVG-CWI-DQPC/FitFluencer/cg/15fps/FitFluencer_UVG-CWI-DQPC_CG_15_0_200_0025.ply,/gpfs/work3/0/prjs0839/data/UVG_CWI_DQPC/UVG-CWI-DQPC/FitFluencer/he/15fps/FitFluencer_UVG-CWI-DQPC_HE_15_0_200_0025.ply,201,201,201,201,0,0
FitFluencer,0026,/gpfs/work3/0/prjs0839/data/UVG_CWI_DQPC/UVG-CWI-DQPC/FitFluencer/cg/15fps/FitFluencer_UVG-CWI-DQPC_CG_15_0_200_0026.ply,/gpfs/work3/0/prjs0839/data/UVG_CWI_DQPC/UVG-CWI-DQPC/FitFluencer/he/15fps/FitFluencer_UVG-CWI-DQPC_HE_15_0_200_0026.ply,201,201,201,201,0,0
FitFluencer,0027,/gpfs/work3/0/prjs0839/data/UVG_CWI_DQPC/UVG-CWI-DQPC/FitFluencer/cg/15fps/FitFluencer_UVG-CWI-DQPC_CG_15_0_200_0027.ply,/gpfs/work3/0/prjs0839/data/UVG_CWI_DQPC/UVG-CWI-DQPC/FitFluencer/he/15fps/FitFluencer_UVG-CWI-DQPC_HE_15_0_200_0027.ply,201,201,201,201,0,0
FitFluencer,0028,/gpfs/work3/0/prjs0839/data/UVG_CWI_DQPC/UVG-CWI-DQPC/FitFluencer/cg/15fps/FitFluencer_UVG-CWI-DQPC_CG_15_0_200_0028.ply,/gpfs/work3/0/prjs0839/data/UVG_CWI_DQPC/UVG-CWI-DQPC/FitFluencer/he/15fps/FitFluencer_UVG-CWI-DQPC_HE_15_0_200_0028.ply,201,201,201,201,0,0
FitFluencer,0029,/gpfs/work3/0/prjs0839/data/UVG_CWI_DQPC/UVG-CWI-DQPC/FitFluencer/cg/15fps/FitFluencer_UVG-CWI-DQPC_CG_15_0_200_0029.ply,/gpfs/work3/0/prjs0839/data/UVG_CWI_DQPC/UVG-CWI-DQPC/FitFluencer/he/15fps/FitFluencer_UVG-CWI-DQPC_HE_15_0_200_0029.ply,201,201,201,201,0,0
FitFluencer,0030,/gpfs/work3/0/prjs0839/data/UVG_CWI_DQPC/UVG-CWI-DQPC/FitFluencer/cg/15fps/FitFluencer_UVG-CWI-DQPC_CG_15_0_200_0030.ply,/gpfs/work3/0/prjs0839/data/UVG_CWI_DQPC/UVG-CWI-DQPC/FitFluencer/he/15fps/FitFluencer_UVG-CWI-DQPC_HE_15_0_200_0030.ply,201,201,201,201,0,0
FitFluencer,0031,/gpfs/work3/0/prjs0839/data/UVG_CWI_DQPC/UVG-CWI-DQPC/FitFluencer/cg/15fps/FitFluencer_UVG-CWI-DQPC_CG_15_0_200_0031.ply,/gpfs/work3/0/prjs0839/data/UVG_CWI_DQPC/UVG-CWI-DQPC/FitFluencer/he/15fps/FitFluencer_UVG-CWI-DQPC_HE_15_0_200_0031.ply,201,201,201,201,0,0
FitFluencer,0032,/gpfs/work3/0/prjs0839/data/UVG_CWI_DQPC/UVG-CWI-DQPC/FitFluencer/cg/15fps/FitFluencer_UVG-CWI-DQPC_CG_15_0_200_0032.ply,/gpfs/work3/0/prjs0839/data/UVG_CWI_DQPC/UVG-CWI-DQPC/FitFluencer/he/15fps/FitFluencer_UVG-CWI-DQPC_HE_15_0_200_0032.ply,201,201,201,201,0,0
FitFluencer,0033,/gpfs/work3/0/prjs0839/data/UVG_CWI_DQPC/UVG-CWI-DQPC/FitFluencer/cg/15fps/FitFluencer_UVG-CWI-DQPC_CG_15_0_200_0033.ply,/gpfs/work3/0/prjs0839/data/UVG_CWI_DQPC/UVG-CWI-DQPC/FitFluencer/he/15fps/FitFluencer_UVG-CWI-DQPC_HE_15_0_200_0033.ply,201,201,201,201,0,0
FitFluencer,0034,/gpfs/work3/0/prjs0839/data/UVG_CWI_DQPC/UVG-CWI-DQPC/FitFluencer/cg/15fps/FitFluencer_UVG-CWI-DQPC_CG_15_0_200_0034.ply,/gpfs/work3/0/prjs0839/data/UVG_CWI_DQPC/UVG-CWI-DQPC/FitFluencer/he/15fps/FitFluencer_UVG-CWI-DQPC_HE_15_0_200_0034.ply,201,201,201,201,0,0
FitFluencer,0035,/gpfs/work3/0/prjs0839/data/UVG_CWI_DQPC/UVG-CWI-DQPC/FitFluencer/cg/15fps/FitFluencer_UVG-CWI-DQPC_CG_15_0_200_0035.ply,/gpfs/work3/0/prjs0839/data/UVG_CWI_DQPC/UVG-CWI-DQPC/FitFluencer/he/15fps/FitFluencer_UVG-CWI-DQPC_HE_15_0_200_0035.ply,201,201,201,201,0,0
FitFluencer,0036,/gpfs/work3/0/prjs0839/data/UVG_CWI_DQPC/UVG-CWI-DQPC/FitFluencer/cg/15fps/FitFluencer_UVG-CWI-DQPC_CG_15_0_200_0036.ply,/gpfs/work3/0/prjs0839/data/UVG_CWI_DQPC/UVG-CWI-DQPC/FitFluencer/he/15fps/FitFluencer_UVG-CWI-DQPC_HE_15_0_200_0036.ply,201,201,201,201,0,0
FitFluencer,0037,/gpfs/work3/0/prjs0839/data/UVG_CWI_DQPC/UVG-CWI-DQPC/FitFluencer/cg/15fps/FitFluencer_UVG-CWI-DQPC_CG_15_0_200_0037.ply,/gpfs/work3/0/prjs0839/data/UVG_CWI_DQPC/UVG-CWI-DQPC/FitFluencer/he/15fps/FitFluencer_UVG-CWI-DQPC_HE_15_0_200_0037.ply,201,201,201,201,0,0
FitFluencer,0038,/gpfs/work3/0/prjs0839/data/UVG_CWI_DQPC/UVG-CWI-DQPC/FitFluencer/cg/15fps/FitFluencer_UVG-CWI-DQPC_CG_15_0_200_0038.ply,/gpfs/work3/0/prjs0839/data/UVG_CWI_DQPC/UVG-CWI-DQPC/FitFluencer/he/15fps/FitFluencer_UVG-CWI-DQPC_HE_15_0_200_0038.ply,201,201,201,201,0,0
FitFluencer,0039,/gpfs/work3/0/prjs0839/data/UVG_CWI_DQPC/UVG-CWI-DQPC/FitFluencer/cg/15fps/FitFluencer_UVG-CWI-DQPC_CG_15_0_200_0039.ply,/gpfs/work3/0/prjs0839/data/UVG_CWI_DQPC/UVG-CWI-DQPC/FitFluencer/he/15fps/FitFluencer_UVG-CWI-DQPC_HE_15_0_200_0039.ply,201,201,201,201,0,0
FitFluencer,0040,/gpfs/work3/0/prjs0839/data/UVG_CWI_DQPC/UVG-CWI-DQPC/FitFluencer/cg/15fps/FitFluencer_UVG-CWI-DQPC_CG_15_0_200_0040.ply,/gpfs/work3/0/prjs0839/data/UVG_CWI_DQPC/UVG-CWI-DQPC/FitFluencer/he/15fps/FitFluencer_UVG-CWI-DQPC_HE_15_0_200_0040.ply,201,201,201,201,0,0
FitFluencer,0041,/gpfs/work3/0/prjs0839/data/UVG_CWI_DQPC/UVG-CWI-DQPC/FitFluencer/cg/15fps/FitFluencer_UVG-CWI-DQPC_CG_15_0_200_0041.ply,/gpfs/work3/0/prjs0839/data/UVG_CWI_DQPC/UVG-CWI-DQPC/FitFluencer/he/15fps/FitFluencer_UVG-CWI-DQPC_HE_15_0_200_0041.ply,201,201,201,201,0,0
FitFluencer,0042,/gpfs/work3/0/prjs0839/data/UVG_CWI_DQPC/UVG-CWI-DQPC/FitFluencer/cg/15fps/FitFluencer_UVG-CWI-DQPC_CG_15_0_200_0042.ply,/gpfs/work3/0/prjs0839/data/UVG_CWI_DQPC/UVG-CWI-DQPC/FitFluencer/he/15fps/FitFluencer_UVG-CWI-DQPC_HE_15_0_200_0042.ply,201,201,201,201,0,0
FitFluencer,0043,/gpfs/work3/0/prjs0839/data/UVG_CWI_DQPC/UVG-CWI-DQPC/FitFluencer/cg/15fps/FitFluencer_UVG-CWI-DQPC_CG_15_0_200_0043.ply,/gpfs/work3/0/prjs0839/data/UVG_CWI_DQPC/UVG-CWI-DQPC/FitFluencer/he/15fps/FitFluencer_UVG-CWI-DQPC_HE_15_0_200_0043.ply,201,201,201,201,0,0
FitFluencer,0044,/gpfs/work3/0/prjs0839/data/UVG_CWI_DQPC/UVG-CWI-DQPC/FitFluencer/cg/15fps/FitFluencer_UVG-CWI-DQPC_CG_15_0_200_0044.ply,/gpfs/work3/0/prjs0839/data/UVG_CWI_DQPC/UVG-CWI-DQPC/FitFluencer/he/15fps/FitFluencer_UVG-CWI-DQPC_HE_15_0_200_0044.ply,201,201,201,201,0,0
FitFluencer,0045,/gpfs/work3/0/prjs0839/data/UVG_CWI_DQPC/UVG-CWI-DQPC/FitFluencer/cg/15fps/FitFluencer_UVG-CWI-DQPC_CG_15_0_200_0045.ply,/gpfs/work3/0/prjs0839/data/UVG_CWI_DQPC/UVG-CWI-DQPC/FitFluencer/he/15fps/FitFluencer_UVG-CWI-DQPC_HE_15_0_200_0045.ply,201,201,201,201,0,0
FitFluencer,0046,/gpfs/work3/0/prjs0839/data/UVG_CWI_DQPC/UVG-CWI-DQPC/FitFluencer/cg/15fps/FitFluencer_UVG-CWI-DQPC_CG_15_0_200_0046.ply,/gpfs/work3/0/prjs0839/data/UVG_CWI_DQPC/UVG-CWI-DQPC/FitFluencer/he/15fps/FitFluencer_UVG-CWI-DQPC_HE_15_0_200_0046.ply,201,201,201,201,0,0
FitFluencer,0047,/gpfs/work3/0/prjs0839/data/UVG_CWI_DQPC/UVG-CWI-DQPC/FitFluencer/cg/15fps/FitFluencer_UVG-CWI-DQPC_CG_15_0_200_0047.ply,/gpfs/work3/0/prjs0839/data/UVG_CWI_DQPC/UVG-CWI-DQPC/FitFluencer/he/15fps/FitFluencer_UVG-CWI-DQPC_HE_15_0_200_0047.ply,201,201,201,201,0,0
FitFluencer,0048,/gpfs/work3/0/prjs0839/data/UVG_CWI_DQPC/UVG-CWI-DQPC/FitFluencer/cg/15fps/FitFluencer_UVG-CWI-DQPC_CG_15_0_200_0048.ply,/gpfs/work3/0/prjs0839/data/UVG_CWI_DQPC/UVG-CWI-DQPC/FitFluencer/he/15fps/FitFluencer_UVG-CWI-DQPC_HE_15_0_200_0048.ply,201,201,201,201,0,0
FitFluencer,0049,/gpfs/work3/0/prjs0839/data/UVG_CWI_DQPC/UVG-CWI-DQPC/FitFluencer/cg/15fps/FitFluencer_UVG-CWI-DQPC_CG_15_0_200_0049.ply,/gpfs/work3/0/prjs0839/data/UVG_CWI_DQPC/UVG-CWI-DQPC/FitFluencer/he/15fps/FitFluencer_UVG-CWI-DQPC_HE_15_0_200_0049.ply,201,201,201,201,0,0
FitFluencer,0050,/gpfs/work3/0/prjs0839/data/UVG_CWI_DQPC/UVG-CWI-DQPC/FitFluencer/cg/15fps/FitFluencer_UVG-CWI-DQPC_CG_15_0_200_0050.ply,/gpfs/work3/0/prjs0839/data/UVG_CWI_DQPC/UVG-CWI-DQPC/FitFluencer/he/15fps/FitFluencer_UVG-CWI-DQPC_HE_15_0_200_0050.ply,201,201,201,201,0,0
FitFluencer,0051,/gpfs/work3/0/prjs0839/data/UVG_CWI_DQPC/UVG-CWI-DQPC/FitFluencer/cg/15fps/FitFluencer_UVG-CWI-DQPC_CG_15_0_200_0051.ply,/gpfs/work3/0/prjs0839/data/UVG_CWI_DQPC/UVG-CWI-DQPC/FitFluencer/he/15fps/FitFluencer_UVG-CWI-DQPC_HE_15_0_200_0051.ply,201,201,201,201,0,0
FitFluencer,0052,/gpfs/work3/0/prjs0839/data/UVG_CWI_DQPC/UVG-CWI-DQPC/FitFluencer/cg/15fps/FitFluencer_UVG-CWI-DQPC_CG_15_0_200_0052.ply,/gpfs/work3/0/prjs0839/data/UVG_CWI_DQPC/UVG-CWI-DQPC/FitFluencer/he/15fps/FitFluencer_UVG-CWI-DQPC_HE_15_0_200_0052.ply,201,201,201,201,0,0
FitFluencer,0053,/gpfs/work3/0/prjs0839/data/UVG_CWI_DQPC/UVG-CWI-DQPC/FitFluencer/cg/15fps/FitFluencer_UVG-CWI-DQPC_CG_15_0_200_0053.ply,/gpfs/work3/0/prjs0839/data/UVG_CWI_DQPC/UVG-CWI-DQPC/FitFluencer/he/15fps/FitFluencer_UVG-CWI-DQPC_HE_15_0_200_0053.ply,201,201,201,201,0,0
FitFluencer,0054,/gpfs/work3/0/prjs0839/data/UVG_CWI_DQPC/UVG-CWI-DQPC/FitFluencer/cg/15fps/FitFluencer_UVG-CWI-DQPC_CG_15_0_200_0054.ply,/gpfs/work3/0/prjs0839/data/UVG_CWI_DQPC/UVG-CWI-DQPC/FitFluencer/he/15fps/FitFluencer_UVG-CWI-DQPC_HE_15_0_200_0054.ply,201,201,201,201,0,0
FitFluencer,0055,/gpfs/work3/0/prjs0839/data/UVG_CWI_DQPC/UVG-CWI-DQPC/FitFluencer/cg/15fps/FitFluencer_UVG-CWI-DQPC_CG_15_0_200_0055.ply,/gpfs/work3/0/prjs0839/data/UVG_CWI_DQPC/UVG-CWI-DQPC/FitFluencer/he/15fps/FitFluencer_UVG-CWI-DQPC_HE_15_0_200_0055.ply,201,201,201,201,0,0
FitFluencer,0056,/gpfs/work3/0/prjs0839/data/UVG_CWI_DQPC/UVG-CWI-DQPC/FitFluencer/cg/15fps/FitFluencer_UVG-CWI-DQPC_CG_15_0_200_0056.ply,/gpfs/work3/0/prjs0839/data/UVG_CWI_DQPC/UVG-CWI-DQPC/FitFluencer/he/15fps/FitFluencer_UVG-CWI-DQPC_HE_15_0_200_0056.ply,201,201,201,201,0,0
FitFluencer,0057,/gpfs/work3/0/prjs0839/data/UVG_CWI_DQPC/UVG-CWI-DQPC/FitFluencer/cg/15fps/FitFluencer_UVG-CWI-DQPC_CG_15_0_200_0057.ply,/gpfs/work3/0/prjs0839/data/UVG_CWI_DQPC/UVG-CWI-DQPC/FitFluencer/he/15fps/FitFluencer_UVG-CWI-DQPC_HE_15_0_200_0057.ply,201,201,201,201,0,0
FitFluencer,0058,/gpfs/work3/0/prjs0839/data/UVG_CWI_DQPC/UVG-CWI-DQPC/FitFluencer/cg/15fps/FitFluencer_UVG-CWI-DQPC_CG_15_0_200_0058.ply,/gpfs/work3/0/prjs0839/data/UVG_CWI_DQPC/UVG-CWI-DQPC/FitFluencer/he/15fps/FitFluencer_UVG-CWI-DQPC_HE_15_0_200_0058.ply,201,201,201,201,0,0
FitFluencer,0059,/gpfs/work3/0/prjs0839/data/UVG_CWI_DQPC/UVG-CWI-DQPC/FitFluencer/cg/15fps/FitFluencer_UVG-CWI-DQPC_CG_15_0_200_0059.ply,/gpfs/work3/0/prjs0839/data/UVG_CWI_DQPC/UVG-CWI-DQPC/FitFluencer/he/15fps/FitFluencer_UVG-CWI-DQPC_HE_15_0_200_0059.ply,201,201,201,201,0,0
FitFluencer,0060,/gpfs/work3/0/prjs0839/data/UVG_CWI_DQPC/UVG-CWI-DQPC/FitFluencer/cg/15fps/FitFluencer_UVG-CWI-DQPC_CG_15_0_200_0060.ply,/gpfs/work3/0/prjs0839/data/UVG_CWI_DQPC/UVG-CWI-DQPC/FitFluencer/he/15fps/FitFluencer_UVG-CWI-DQPC_HE_15_0_200_0060.ply,201,201,201,201,0,0
FitFluencer,0061,/gpfs/work3/0/prjs0839/data/UVG_CWI_DQPC/UVG-CWI-DQPC/FitFluencer/cg/15fps/FitFluencer_UVG-CWI-DQPC_CG_15_0_200_0061.ply,/gpfs/work3/0/prjs0839/data/UVG_CWI_DQPC/UVG-CWI-DQPC/FitFluencer/he/15fps/FitFluencer_UVG-CWI-DQPC_HE_15_0_200_0061.ply,201,201,201,201,0,0
FitFluencer,0062,/gpfs/work3/0/prjs0839/data/UVG_CWI_DQPC/UVG-CWI-DQPC/FitFluencer/cg/15fps/FitFluencer_UVG-CWI-DQPC_CG_15_0_200_0062.ply,/gpfs/work3/0/prjs0839/data/UVG_CWI_DQPC/UVG-CWI-DQPC/FitFluencer/he/15fps/FitFluencer_UVG-CWI-DQPC_HE_15_0_200_0062.ply,201,201,201,201,0,0
FitFluencer,0063,/gpfs/work3/0/prjs0839/data/UVG_CWI_DQPC/UVG-CWI-DQPC/FitFluencer/cg/15fps/FitFluencer_UVG-CWI-DQPC_CG_15_0_200_0063.ply,/gpfs/work3/0/prjs0839/data/UVG_CWI_DQPC/UVG-CWI-DQPC/FitFluencer/he/15fps/FitFluencer_UVG-CWI-DQPC_HE_15_0_200_0063.ply,201,201,201,201,0,0
FitFluencer,0064,/gpfs/work3/0/prjs0839/data/UVG_CWI_DQPC/UVG-CWI-DQPC/FitFluencer/cg/15fps/FitFluencer_UVG-CWI-DQPC_CG_15_0_200_0064.ply,/gpfs/work3/0/prjs0839/data/UVG_CWI_DQPC/UVG-CWI-DQPC/FitFluencer/he/15fps/FitFluencer_UVG-CWI-DQPC_HE_15_0_200_0064.ply,201,201,201,201,0,0
FitFluencer,0065,/gpfs/work3/0/prjs0839/data/UVG_CWI_DQPC/UVG-CWI-DQPC/FitFluencer/cg/15fps/FitFluencer_UVG-CWI-DQPC_CG_15_0_200_0065.ply,/gpfs/work3/0/prjs0839/data/UVG_CWI_DQPC/UVG-CWI-DQPC/FitFluencer/he/15fps/FitFluencer_UVG-CWI-DQPC_HE_15_0_200_0065.ply,201,201,201,201,0,0
FitFluencer,0066,/gpfs/work3/0/prjs0839/data/UVG_CWI_DQPC/UVG-CWI-DQPC/FitFluencer/cg/15fps/FitFluencer_UVG-CWI-DQPC_CG_15_0_200_0066.ply,/gpfs/work3/0/prjs0839/data/UVG_CWI_DQPC/UVG-CWI-DQPC/FitFluencer/he/15fps/FitFluencer_UVG-CWI-DQPC_HE_15_0_200_0066.ply,201,201,201,201,0,0
FitFluencer,0067,/gpfs/work3/0/prjs0839/data/UVG_CWI_DQPC/UVG-CWI-DQPC/FitFluencer/cg/15fps/FitFluencer_UVG-CWI-DQPC_CG_15_0_200_0067.ply,/gpfs/work3/0/prjs0839/data/UVG_CWI_DQPC/UVG-CWI-DQPC/FitFluencer/he/15fps/FitFluencer_UVG-CWI-DQPC_HE_15_0_200_0067.ply,201,201,201,201,0,0
FitFluencer,0068,/gpfs/work3/0/prjs0839/data/UVG_CWI_DQPC/UVG-CWI-DQPC/FitFluencer/cg/15fps/FitFluencer_UVG-CWI-DQPC_CG_15_0_200_0068.ply,/gpfs/work3/0/prjs0839/data/UVG_CWI_DQPC/UVG-CWI-DQPC/FitFluencer/he/15fps/FitFluencer_UVG-CWI-DQPC_HE_15_0_200_0068.ply,201,201,201,201,0,0
FitFluencer,0069,/gpfs/work3/0/prjs0839/data/UVG_CWI_DQPC/UVG-CWI-DQPC/FitFluencer/cg/15fps/FitFluencer_UVG-CWI-DQPC_CG_15_0_200_0069.ply,/gpfs/work3/0/prjs0839/data/UVG_CWI_DQPC/UVG-CWI-DQPC/FitFluencer/he/15fps/FitFluencer_UVG-CWI-DQPC_HE_15_0_200_0069.ply,201,201,201,201,0,0
FitFluencer,0070,/gpfs/work3/0/prjs0839/data/UVG_CWI_DQPC/UVG-CWI-DQPC/FitFluencer/cg/15fps/FitFluencer_UVG-CWI-DQPC_CG_15_0_200_0070.ply,/gpfs/work3/0/prjs0839/data/UVG_CWI_DQPC/UVG-CWI-DQPC/FitFluencer/he/15fps/FitFluencer_UVG-CWI-DQPC_HE_15_0_200_0070.ply,201,201,201,201,0,0
FitFluencer,0071,/gpfs/work3/0/prjs0839/data/UVG_CWI_DQPC/UVG-CWI-DQPC/FitFluencer/cg/15fps/FitFluencer_UVG-CWI-DQPC_CG_15_0_200_0071.ply,/gpfs/work3/0/prjs0839/data/UVG_CWI_DQPC/UVG-CWI-DQPC/FitFluencer/he/15fps/FitFluencer_UVG-CWI-DQPC_HE_15_0_200_0071.ply,201,201,201,201,0,0
FitFluencer,0072,/gpfs/work3/0/prjs0839/data/UVG_CWI_DQPC/UVG-CWI-DQPC/FitFluencer/cg/15fps/FitFluencer_UVG-CWI-DQPC_CG_15_0_200_0072.ply,/gpfs/work3/0/prjs0839/data/UVG_CWI_DQPC/UVG-CWI-DQPC/FitFluencer/he/15fps/FitFluencer_UVG-CWI-DQPC_HE_15_0_200_0072.ply,201,201,201,201,0,0
FitFluencer,0073,/gpfs/work3/0/prjs0839/data/UVG_CWI_DQPC/UVG-CWI-DQPC/FitFluencer/cg/15fps/FitFluencer_UVG-CWI-DQPC_CG_15_0_200_0073.ply,/gpfs/work3/0/prjs0839/data/UVG_CWI_DQPC/UVG-CWI-DQPC/FitFluencer/he/15fps/FitFluencer_UVG-CWI-DQPC_HE_15_0_200_0073.ply,201,201,201,201,0,0
FitFluencer,0074,/gpfs/work3/0/prjs0839/data/UVG_CWI_DQPC/UVG-CWI-DQPC/FitFluencer/cg/15fps/FitFluencer_UVG-CWI-DQPC_CG_15_0_200_0074.ply,/gpfs/work3/0/prjs0839/data/UVG_CWI_DQPC/UVG-CWI-DQPC/FitFluencer/he/15fps/FitFluencer_UVG-CWI-DQPC_HE_15_0_200_0074.ply,201,201,201,201,0,0
FitFluencer,0075,/gpfs/work3/0/prjs0839/data/UVG_CWI_DQPC/UVG-CWI-DQPC/FitFluencer/cg/15fps/FitFluencer_UVG-CWI-DQPC_CG_15_0_200_0075.ply,/gpfs/work3/0/prjs0839/data/UVG_CWI_DQPC/UVG-CWI-DQPC/FitFluencer/he/15fps/FitFluencer_UVG-CWI-DQPC_HE_15_0_200_0075.ply,201,201,201,201,0,0
FitFluencer,0076,/gpfs/work3/0/prjs0839/data/UVG_CWI_DQPC/UVG-CWI-DQPC/FitFluencer/cg/15fps/FitFluencer_UVG-CWI-DQPC_CG_15_0_200_0076.ply,/gpfs/work3/0/prjs0839/data/UVG_CWI_DQPC/UVG-CWI-DQPC/FitFluencer/he/15fps/FitFluencer_UVG-CWI-DQPC_HE_15_0_200_0076.ply,201,201,201,201,0,0
FitFluencer,0077,/gpfs/work3/0/prjs0839/data/UVG_CWI_DQPC/UVG-CWI-DQPC/FitFluencer/cg/15fps/FitFluencer_UVG-CWI-DQPC_CG_15_0_200_0077.ply,/gpfs/work3/0/prjs0839/data/UVG_CWI_DQPC/UVG-CWI-DQPC/FitFluencer/he/15fps/FitFluencer_UVG-CWI-DQPC_HE_15_0_200_0077.ply,201,201,201,201,0,0
FitFluencer,0078,/gpfs/work3/0/prjs0839/data/UVG_CWI_DQPC/UVG-CWI-DQPC/FitFluencer/cg/15fps/FitFluencer_UVG-CWI-DQPC_CG_15_0_200_0078.ply,/gpfs/work3/0/prjs0839/data/UVG_CWI_DQPC/UVG-CWI-DQPC/FitFluencer/he/15fps/FitFluencer_UVG-CWI-DQPC_HE_15_0_200_0078.ply,201,201,201,201,0,0
FitFluencer,0079,/gpfs/work3/0/prjs0839/data/UVG_CWI_DQPC/UVG-CWI-DQPC/FitFluencer/cg/15fps/FitFluencer_UVG-CWI-DQPC_CG_15_0_200_0079.ply,/gpfs/work3/0/prjs0839/data/UVG_CWI_DQPC/UVG-CWI-DQPC/FitFluencer/he/15fps/FitFluencer_UVG-CWI-DQPC_HE_15_0_200_0079.ply,201,201,201,201,0,0
FitFluencer,0080,/gpfs/work3/0/prjs0839/data/UVG_CWI_DQPC/UVG-CWI-DQPC/FitFluencer/cg/15fps/FitFluencer_UVG-CWI-DQPC_CG_15_0_200_0080.ply,/gpfs/work3/0/prjs0839/data/UVG_CWI_DQPC/UVG-CWI-DQPC/FitFluencer/he/15fps/FitFluencer_UVG-CWI-DQPC_HE_15_0_200_0080.ply,201,201,201,201,0,0
FitFluencer,0081,/gpfs/work3/0/prjs0839/data/UVG_CWI_DQPC/UVG-CWI-DQPC/FitFluencer/cg/15fps/FitFluencer_UVG-CWI-DQPC_CG_15_0_200_0081.ply,/gpfs/work3/0/prjs0839/data/UVG_CWI_DQPC/UVG-CWI-DQPC/FitFluencer/he/15fps/FitFluencer_UVG-CWI-DQPC_HE_15_0_200_0081.ply,201,201,201,201,0,0
FitFluencer,0082,/gpfs/work3/0/prjs0839/data/UVG_CWI_DQPC/UVG-CWI-DQPC/FitFluencer/cg/15fps/FitFluencer_UVG-CWI-DQPC_CG_15_0_200_0082.ply,/gpfs/work3/0/prjs0839/data/UVG_CWI_DQPC/UVG-CWI-DQPC/FitFluencer/he/15fps/FitFluencer_UVG-CWI-DQPC_HE_15_0_200_0082.ply,201,201,201,201,0,0
FitFluencer,0083,/gpfs/work3/0/prjs0839/data/UVG_CWI_DQPC/UVG-CWI-DQPC/FitFluencer/cg/15fps/FitFluencer_UVG-CWI-DQPC_CG_15_0_200_0083.ply,/gpfs/work3/0/prjs0839/data/UVG_CWI_DQPC/UVG-CWI-DQPC/FitFluencer/he/15fps/FitFluencer_UVG-CWI-DQPC_HE_15_0_200_0083.ply,201,201,201,201,0,0
FitFluencer,0084,/gpfs/work3/0/prjs0839/data/UVG_CWI_DQPC/UVG-CWI-DQPC/FitFluencer/cg/15fps/FitFluencer_UVG-CWI-DQPC_CG_15_0_200_0084.ply,/gpfs/work3/0/prjs0839/data/UVG_CWI_DQPC/UVG-CWI-DQPC/FitFluencer/he/15fps/FitFluencer_UVG-CWI-DQPC_HE_15_0_200_0084.ply,201,201,201,201,0,0
FitFluencer,0085,/gpfs/work3/0/prjs0839/data/UVG_CWI_DQPC/UVG-CWI-DQPC/FitFluencer/cg/15fps/FitFluencer_UVG-CWI-DQPC_CG_15_0_200_0085.ply,/gpfs/work3/0/prjs0839/data/UVG_CWI_DQPC/UVG-CWI-DQPC/FitFluencer/he/15fps/FitFluencer_UVG-CWI-DQPC_HE_15_0_200_0085.ply,201,201,201,201,0,0
FitFluencer,0086,/gpfs/work3/0/prjs0839/data/UVG_CWI_DQPC/UVG-CWI-DQPC/FitFluencer/cg/15fps/FitFluencer_UVG-CWI-DQPC_CG_15_0_200_0086.ply,/gpfs/work3/0/prjs0839/data/UVG_CWI_DQPC/UVG-CWI-DQPC/FitFluencer/he/15fps/FitFluencer_UVG-CWI-DQPC_HE_15_0_200_0086.ply,201,201,201,201,0,0
FitFluencer,0087,/gpfs/work3/0/prjs0839/data/UVG_CWI_DQPC/UVG-CWI-DQPC/FitFluencer/cg/15fps/FitFluencer_UVG-CWI-DQPC_CG_15_0_200_0087.ply,/gpfs/work3/0/prjs0839/data/UVG_CWI_DQPC/UVG-CWI-DQPC/FitFluencer/he/15fps/FitFluencer_UVG-CWI-DQPC_HE_15_0_200_0087.ply,201,201,201,201,0,0
FitFluencer,0088,/gpfs/work3/0/prjs0839/data/UVG_CWI_DQPC/UVG-CWI-DQPC/FitFluencer/cg/15fps/FitFluencer_UVG-CWI-DQPC_CG_15_0_200_0088.ply,/gpfs/work3/0/prjs0839/data/UVG_CWI_DQPC/UVG-CWI-DQPC/FitFluencer/he/15fps/FitFluencer_UVG-CWI-DQPC_HE_15_0_200_0088.ply,201,201,201,201,0,0
FitFluencer,0089,/gpfs/work3/0/prjs0839/data/UVG_CWI_DQPC/UVG-CWI-DQPC/FitFluencer/cg/15fps/FitFluencer_UVG-CWI-DQPC_CG_15_0_200_0089.ply,/gpfs/work3/0/prjs0839/data/UVG_CWI_DQPC/UVG-CWI-DQPC/FitFluencer/he/15fps/FitFluencer_UVG-CWI-DQPC_HE_15_0_200_0089.ply,201,201,201,201,0,0
FitFluencer,0090,/gpfs/work3/0/prjs0839/data/UVG_CWI_DQPC/UVG-CWI-DQPC/FitFluencer/cg/15fps/FitFluencer_UVG-CWI-DQPC_CG_15_0_200_0090.ply,/gpfs/work3/0/prjs0839/data/UVG_CWI_DQPC/UVG-CWI-DQPC/FitFluencer/he/15fps/FitFluencer_UVG-CWI-DQPC_HE_15_0_200_0090.ply,201,201,201,201,0,0
FitFluencer,0091,/gpfs/work3/0/prjs0839/data/UVG_CWI_DQPC/UVG-CWI-DQPC/FitFluencer/cg/15fps/FitFluencer_UVG-CWI-DQPC_CG_15_0_200_0091.ply,/gpfs/work3/0/prjs0839/data/UVG_CWI_DQPC/UVG-CWI-DQPC/FitFluencer/he/15fps/FitFluencer_UVG-CWI-DQPC_HE_15_0_200_0091.ply,201,201,201,201,0,0
FitFluencer,0092,/gpfs/work3/0/prjs0839/data/UVG_CWI_DQPC/UVG-CWI-DQPC/FitFluencer/cg/15fps/FitFluencer_UVG-CWI-DQPC_CG_15_0_200_0092.ply,/gpfs/work3/0/prjs0839/data/UVG_CWI_DQPC/UVG-CWI-DQPC/FitFluencer/he/15fps/FitFluencer_UVG-CWI-DQPC_HE_15_0_200_0092.ply,201,201,201,201,0,0
FitFluencer,0093,/gpfs/work3/0/prjs0839/data/UVG_CWI_DQPC/UVG-CWI-DQPC/FitFluencer/cg/15fps/FitFluencer_UVG-CWI-DQPC_CG_15_0_200_0093.ply,/gpfs/work3/0/prjs0839/data/UVG_CWI_DQPC/UVG-CWI-DQPC/FitFluencer/he/15fps/FitFluencer_UVG-CWI-DQPC_HE_15_0_200_0093.ply,201,201,201,201,0,0
FitFluencer,0094,/gpfs/work3/0/prjs0839/data/UVG_CWI_DQPC/UVG-CWI-DQPC/FitFluencer/cg/15fps/FitFluencer_UVG-CWI-DQPC_CG_15_0_200_0094.ply,/gpfs/work3/0/prjs0839/data/UVG_CWI_DQPC/UVG-CWI-DQPC/FitFluencer/he/15fps/FitFluencer_UVG-CWI-DQPC_HE_15_0_200_0094.ply,201,201,201,201,0,0
FitFluencer,0095,/gpfs/work3/0/prjs0839/data/UVG_CWI_DQPC/UVG-CWI-DQPC/FitFluencer/cg/15fps/FitFluencer_UVG-CWI-DQPC_CG_15_0_200_0095.ply,/gpfs/work3/0/prjs0839/data/UVG_CWI_DQPC/UVG-CWI-DQPC/FitFluencer/he/15fps/FitFluencer_UVG-CWI-DQPC_HE_15_0_200_0095.ply,201,201,201,201,0,0
FitFluencer,0096,/gpfs/work3/0/prjs0839/data/UVG_CWI_DQPC/UVG-CWI-DQPC/FitFluencer/cg/15fps/FitFluencer_UVG-CWI-DQPC_CG_15_0_200_0096.ply,/gpfs/work3/0/prjs0839/data/UVG_CWI_DQPC/UVG-CWI-DQPC/FitFluencer/he/15fps/FitFluencer_UVG-CWI-DQPC_HE_15_0_200_0096.ply,201,201,201,201,0,0
FitFluencer,0097,/gpfs/work3/0/prjs0839/data/UVG_CWI_DQPC/UVG-CWI-DQPC/FitFluencer/cg/15fps/FitFluencer_UVG-CWI-DQPC_CG_15_0_200_0097.ply,/gpfs/work3/0/prjs0839/data/UVG_CWI_DQPC/UVG-CWI-DQPC/FitFluencer/he/15fps/FitFluencer_UVG-CWI-DQPC_HE_15_0_200_0097.ply,201,201,201,201,0,0
FitFluencer,0098,/gpfs/work3/0/prjs0839/data/UVG_CWI_DQPC/UVG-CWI-DQPC/FitFluencer/cg/15fps/FitFluencer_UVG-CWI-DQPC_CG_15_0_200_0098.ply,/gpfs/work3/0/prjs0839/data/UVG_CWI_DQPC/UVG-CWI-DQPC/FitFluencer/he/15fps/FitFluencer_UVG-CWI-DQPC_HE_15_0_200_0098.ply,201,201,201,201,0,0
FitFluencer,0099,/gpfs/work3/0/prjs0839/data/UVG_CWI_DQPC/UVG-CWI-DQPC/FitFluencer/cg/15fps/FitFluencer_UVG-CWI-DQPC_CG_15_0_200_0099.ply,/gpfs/work3/0/prjs0839/data/UVG_CWI_DQPC/UVG-CWI-DQPC/FitFluencer/he/15fps/FitFluencer_UVG-CWI-DQPC_HE_15_0_200_0099.ply,201,201,201,201,0,0
FitFluencer,0100,/gpfs/work3/0/prjs0839/data/UVG_CWI_DQPC/UVG-CWI-DQPC/FitFluencer/cg/15fps/FitFluencer_UVG-CWI-DQPC_CG_15_0_200_0100.ply,/gpfs/work3/0/prjs0839/data/UVG_CWI_DQPC/UVG-CWI-DQPC/FitFluencer/he/15fps/FitFluencer_UVG-CWI-DQPC_HE_15_0_200_0100.ply,201,201,201,201,0,0
FitFluencer,0101,/gpfs/work3/0/prjs0839/data/UVG_CWI_DQPC/UVG-CWI-DQPC/FitFluencer/cg/15fps/FitFluencer_UVG-CWI-DQPC_CG_15_0_200_0101.ply,/gpfs/work3/0/prjs0839/data/UVG_CWI_DQPC/UVG-CWI-DQPC/FitFluencer/he/15fps/FitFluencer_UVG-CWI-DQPC_HE_15_0_200_0101.ply,201,201,201,201,0,0
FitFluencer,0102,/gpfs/work3/0/prjs0839/data/UVG_CWI_DQPC/UVG-CWI-DQPC/FitFluencer/cg/15fps/FitFluencer_UVG-CWI-DQPC_CG_15_0_200_0102.ply,/gpfs/work3/0/prjs0839/data/UVG_CWI_DQPC/UVG-CWI-DQPC/FitFluencer/he/15fps/FitFluencer_UVG-CWI-DQPC_HE_15_0_200_0102.ply,201,201,201,201,0,0
FitFluencer,0103,/gpfs/work3/0/prjs0839/data/UVG_CWI_DQPC/UVG-CWI-DQPC/FitFluencer/cg/15fps/FitFluencer_UVG-CWI-DQPC_CG_15_0_200_0103.ply,/gpfs/work3/0/prjs0839/data/UVG_CWI_DQPC/UVG-CWI-DQPC/FitFluencer/he/15fps/FitFluencer_UVG-CWI-DQPC_HE_15_0_200_0103.ply,201,201,201,201,0,0
FitFluencer,0104,/gpfs/work3/0/prjs0839/data/UVG_CWI_DQPC/UVG-CWI-DQPC/FitFluencer/cg/15fps/FitFluencer_UVG-CWI-DQPC_CG_15_0_200_0104.ply,/gpfs/work3/0/prjs0839/data/UVG_CWI_DQPC/UVG-CWI-DQPC/FitFluencer/he/15fps/FitFluencer_UVG-CWI-DQPC_HE_15_0_200_0104.ply,201,201,201,201,0,0
FitFluencer,0105,/gpfs/work3/0/prjs0839/data/UVG_CWI_DQPC/UVG-CWI-DQPC/FitFluencer/cg/15fps/FitFluencer_UVG-CWI-DQPC_CG_15_0_200_0105.ply,/gpfs/work3/0/prjs0839/data/UVG_CWI_DQPC/UVG-CWI-DQPC/FitFluencer/he/15fps/FitFluencer_UVG-CWI-DQPC_HE_15_0_200_0105.ply,201,201,201,201,0,0
FitFluencer,0106,/gpfs/work3/0/prjs0839/data/UVG_CWI_DQPC/UVG-CWI-DQPC/FitFluencer/cg/15fps/FitFluencer_UVG-CWI-DQPC_CG_15_0_200_0106.ply,/gpfs/work3/0/prjs0839/data/UVG_CWI_DQPC/UVG-CWI-DQPC/FitFluencer/he/15fps/FitFluencer_UVG-CWI-DQPC_HE_15_0_200_0106.ply,201,201,201,201,0,0
FitFluencer,0107,/gpfs/work3/0/prjs0839/data/UVG_CWI_DQPC/UVG-CWI-DQPC/FitFluencer/cg/15fps/FitFluencer_UVG-CWI-DQPC_CG_15_0_200_0107.ply,/gpfs/work3/0/prjs0839/data/UVG_CWI_DQPC/UVG-CWI-DQPC/FitFluencer/he/15fps/FitFluencer_UVG-CWI-DQPC_HE_15_0_200_0107.ply,201,201,201,201,0,0
FitFluencer,0108,/gpfs/work3/0/prjs0839/data/UVG_CWI_DQPC/UVG-CWI-DQPC/FitFluencer/cg/15fps/FitFluencer_UVG-CWI-DQPC_CG_15_0_200_0108.ply,/gpfs/work3/0/prjs0839/data/UVG_CWI_DQPC/UVG-CWI-DQPC/FitFluencer/he/15fps/FitFluencer_UVG-CWI-DQPC_HE_15_0_200_0108.ply,201,201,201,201,0,0
FitFluencer,0109,/gpfs/work3/0/prjs0839/data/UVG_CWI_DQPC/UVG-CWI-DQPC/FitFluencer/cg/15fps/FitFluencer_UVG-CWI-DQPC_CG_15_0_200_0109.ply,/gpfs/work3/0/prjs0839/data/UVG_CWI_DQPC/UVG-CWI-DQPC/FitFluencer/he/15fps/FitFluencer_UVG-CWI-DQPC_HE_15_0_200_0109.ply,201,201,201,201,0,0
FitFluencer,0110,/gpfs/work3/0/prjs0839/data/UVG_CWI_DQPC/UVG-CWI-DQPC/FitFluencer/cg/15fps/FitFluencer_UVG-CWI-DQPC_CG_15_0_200_0110.ply,/gpfs/work3/0/prjs0839/data/UVG_CWI_DQPC/UVG-CWI-DQPC/FitFluencer/he/15fps/FitFluencer_UVG-CWI-DQPC_HE_15_0_200_0110.ply,201,201,201,201,0,0
FitFluencer,0111,/gpfs/work3/0/prjs0839/data/UVG_CWI_DQPC/UVG-CWI-DQPC/FitFluencer/cg/15fps/FitFluencer_UVG-CWI-DQPC_CG_15_0_200_0111.ply,/gpfs/work3/0/prjs0839/data/UVG_CWI_DQPC/UVG-CWI-DQPC/FitFluencer/he/15fps/FitFluencer_UVG-CWI-DQPC_HE_15_0_200_0111.ply,201,201,201,201,0,0
FitFluencer,0112,/gpfs/work3/0/prjs0839/data/UVG_CWI_DQPC/UVG-CWI-DQPC/FitFluencer/cg/15fps/FitFluencer_UVG-CWI-DQPC_CG_15_0_200_0112.ply,/gpfs/work3/0/prjs0839/data/UVG_CWI_DQPC/UVG-CWI-DQPC/FitFluencer/he/15fps/FitFluencer_UVG-CWI-DQPC_HE_15_0_200_0112.ply,201,201,201,201,0,0
FitFluencer,0113,/gpfs/work3/0/prjs0839/data/UVG_CWI_DQPC/UVG-CWI-DQPC/FitFluencer/cg/15fps/FitFluencer_UVG-CWI-DQPC_CG_15_0_200_0113.ply,/gpfs/work3/0/prjs0839/data/UVG_CWI_DQPC/UVG-CWI-DQPC/FitFluencer/he/15fps/FitFluencer_UVG-CWI-DQPC_HE_15_0_200_0113.ply,201,201,201,201,0,0
FitFluencer,0114,/gpfs/work3/0/prjs0839/data/UVG_CWI_DQPC/UVG-CWI-DQPC/FitFluencer/cg/15fps/FitFluencer_UVG-CWI-DQPC_CG_15_0_200_0114.ply,/gpfs/work3/0/prjs0839/data/UVG_CWI_DQPC/UVG-CWI-DQPC/FitFluencer/he/15fps/FitFluencer_UVG-CWI-DQPC_HE_15_0_200_0114.ply,201,201,201,201,0,0
FitFluencer,0115,/gpfs/work3/0/prjs0839/data/UVG_CWI_DQPC/UVG-CWI-DQPC/FitFluencer/cg/15fps/FitFluencer_UVG-CWI-DQPC_CG_15_0_200_0115.ply,/gpfs/work3/0/prjs0839/data/UVG_CWI_DQPC/UVG-CWI-DQPC/FitFluencer/he/15fps/FitFluencer_UVG-CWI-DQPC_HE_15_0_200_0115.ply,201,201,201,201,0,0
FitFluencer,0116,/gpfs/work3/0/prjs0839/data/UVG_CWI_DQPC/UVG-CWI-DQPC/FitFluencer/cg/15fps/FitFluencer_UVG-CWI-DQPC_CG_15_0_200_0116.ply,/gpfs/work3/0/prjs0839/data/UVG_CWI_DQPC/UVG-CWI-DQPC/FitFluencer/he/15fps/FitFluencer_UVG-CWI-DQPC_HE_15_0_200_0116.ply,201,201,201,201,0,0
FitFluencer,0117,/gpfs/work3/0/prjs0839/data/UVG_CWI_DQPC/UVG-CWI-DQPC/FitFluencer/cg/15fps/FitFluencer_UVG-CWI-DQPC_CG_15_0_200_0117.ply,/gpfs/work3/0/prjs0839/data/UVG_CWI_DQPC/UVG-CWI-DQPC/FitFluencer/he/15fps/FitFluencer_UVG-CWI-DQPC_HE_15_0_200_0117.ply,201,201,201,201,0,0
FitFluencer,0118,/gpfs/work3/0/prjs0839/data/UVG_CWI_DQPC/UVG-CWI-DQPC/FitFluencer/cg/15fps/FitFluencer_UVG-CWI-DQPC_CG_15_0_200_0118.ply,/gpfs/work3/0/prjs0839/data/UVG_CWI_DQPC/UVG-CWI-DQPC/FitFluencer/he/15fps/FitFluencer_UVG-CWI-DQPC_HE_15_0_200_0118.ply,201,201,201,201,0,0
FitFluencer,0119,/gpfs/work3/0/prjs0839/data/UVG_CWI_DQPC/UVG-CWI-DQPC/FitFluencer/cg/15fps/FitFluencer_UVG-CWI-DQPC_CG_15_0_200_0119.ply,/gpfs/work3/0/prjs0839/data/UVG_CWI_DQPC/UVG-CWI-DQPC/FitFluencer/he/15fps/FitFluencer_UVG-CWI-DQPC_HE_15_0_200_0119.ply,201,201,201,201,0,0
FitFluencer,0120,/gpfs/work3/0/prjs0839/data/UVG_CWI_DQPC/UVG-CWI-DQPC/FitFluencer/cg/15fps/FitFluencer_UVG-CWI-DQPC_CG_15_0_200_0120.ply,/gpfs/work3/0/prjs0839/data/UVG_CWI_DQPC/UVG-CWI-DQPC/FitFluencer/he/15fps/FitFluencer_UVG-CWI-DQPC_HE_15_0_200_0120.ply,201,201,201,201,0,0
FitFluencer,0121,/gpfs/work3/0/prjs0839/data/UVG_CWI_DQPC/UVG-CWI-DQPC/FitFluencer/cg/15fps/FitFluencer_UVG-CWI-DQPC_CG_15_0_200_0121.ply,/gpfs/work3/0/prjs0839/data/UVG_CWI_DQPC/UVG-CWI-DQPC/FitFluencer/he/15fps/FitFluencer_UVG-CWI-DQPC_HE_15_0_200_0121.ply,201,201,201,201,0,0
FitFluencer,0122,/gpfs/work3/0/prjs0839/data/UVG_CWI_DQPC/UVG-CWI-DQPC/FitFluencer/cg/15fps/FitFluencer_UVG-CWI-DQPC_CG_15_0_200_0122.ply,/gpfs/work3/0/prjs0839/data/UVG_CWI_DQPC/UVG-CWI-DQPC/FitFluencer/he/15fps/FitFluencer_UVG-CWI-DQPC_HE_15_0_200_0122.ply,201,201,201,201,0,0
FitFluencer,0123,/gpfs/work3/0/prjs0839/data/UVG_CWI_DQPC/UVG-CWI-DQPC/FitFluencer/cg/15fps/FitFluencer_UVG-CWI-DQPC_CG_15_0_200_0123.ply,/gpfs/work3/0/prjs0839/data/UVG_CWI_DQPC/UVG-CWI-DQPC/FitFluencer/he/15fps/FitFluencer_UVG-CWI-DQPC_HE_15_0_200_0123.ply,201,201,201,201,0,0
FitFluencer,0124,/gpfs/work3/0/prjs0839/data/UVG_CWI_DQPC/UVG-CWI-DQPC/FitFluencer/cg/15fps/FitFluencer_UVG-CWI-DQPC_CG_15_0_200_0124.ply,/gpfs/work3/0/prjs0839/data/UVG_CWI_DQPC/UVG-CWI-DQPC/FitFluencer/he/15fps/FitFluencer_UVG-CWI-DQPC_HE_15_0_200_0124.ply,201,201,201,201,0,0
FitFluencer,0125,/gpfs/work3/0/prjs0839/data/UVG_CWI_DQPC/UVG-CWI-DQPC/FitFluencer/cg/15fps/FitFluencer_UVG-CWI-DQPC_CG_15_0_200_0125.ply,/gpfs/work3/0/prjs0839/data/UVG_CWI_DQPC/UVG-CWI-DQPC/FitFluencer/he/15fps/FitFluencer_UVG-CWI-DQPC_HE_15_0_200_0125.ply,201,201,201,201,0,0
FitFluencer,0126,/gpfs/work3/0/prjs0839/data/UVG_CWI_DQPC/UVG-CWI-DQPC/FitFluencer/cg/15fps/FitFluencer_UVG-CWI-DQPC_CG_15_0_200_0126.ply,/gpfs/work3/0/prjs0839/data/UVG_CWI_DQPC/UVG-CWI-DQPC/FitFluencer/he/15fps/FitFluencer_UVG-CWI-DQPC_HE_15_0_200_0126.ply,201,201,201,201,0,0
FitFluencer,0127,/gpfs/work3/0/prjs0839/data/UVG_CWI_DQPC/UVG-CWI-DQPC/FitFluencer/cg/15fps/FitFluencer_UVG-CWI-DQPC_CG_15_0_200_0127.ply,/gpfs/work3/0/prjs0839/data/UVG_CWI_DQPC/UVG-CWI-DQPC/FitFluencer/he/15fps/FitFluencer_UVG-CWI-DQPC_HE_15_0_200_0127.ply,201,201,201,201,0,0
FitFluencer,0128,/gpfs/work3/0/prjs0839/data/UVG_CWI_DQPC/UVG-CWI-DQPC/FitFluencer/cg/15fps/FitFluencer_UVG-CWI-DQPC_CG_15_0_200_0128.ply,/gpfs/work3/0/prjs0839/data/UVG_CWI_DQPC/UVG-CWI-DQPC/FitFluencer/he/15fps/FitFluencer_UVG-CWI-DQPC_HE_15_0_200_0128.ply,201,201,201,201,0,0
FitFluencer,0129,/gpfs/work3/0/prjs0839/data/UVG_CWI_DQPC/UVG-CWI-DQPC/FitFluencer/cg/15fps/FitFluencer_UVG-CWI-DQPC_CG_15_0_200_0129.ply,/gpfs/work3/0/prjs0839/data/UVG_CWI_DQPC/UVG-CWI-DQPC/FitFluencer/he/15fps/FitFluencer_UVG-CWI-DQPC_HE_15_0_200_0129.ply,201,201,201,201,0,0
FitFluencer,0130,/gpfs/work3/0/prjs0839/data/UVG_CWI_DQPC/UVG-CWI-DQPC/FitFluencer/cg/15fps/FitFluencer_UVG-CWI-DQPC_CG_15_0_200_0130.ply,/gpfs/work3/0/prjs0839/data/UVG_CWI_DQPC/UVG-CWI-DQPC/FitFluencer/he/15fps/FitFluencer_UVG-CWI-DQPC_HE_15_0_200_0130.ply,201,201,201,201,0,0
FitFluencer,0131,/gpfs/work3/0/prjs0839/data/UVG_CWI_DQPC/UVG-CWI-DQPC/FitFluencer/cg/15fps/FitFluencer_UVG-CWI-DQPC_CG_15_0_200_0131.ply,/gpfs/work3/0/prjs0839/data/UVG_CWI_DQPC/UVG-CWI-DQPC/FitFluencer/he/15fps/FitFluencer_UVG-CWI-DQPC_HE_15_0_200_0131.ply,201,201,201,201,0,0
FitFluencer,0132,/gpfs/work3/0/prjs0839/data/UVG_CWI_DQPC/UVG-CWI-DQPC/FitFluencer/cg/15fps/FitFluencer_UVG-CWI-DQPC_CG_15_0_200_0132.ply,/gpfs/work3/0/prjs0839/data/UVG_CWI_DQPC/UVG-CWI-DQPC/FitFluencer/he/15fps/FitFluencer_UVG-CWI-DQPC_HE_15_0_200_0132.ply,201,201,201,201,0,0
FitFluencer,0133,/gpfs/work3/0/prjs0839/data/UVG_CWI_DQPC/UVG-CWI-DQPC/FitFluencer/cg/15fps/FitFluencer_UVG-CWI-DQPC_CG_15_0_200_0133.ply,/gpfs/work3/0/prjs0839/data/UVG_CWI_DQPC/UVG-CWI-DQPC/FitFluencer/he/15fps/FitFluencer_UVG-CWI-DQPC_HE_15_0_200_0133.ply,201,201,201,201,0,0
FitFluencer,0134,/gpfs/work3/0/prjs0839/data/UVG_CWI_DQPC/UVG-CWI-DQPC/FitFluencer/cg/15fps/FitFluencer_UVG-CWI-DQPC_CG_15_0_200_0134.ply,/gpfs/work3/0/prjs0839/data/UVG_CWI_DQPC/UVG-CWI-DQPC/FitFluencer/he/15fps/FitFluencer_UVG-CWI-DQPC_HE_15_0_200_0134.ply,201,201,201,201,0,0
FitFluencer,0135,/gpfs/work3/0/prjs0839/data/UVG_CWI_DQPC/UVG-CWI-DQPC/FitFluencer/cg/15fps/FitFluencer_UVG-CWI-DQPC_CG_15_0_200_0135.ply,/gpfs/work3/0/prjs0839/data/UVG_CWI_DQPC/UVG-CWI-DQPC/FitFluencer/he/15fps/FitFluencer_UVG-CWI-DQPC_HE_15_0_200_0135.ply,201,201,201,201,0,0
FitFluencer,0136,/gpfs/work3/0/prjs0839/data/UVG_CWI_DQPC/UVG-CWI-DQPC/FitFluencer/cg/15fps/FitFluencer_UVG-CWI-DQPC_CG_15_0_200_0136.ply,/gpfs/work3/0/prjs0839/data/UVG_CWI_DQPC/UVG-CWI-DQPC/FitFluencer/he/15fps/FitFluencer_UVG-CWI-DQPC_HE_15_0_200_0136.ply,201,201,201,201,0,0
FitFluencer,0137,/gpfs/work3/0/prjs0839/data/UVG_CWI_DQPC/UVG-CWI-DQPC/FitFluencer/cg/15fps/FitFluencer_UVG-CWI-DQPC_CG_15_0_200_0137.ply,/gpfs/work3/0/prjs0839/data/UVG_CWI_DQPC/UVG-CWI-DQPC/FitFluencer/he/15fps/FitFluencer_UVG-CWI-DQPC_HE_15_0_200_0137.ply,201,201,201,201,0,0
FitFluencer,0138,/gpfs/work3/0/prjs0839/data/UVG_CWI_DQPC/UVG-CWI-DQPC/FitFluencer/cg/15fps/FitFluencer_UVG-CWI-DQPC_CG_15_0_200_0138.ply,/gpfs/work3/0/prjs0839/data/UVG_CWI_DQPC/UVG-CWI-DQPC/FitFluencer/he/15fps/FitFluencer_UVG-CWI-DQPC_HE_15_0_200_0138.ply,201,201,201,201,0,0
FitFluencer,0139,/gpfs/work3/0/prjs0839/data/UVG_CWI_DQPC/UVG-CWI-DQPC/FitFluencer/cg/15fps/FitFluencer_UVG-CWI-DQPC_CG_15_0_200_0139.ply,/gpfs/work3/0/prjs0839/data/UVG_CWI_DQPC/UVG-CWI-DQPC/FitFluencer/he/15fps/FitFluencer_UVG-CWI-DQPC_HE_15_0_200_0139.ply,201,201,201,201,0,0
FitFluencer,0140,/gpfs/work3/0/prjs0839/data/UVG_CWI_DQPC/UVG-CWI-DQPC/FitFluencer/cg/15fps/FitFluencer_UVG-CWI-DQPC_CG_15_0_200_0140.ply,/gpfs/work3/0/prjs0839/data/UVG_CWI_DQPC/UVG-CWI-DQPC/FitFluencer/he/15fps/FitFluencer_UVG-CWI-DQPC_HE_15_0_200_0140.ply,201,201,201,201,0,0
FitFluencer,0141,/gpfs/work3/0/prjs0839/data/UVG_CWI_DQPC/UVG-CWI-DQPC/FitFluencer/cg/15fps/FitFluencer_UVG-CWI-DQPC_CG_15_0_200_0141.ply,/gpfs/work3/0/prjs0839/data/UVG_CWI_DQPC/UVG-CWI-DQPC/FitFluencer/he/15fps/FitFluencer_UVG-CWI-DQPC_HE_15_0_200_0141.ply,201,201,201,201,0,0
FitFluencer,0142,/gpfs/work3/0/prjs0839/data/UVG_CWI_DQPC/UVG-CWI-DQPC/FitFluencer/cg/15fps/FitFluencer_UVG-CWI-DQPC_CG_15_0_200_0142.ply,/gpfs/work3/0/prjs0839/data/UVG_CWI_DQPC/UVG-CWI-DQPC/FitFluencer/he/15fps/FitFluencer_UVG-CWI-DQPC_HE_15_0_200_0142.ply,201,201,201,201,0,0
FitFluencer,0143,/gpfs/work3/0/prjs0839/data/UVG_CWI_DQPC/UVG-CWI-DQPC/FitFluencer/cg/15fps/FitFluencer_UVG-CWI-DQPC_CG_15_0_200_0143.ply,/gpfs/work3/0/prjs0839/data/UVG_CWI_DQPC/UVG-CWI-DQPC/FitFluencer/he/15fps/FitFluencer_UVG-CWI-DQPC_HE_15_0_200_0143.ply,201,201,201,201,0,0
FitFluencer,0144,/gpfs/work3/0/prjs0839/data/UVG_CWI_DQPC/UVG-CWI-DQPC/FitFluencer/cg/15fps/FitFluencer_UVG-CWI-DQPC_CG_15_0_200_0144.ply,/gpfs/work3/0/prjs0839/data/UVG_CWI_DQPC/UVG-CWI-DQPC/FitFluencer/he/15fps/FitFluencer_UVG-CWI-DQPC_HE_15_0_200_0144.ply,201,201,201,201,0,0
FitFluencer,0145,/gpfs/work3/0/prjs0839/data/UVG_CWI_DQPC/UVG-CWI-DQPC/FitFluencer/cg/15fps/FitFluencer_UVG-CWI-DQPC_CG_15_0_200_0145.ply,/gpfs/work3/0/prjs0839/data/UVG_CWI_DQPC/UVG-CWI-DQPC/FitFluencer/he/15fps/FitFluencer_UVG-CWI-DQPC_HE_15_0_200_0145.ply,201,201,201,201,0,0
FitFluencer,0146,/gpfs/work3/0/prjs0839/data/UVG_CWI_DQPC/UVG-CWI-DQPC/FitFluencer/cg/15fps/FitFluencer_UVG-CWI-DQPC_CG_15_0_200_0146.ply,/gpfs/work3/0/prjs0839/data/UVG_CWI_DQPC/UVG-CWI-DQPC/FitFluencer/he/15fps/FitFluencer_UVG-CWI-DQPC_HE_15_0_200_0146.ply,201,201,201,201,0,0
FitFluencer,0147,/gpfs/work3/0/prjs0839/data/UVG_CWI_DQPC/UVG-CWI-DQPC/FitFluencer/cg/15fps/FitFluencer_UVG-CWI-DQPC_CG_15_0_200_0147.ply,/gpfs/work3/0/prjs0839/data/UVG_CWI_DQPC/UVG-CWI-DQPC/FitFluencer/he/15fps/FitFluencer_UVG-CWI-DQPC_HE_15_0_200_0147.ply,201,201,201,201,0,0
FitFluencer,0148,/gpfs/work3/0/prjs0839/data/UVG_CWI_DQPC/UVG-CWI-DQPC/FitFluencer/cg/15fps/FitFluencer_UVG-CWI-DQPC_CG_15_0_200_0148.ply,/gpfs/work3/0/prjs0839/data/UVG_CWI_DQPC/UVG-CWI-DQPC/FitFluencer/he/15fps/FitFluencer_UVG-CWI-DQPC_HE_15_0_200_0148.ply,201,201,201,201,0,0
FitFluencer,0149,/gpfs/work3/0/prjs0839/data/UVG_CWI_DQPC/UVG-CWI-DQPC/FitFluencer/cg/15fps/FitFluencer_UVG-CWI-DQPC_CG_15_0_200_0149.ply,/gpfs/work3/0/prjs0839/data/UVG_CWI_DQPC/UVG-CWI-DQPC/FitFluencer/he/15fps/FitFluencer_UVG-CWI-DQPC_HE_15_0_200_0149.ply,201,201,201,201,0,0
FitFluencer,0150,/gpfs/work3/0/prjs0839/data/UVG_CWI_DQPC/UVG-CWI-DQPC/FitFluencer/cg/15fps/FitFluencer_UVG-CWI-DQPC_CG_15_0_200_0150.ply,/gpfs/work3/0/prjs0839/data/UVG_CWI_DQPC/UVG-CWI-DQPC/FitFluencer/he/15fps/FitFluencer_UVG-CWI-DQPC_HE_15_0_200_0150.ply,201,201,201,201,0,0
FitFluencer,0151,/gpfs/work3/0/prjs0839/data/UVG_CWI_DQPC/UVG-CWI-DQPC/FitFluencer/cg/15fps/FitFluencer_UVG-CWI-DQPC_CG_15_0_200_0151.ply,/gpfs/work3/0/prjs0839/data/UVG_CWI_DQPC/UVG-CWI-DQPC/FitFluencer/he/15fps/FitFluencer_UVG-CWI-DQPC_HE_15_0_200_0151.ply,201,201,201,201,0,0
FitFluencer,0152,/gpfs/work3/0/prjs0839/data/UVG_CWI_DQPC/UVG-CWI-DQPC/FitFluencer/cg/15fps/FitFluencer_UVG-CWI-DQPC_CG_15_0_200_0152.ply,/gpfs/work3/0/prjs0839/data/UVG_CWI_DQPC/UVG-CWI-DQPC/FitFluencer/he/15fps/FitFluencer_UVG-CWI-DQPC_HE_15_0_200_0152.ply,201,201,201,201,0,0
FitFluencer,0153,/gpfs/work3/0/prjs0839/data/UVG_CWI_DQPC/UVG-CWI-DQPC/FitFluencer/cg/15fps/FitFluencer_UVG-CWI-DQPC_CG_15_0_200_0153.ply,/gpfs/work3/0/prjs0839/data/UVG_CWI_DQPC/UVG-CWI-DQPC/FitFluencer/he/15fps/FitFluencer_UVG-CWI-DQPC_HE_15_0_200_0153.ply,201,201,201,201,0,0
FitFluencer,0154,/gpfs/work3/0/prjs0839/data/UVG_CWI_DQPC/UVG-CWI-DQPC/FitFluencer/cg/15fps/FitFluencer_UVG-CWI-DQPC_CG_15_0_200_0154.ply,/gpfs/work3/0/prjs0839/data/UVG_CWI_DQPC/UVG-CWI-DQPC/FitFluencer/he/15fps/FitFluencer_UVG-CWI-DQPC_HE_15_0_200_0154.ply,201,201,201,201,0,0
FitFluencer,0155,/gpfs/work3/0/prjs0839/data/UVG_CWI_DQPC/UVG-CWI-DQPC/FitFluencer/cg/15fps/FitFluencer_UVG-CWI-DQPC_CG_15_0_200_0155.ply,/gpfs/work3/0/prjs0839/data/UVG_CWI_DQPC/UVG-CWI-DQPC/FitFluencer/he/15fps/FitFluencer_UVG-CWI-DQPC_HE_15_0_200_0155.ply,201,201,201,201,0,0
FitFluencer,0156,/gpfs/work3/0/prjs0839/data/UVG_CWI_DQPC/UVG-CWI-DQPC/FitFluencer/cg/15fps/FitFluencer_UVG-CWI-DQPC_CG_15_0_200_0156.ply,/gpfs/work3/0/prjs0839/data/UVG_CWI_DQPC/UVG-CWI-DQPC/FitFluencer/he/15fps/FitFluencer_UVG-CWI-DQPC_HE_15_0_200_0156.ply,201,201,201,201,0,0
FitFluencer,0157,/gpfs/work3/0/prjs0839/data/UVG_CWI_DQPC/UVG-CWI-DQPC/FitFluencer/cg/15fps/FitFluencer_UVG-CWI-DQPC_CG_15_0_200_0157.ply,/gpfs/work3/0/prjs0839/data/UVG_CWI_DQPC/UVG-CWI-DQPC/FitFluencer/he/15fps/FitFluencer_UVG-CWI-DQPC_HE_15_0_200_0157.ply,201,201,201,201,0,0
FitFluencer,0158,/gpfs/work3/0/prjs0839/data/UVG_CWI_DQPC/UVG-CWI-DQPC/FitFluencer/cg/15fps/FitFluencer_UVG-CWI-DQPC_CG_15_0_200_0158.ply,/gpfs/work3/0/prjs0839/data/UVG_CWI_DQPC/UVG-CWI-DQPC/FitFluencer/he/15fps/FitFluencer_UVG-CWI-DQPC_HE_15_0_200_0158.ply,201,201,201,201,0,0
FitFluencer,0159,/gpfs/work3/0/prjs0839/data/UVG_CWI_DQPC/UVG-CWI-DQPC/FitFluencer/cg/15fps/FitFluencer_UVG-CWI-DQPC_CG_15_0_200_0159.ply,/gpfs/work3/0/prjs0839/data/UVG_CWI_DQPC/UVG-CWI-DQPC/FitFluencer/he/15fps/FitFluencer_UVG-CWI-DQPC_HE_15_0_200_0159.ply,201,201,201,201,0,0
FitFluencer,0160,/gpfs/work3/0/prjs0839/data/UVG_CWI_DQPC/UVG-CWI-DQPC/FitFluencer/cg/15fps/FitFluencer_UVG-CWI-DQPC_CG_15_0_200_0160.ply,/gpfs/work3/0/prjs0839/data/UVG_CWI_DQPC/UVG-CWI-DQPC/FitFluencer/he/15fps/FitFluencer_UVG-CWI-DQPC_HE_15_0_200_0160.ply,201,201,201,201,0,0
FitFluencer,0161,/gpfs/work3/0/prjs0839/data/UVG_CWI_DQPC/UVG-CWI-DQPC/FitFluencer/cg/15fps/FitFluencer_UVG-CWI-DQPC_CG_15_0_200_0161.ply,/gpfs/work3/0/prjs0839/data/UVG_CWI_DQPC/UVG-CWI-DQPC/FitFluencer/he/15fps/FitFluencer_UVG-CWI-DQPC_HE_15_0_200_0161.ply,201,201,201,201,0,0
FitFluencer,0162,/gpfs/work3/0/prjs0839/data/UVG_CWI_DQPC/UVG-CWI-DQPC/FitFluencer/cg/15fps/FitFluencer_UVG-CWI-DQPC_CG_15_0_200_0162.ply,/gpfs/work3/0/prjs0839/data/UVG_CWI_DQPC/UVG-CWI-DQPC/FitFluencer/he/15fps/FitFluencer_UVG-CWI-DQPC_HE_15_0_200_0162.ply,201,201,201,201,0,0
FitFluencer,0163,/gpfs/work3/0/prjs0839/data/UVG_CWI_DQPC/UVG-CWI-DQPC/FitFluencer/cg/15fps/FitFluencer_UVG-CWI-DQPC_CG_15_0_200_0163.ply,/gpfs/work3/0/prjs0839/data/UVG_CWI_DQPC/UVG-CWI-DQPC/FitFluencer/he/15fps/FitFluencer_UVG-CWI-DQPC_HE_15_0_200_0163.ply,201,201,201,201,0,0
FitFluencer,0164,/gpfs/work3/0/prjs0839/data/UVG_CWI_DQPC/UVG-CWI-DQPC/FitFluencer/cg/15fps/FitFluencer_UVG-CWI-DQPC_CG_15_0_200_0164.ply,/gpfs/work3/0/prjs0839/data/UVG_CWI_DQPC/UVG-CWI-DQPC/FitFluencer/he/15fps/FitFluencer_UVG-CWI-DQPC_HE_15_0_200_0164.ply,201,201,201,201,0,0
FitFluencer,0165,/gpfs/work3/0/prjs0839/data/UVG_CWI_DQPC/UVG-CWI-DQPC/FitFluencer/cg/15fps/FitFluencer_UVG-CWI-DQPC_CG_15_0_200_0165.ply,/gpfs/work3/0/prjs0839/data/UVG_CWI_DQPC/UVG-CWI-DQPC/FitFluencer/he/15fps/FitFluencer_UVG-CWI-DQPC_HE_15_0_200_0165.ply,201,201,201,201,0,0
FitFluencer,0166,/gpfs/work3/0/prjs0839/data/UVG_CWI_DQPC/UVG-CWI-DQPC/FitFluencer/cg/15fps/FitFluencer_UVG-CWI-DQPC_CG_15_0_200_0166.ply,/gpfs/work3/0/prjs0839/data/UVG_CWI_DQPC/UVG-CWI-DQPC/FitFluencer/he/15fps/FitFluencer_UVG-CWI-DQPC_HE_15_0_200_0166.ply,201,201,201,201,0,0
FitFluencer,0167,/gpfs/work3/0/prjs0839/data/UVG_CWI_DQPC/UVG-CWI-DQPC/FitFluencer/cg/15fps/FitFluencer_UVG-CWI-DQPC_CG_15_0_200_0167.ply,/gpfs/work3/0/prjs0839/data/UVG_CWI_DQPC/UVG-CWI-DQPC/FitFluencer/he/15fps/FitFluencer_UVG-CWI-DQPC_HE_15_0_200_0167.ply,201,201,201,201,0,0
FitFluencer,0168,/gpfs/work3/0/prjs0839/data/UVG_CWI_DQPC/UVG-CWI-DQPC/FitFluencer/cg/15fps/FitFluencer_UVG-CWI-DQPC_CG_15_0_200_0168.ply,/gpfs/work3/0/prjs0839/data/UVG_CWI_DQPC/UVG-CWI-DQPC/FitFluencer/he/15fps/FitFluencer_UVG-CWI-DQPC_HE_15_0_200_0168.ply,201,201,201,201,0,0
FitFluencer,0169,/gpfs/work3/0/prjs0839/data/UVG_CWI_DQPC/UVG-CWI-DQPC/FitFluencer/cg/15fps/FitFluencer_UVG-CWI-DQPC_CG_15_0_200_0169.ply,/gpfs/work3/0/prjs0839/data/UVG_CWI_DQPC/UVG-CWI-DQPC/FitFluencer/he/15fps/FitFluencer_UVG-CWI-DQPC_HE_15_0_200_0169.ply,201,201,201,201,0,0
FitFluencer,0170,/gpfs/work3/0/prjs0839/data/UVG_CWI_DQPC/UVG-CWI-DQPC/FitFluencer/cg/15fps/FitFluencer_UVG-CWI-DQPC_CG_15_0_200_0170.ply,/gpfs/work3/0/prjs0839/data/UVG_CWI_DQPC/UVG-CWI-DQPC/FitFluencer/he/15fps/FitFluencer_UVG-CWI-DQPC_HE_15_0_200_0170.ply,201,201,201,201,0,0
FitFluencer,0171,/gpfs/work3/0/prjs0839/data/UVG_CWI_DQPC/UVG-CWI-DQPC/FitFluencer/cg/15fps/FitFluencer_UVG-CWI-DQPC_CG_15_0_200_0171.ply,/gpfs/work3/0/prjs0839/data/UVG_CWI_DQPC/UVG-CWI-DQPC/FitFluencer/he/15fps/FitFluencer_UVG-CWI-DQPC_HE_15_0_200_0171.ply,201,201,201,201,0,0
FitFluencer,0172,/gpfs/work3/0/prjs0839/data/UVG_CWI_DQPC/UVG-CWI-DQPC/FitFluencer/cg/15fps/FitFluencer_UVG-CWI-DQPC_CG_15_0_200_0172.ply,/gpfs/work3/0/prjs0839/data/UVG_CWI_DQPC/UVG-CWI-DQPC/FitFluencer/he/15fps/FitFluencer_UVG-CWI-DQPC_HE_15_0_200_0172.ply,201,201,201,201,0,0
FitFluencer,0173,/gpfs/work3/0/prjs0839/data/UVG_CWI_DQPC/UVG-CWI-DQPC/FitFluencer/cg/15fps/FitFluencer_UVG-CWI-DQPC_CG_15_0_200_0173.ply,/gpfs/work3/0/prjs0839/data/UVG_CWI_DQPC/UVG-CWI-DQPC/FitFluencer/he/15fps/FitFluencer_UVG-CWI-DQPC_HE_15_0_200_0173.ply,201,201,201,201,0,0
FitFluencer,0174,/gpfs/work3/0/prjs0839/data/UVG_CWI_DQPC/UVG-CWI-DQPC/FitFluencer/cg/15fps/FitFluencer_UVG-CWI-DQPC_CG_15_0_200_0174.ply,/gpfs/work3/0/prjs0839/data/UVG_CWI_DQPC/UVG-CWI-DQPC/FitFluencer/he/15fps/FitFluencer_UVG-CWI-DQPC_HE_15_0_200_0174.ply,201,201,201,201,0,0
FitFluencer,0175,/gpfs/work3/0/prjs0839/data/UVG_CWI_DQPC/UVG-CWI-DQPC/FitFluencer/cg/15fps/FitFluencer_UVG-CWI-DQPC_CG_15_0_200_0175.ply,/gpfs/work3/0/prjs0839/data/UVG_CWI_DQPC/UVG-CWI-DQPC/FitFluencer/he/15fps/FitFluencer_UVG-CWI-DQPC_HE_15_0_200_0175.ply,201,201,201,201,0,0
FitFluencer,0176,/gpfs/work3/0/prjs0839/data/UVG_CWI_DQPC/UVG-CWI-DQPC/FitFluencer/cg/15fps/FitFluencer_UVG-CWI-DQPC_CG_15_0_200_0176.ply,/gpfs/work3/0/prjs0839/data/UVG_CWI_DQPC/UVG-CWI-DQPC/FitFluencer/he/15fps/FitFluencer_UVG-CWI-DQPC_HE_15_0_200_0176.ply,201,201,201,201,0,0
FitFluencer,0177,/gpfs/work3/0/prjs0839/data/UVG_CWI_DQPC/UVG-CWI-DQPC/FitFluencer/cg/15fps/FitFluencer_UVG-CWI-DQPC_CG_15_0_200_0177.ply,/gpfs/work3/0/prjs0839/data/UVG_CWI_DQPC/UVG-CWI-DQPC/FitFluencer/he/15fps/FitFluencer_UVG-CWI-DQPC_HE_15_0_200_0177.ply,201,201,201,201,0,0
FitFluencer,0178,/gpfs/work3/0/prjs0839/data/UVG_CWI_DQPC/UVG-CWI-DQPC/FitFluencer/cg/15fps/FitFluencer_UVG-CWI-DQPC_CG_15_0_200_0178.ply,/gpfs/work3/0/prjs0839/data/UVG_CWI_DQPC/UVG-CWI-DQPC/FitFluencer/he/15fps/FitFluencer_UVG-CWI-DQPC_HE_15_0_200_0178.ply,201,201,201,201,0,0
FitFluencer,0179,/gpfs/work3/0/prjs0839/data/UVG_CWI_DQPC/UVG-CWI-DQPC/FitFluencer/cg/15fps/FitFluencer_UVG-CWI-DQPC_CG_15_0_200_0179.ply,/gpfs/work3/0/prjs0839/data/UVG_CWI_DQPC/UVG-CWI-DQPC/FitFluencer/he/15fps/FitFluencer_UVG-CWI-DQPC_HE_15_0_200_0179.ply,201,201,201,201,0,0
FitFluencer,0180,/gpfs/work3/0/prjs0839/data/UVG_CWI_DQPC/UVG-CWI-DQPC/FitFluencer/cg/15fps/FitFluencer_UVG-CWI-DQPC_CG_15_0_200_0180.ply,/gpfs/work3/0/prjs0839/data/UVG_CWI_DQPC/UVG-CWI-DQPC/FitFluencer/he/15fps/FitFluencer_UVG-CWI-DQPC_HE_15_0_200_0180.ply,201,201,201,201,0,0
FitFluencer,0181,/gpfs/work3/0/prjs0839/data/UVG_CWI_DQPC/UVG-CWI-DQPC/FitFluencer/cg/15fps/FitFluencer_UVG-CWI-DQPC_CG_15_0_200_0181.ply,/gpfs/work3/0/prjs0839/data/UVG_CWI_DQPC/UVG-CWI-DQPC/FitFluencer/he/15fps/FitFluencer_UVG-CWI-DQPC_HE_15_0_200_0181.ply,201,201,201,201,0,0
FitFluencer,0182,/gpfs/work3/0/prjs0839/data/UVG_CWI_DQPC/UVG-CWI-DQPC/FitFluencer/cg/15fps/FitFluencer_UVG-CWI-DQPC_CG_15_0_200_0182.ply,/gpfs/work3/0/prjs0839/data/UVG_CWI_DQPC/UVG-CWI-DQPC/FitFluencer/he/15fps/FitFluencer_UVG-CWI-DQPC_HE_15_0_200_0182.ply,201,201,201,201,0,0
FitFluencer,0183,/gpfs/work3/0/prjs0839/data/UVG_CWI_DQPC/UVG-CWI-DQPC/FitFluencer/cg/15fps/FitFluencer_UVG-CWI-DQPC_CG_15_0_200_0183.ply,/gpfs/work3/0/prjs0839/data/UVG_CWI_DQPC/UVG-CWI-DQPC/FitFluencer/he/15fps/FitFluencer_UVG-CWI-DQPC_HE_15_0_200_0183.ply,201,201,201,201,0,0
FitFluencer,0184,/gpfs/work3/0/prjs0839/data/UVG_CWI_DQPC/UVG-CWI-DQPC/FitFluencer/cg/15fps/FitFluencer_UVG-CWI-DQPC_CG_15_0_200_0184.ply,/gpfs/work3/0/prjs0839/data/UVG_CWI_DQPC/UVG-CWI-DQPC/FitFluencer/he/15fps/FitFluencer_UVG-CWI-DQPC_HE_15_0_200_0184.ply,201,201,201,201,0,0
FitFluencer,0185,/gpfs/work3/0/prjs0839/data/UVG_CWI_DQPC/UVG-CWI-DQPC/FitFluencer/cg/15fps/FitFluencer_UVG-CWI-DQPC_CG_15_0_200_0185.ply,/gpfs/work3/0/prjs0839/data/UVG_CWI_DQPC/UVG-CWI-DQPC/FitFluencer/he/15fps/FitFluencer_UVG-CWI-DQPC_HE_15_0_200_0185.ply,201,201,201,201,0,0
FitFluencer,0186,/gpfs/work3/0/prjs0839/data/UVG_CWI_DQPC/UVG-CWI-DQPC/FitFluencer/cg/15fps/FitFluencer_UVG-CWI-DQPC_CG_15_0_200_0186.ply,/gpfs/work3/0/prjs0839/data/UVG_CWI_DQPC/UVG-CWI-DQPC/FitFluencer/he/15fps/FitFluencer_UVG-CWI-DQPC_HE_15_0_200_0186.ply,201,201,201,201,0,0
FitFluencer,0187,/gpfs/work3/0/prjs0839/data/UVG_CWI_DQPC/UVG-CWI-DQPC/FitFluencer/cg/15fps/FitFluencer_UVG-CWI-DQPC_CG_15_0_200_0187.ply,/gpfs/work3/0/prjs0839/data/UVG_CWI_DQPC/UVG-CWI-DQPC/FitFluencer/he/15fps/FitFluencer_UVG-CWI-DQPC_HE_15_0_200_0187.ply,201,201,201,201,0,0
FitFluencer,0188,/gpfs/work3/0/prjs0839/data/UVG_CWI_DQPC/UVG-CWI-DQPC/FitFluencer/cg/15fps/FitFluencer_UVG-CWI-DQPC_CG_15_0_200_0188.ply,/gpfs/work3/0/prjs0839/data/UVG_CWI_DQPC/UVG-CWI-DQPC/FitFluencer/he/15fps/FitFluencer_UVG-CWI-DQPC_HE_15_0_200_0188.ply,201,201,201,201,0,0
FitFluencer,0189,/gpfs/work3/0/prjs0839/data/UVG_CWI_DQPC/UVG-CWI-DQPC/FitFluencer/cg/15fps/FitFluencer_UVG-CWI-DQPC_CG_15_0_200_0189.ply,/gpfs/work3/0/prjs0839/data/UVG_CWI_DQPC/UVG-CWI-DQPC/FitFluencer/he/15fps/FitFluencer_UVG-CWI-DQPC_HE_15_0_200_0189.ply,201,201,201,201,0,0
FitFluencer,0190,/gpfs/work3/0/prjs0839/data/UVG_CWI_DQPC/UVG-CWI-DQPC/FitFluencer/cg/15fps/FitFluencer_UVG-CWI-DQPC_CG_15_0_200_0190.ply,/gpfs/work3/0/prjs0839/data/UVG_CWI_DQPC/UVG-CWI-DQPC/FitFluencer/he/15fps/FitFluencer_UVG-CWI-DQPC_HE_15_0_200_0190.ply,201,201,201,201,0,0
FitFluencer,0191,/gpfs/work3/0/prjs0839/data/UVG_CWI_DQPC/UVG-CWI-DQPC/FitFluencer/cg/15fps/FitFluencer_UVG-CWI-DQPC_CG_15_0_200_0191.ply,/gpfs/work3/0/prjs0839/data/UVG_CWI_DQPC/UVG-CWI-DQPC/FitFluencer/he/15fps/FitFluencer_UVG-CWI-DQPC_HE_15_0_200_0191.ply,201,201,201,201,0,0
FitFluencer,0192,/gpfs/work3/0/prjs0839/data/UVG_CWI_DQPC/UVG-CWI-DQPC/FitFluencer/cg/15fps/FitFluencer_UVG-CWI-DQPC_CG_15_0_200_0192.ply,/gpfs/work3/0/prjs0839/data/UVG_CWI_DQPC/UVG-CWI-DQPC/FitFluencer/he/15fps/FitFluencer_UVG-CWI-DQPC_HE_15_0_200_0192.ply,201,201,201,201,0,0
FitFluencer,0193,/gpfs/work3/0/prjs0839/data/UVG_CWI_DQPC/UVG-CWI-DQPC/FitFluencer/cg/15fps/FitFluencer_UVG-CWI-DQPC_CG_15_0_200_0193.ply,/gpfs/work3/0/prjs0839/data/UVG_CWI_DQPC/UVG-CWI-DQPC/FitFluencer/he/15fps/FitFluencer_UVG-CWI-DQPC_HE_15_0_200_0193.ply,201,201,201,201,0,0
FitFluencer,0194,/gpfs/work3/0/prjs0839/data/UVG_CWI_DQPC/UVG-CWI-DQPC/FitFluencer/cg/15fps/FitFluencer_UVG-CWI-DQPC_CG_15_0_200_0194.ply,/gpfs/work3/0/prjs0839/data/UVG_CWI_DQPC/UVG-CWI-DQPC/FitFluencer/he/15fps/FitFluencer_UVG-CWI-DQPC_HE_15_0_200_0194.ply,201,201,201,201,0,0
FitFluencer,0195,/gpfs/work3/0/prjs0839/data/UVG_CWI_DQPC/UVG-CWI-DQPC/FitFluencer/cg/15fps/FitFluencer_UVG-CWI-DQPC_CG_15_0_200_0195.ply,/gpfs/work3/0/prjs0839/data/UVG_CWI_DQPC/UVG-CWI-DQPC/FitFluencer/he/15fps/FitFluencer_UVG-CWI-DQPC_HE_15_0_200_0195.ply,201,201,201,201,0,0
FitFluencer,0196,/gpfs/work3/0/prjs0839/data/UVG_CWI_DQPC/UVG-CWI-DQPC/FitFluencer/cg/15fps/FitFluencer_UVG-CWI-DQPC_CG_15_0_200_0196.ply,/gpfs/work3/0/prjs0839/data/UVG_CWI_DQPC/UVG-CWI-DQPC/FitFluencer/he/15fps/FitFluencer_UVG-CWI-DQPC_HE_15_0_200_0196.ply,201,201,201,201,0,0
FitFluencer,0197,/gpfs/work3/0/prjs0839/data/UVG_CWI_DQPC/UVG-CWI-DQPC/FitFluencer/cg/15fps/FitFluencer_UVG-CWI-DQPC_CG_15_0_200_0197.ply,/gpfs/work3/0/prjs0839/data/UVG_CWI_DQPC/UVG-CWI-DQPC/FitFluencer/he/15fps/FitFluencer_UVG-CWI-DQPC_HE_15_0_200_0197.ply,201,201,201,201,0,0
FitFluencer,0198,/gpfs/work3/0/prjs0839/data/UVG_CWI_DQPC/UVG-CWI-DQPC/FitFluencer/cg/15fps/FitFluencer_UVG-CWI-DQPC_CG_15_0_200_0198.ply,/gpfs/work3/0/prjs0839/data/UVG_CWI_DQPC/UVG-CWI-DQPC/FitFluencer/he/15fps/FitFluencer_UVG-CWI-DQPC_HE_15_0_200_0198.ply,201,201,201,201,0,0
FitFluencer,0199,/gpfs/work3/0/prjs0839/data/UVG_CWI_DQPC/UVG-CWI-DQPC/FitFluencer/cg/15fps/FitFluencer_UVG-CWI-DQPC_CG_15_0_200_0199.ply,/gpfs/work3/0/prjs0839/data/UVG_CWI_DQPC/UVG-CWI-DQPC/FitFluencer/he/15fps/FitFluencer_UVG-CWI-DQPC_HE_15_0_200_0199.ply,201,201,201,201,0,0
FitFluencer,0200,/gpfs/work3/0/prjs0839/data/UVG_CWI_DQPC/UVG-CWI-DQPC/FitFluencer/cg/15fps/FitFluencer_UVG-CWI-DQPC_CG_15_0_200_0200.ply,/gpfs/work3/0/prjs0839/data/UVG_CWI_DQPC/UVG-CWI-DQPC/FitFluencer/he/15fps/FitFluencer_UVG-CWI-DQPC_HE_15_0_200_0200.ply,201,201,201,201,0,0
GoodVision,0000,/gpfs/work3/0/prjs0839/data/UVG_CWI_DQPC/UVG-CWI-DQPC/GoodVision/cg/15fps/GoodVision_UVG-CWI-DQPC_CG_15_0_167_0000.ply,/gpfs/work3/0/prjs0839/data/UVG_CWI_DQPC/UVG-CWI-DQPC/GoodVision/he/15fps/GoodVision_UVG-CWI-DQPC_HE_15_0_167_0000.ply,168,167,168,167,0,1
GoodVision,0001,/gpfs/work3/0/prjs0839/data/UVG_CWI_DQPC/UVG-CWI-DQPC/GoodVision/cg/15fps/GoodVision_UVG-CWI-DQPC_CG_15_0_167_0001.ply,/gpfs/work3/0/prjs0839/data/UVG_CWI_DQPC/UVG-CWI-DQPC/GoodVision/he/15fps/GoodVision_UVG-CWI-DQPC_HE_15_0_167_0001.ply,168,167,168,167,0,1
GoodVision,0002,/gpfs/work3/0/prjs0839/data/UVG_CWI_DQPC/UVG-CWI-DQPC/GoodVision/cg/15fps/GoodVision_UVG-CWI-DQPC_CG_15_0_167_0002.ply,/gpfs/work3/0/prjs0839/data/UVG_CWI_DQPC/UVG-CWI-DQPC/GoodVision/he/15fps/GoodVision_UVG-CWI-DQPC_HE_15_0_167_0002.ply,168,167,168,167,0,1
GoodVision,0003,/gpfs/work3/0/prjs0839/data/UVG_CWI_DQPC/UVG-CWI-DQPC/GoodVision/cg/15fps/GoodVision_UVG-CWI-DQPC_CG_15_0_167_0003.ply,/gpfs/work3/0/prjs0839/data/UVG_CWI_DQPC/UVG-CWI-DQPC/GoodVision/he/15fps/GoodVision_UVG-CWI-DQPC_HE_15_0_167_0003.ply,168,167,168,167,0,1
GoodVision,0004,/gpfs/work3/0/prjs0839/data/UVG_CWI_DQPC/UVG-CWI-DQPC/GoodVision/cg/15fps/GoodVision_UVG-CWI-DQPC_CG_15_0_167_0004.ply,/gpfs/work3/0/prjs0839/data/UVG_CWI_DQPC/UVG-CWI-DQPC/GoodVision/he/15fps/GoodVision_UVG-CWI-DQPC_HE_15_0_167_0004.ply,168,167,168,167,0,1
GoodVision,0005,/gpfs/work3/0/prjs0839/data/UVG_CWI_DQPC/UVG-CWI-DQPC/GoodVision/cg/15fps/GoodVision_UVG-CWI-DQPC_CG_15_0_167_0005.ply,/gpfs/work3/0/prjs0839/data/UVG_CWI_DQPC/UVG-CWI-DQPC/GoodVision/he/15fps/GoodVision_UVG-CWI-DQPC_HE_15_0_167_0005.ply,168,167,168,167,0,1
GoodVision,0006,/gpfs/work3/0/prjs0839/data/UVG_CWI_DQPC/UVG-CWI-DQPC/GoodVision/cg/15fps/GoodVision_UVG-CWI-DQPC_CG_15_0_167_0006.ply,/gpfs/work3/0/prjs0839/data/UVG_CWI_DQPC/UVG-CWI-DQPC/GoodVision/he/15fps/GoodVision_UVG-CWI-DQPC_HE_15_0_167_0006.ply,168,167,168,167,0,1
GoodVision,0007,/gpfs/work3/0/prjs0839/data/UVG_CWI_DQPC/UVG-CWI-DQPC/GoodVision/cg/15fps/GoodVision_UVG-CWI-DQPC_CG_15_0_167_0007.ply,/gpfs/work3/0/prjs0839/data/UVG_CWI_DQPC/UVG-CWI-DQPC/GoodVision/he/15fps/GoodVision_UVG-CWI-DQPC_HE_15_0_167_0007.ply,168,167,168,167,0,1
GoodVision,0008,/gpfs/work3/0/prjs0839/data/UVG_CWI_DQPC/UVG-CWI-DQPC/GoodVision/cg/15fps/GoodVision_UVG-CWI-DQPC_CG_15_0_167_0008.ply,/gpfs/work3/0/prjs0839/data/UVG_CWI_DQPC/UVG-CWI-DQPC/GoodVision/he/15fps/GoodVision_UVG-CWI-DQPC_HE_15_0_167_0008.ply,168,167,168,167,0,1
GoodVision,0009,/gpfs/work3/0/prjs0839/data/UVG_CWI_DQPC/UVG-CWI-DQPC/GoodVision/cg/15fps/GoodVision_UVG-CWI-DQPC_CG_15_0_167_0009.ply,/gpfs/work3/0/prjs0839/data/UVG_CWI_DQPC/UVG-CWI-DQPC/GoodVision/he/15fps/GoodVision_UVG-CWI-DQPC_HE_15_0_167_0009.ply,168,167,168,167,0,1
GoodVision,0010,/gpfs/work3/0/prjs0839/data/UVG_CWI_DQPC/UVG-CWI-DQPC/GoodVision/cg/15fps/GoodVision_UVG-CWI-DQPC_CG_15_0_167_0010.ply,/gpfs/work3/0/prjs0839/data/UVG_CWI_DQPC/UVG-CWI-DQPC/GoodVision/he/15fps/GoodVision_UVG-CWI-DQPC_HE_15_0_167_0010.ply,168,167,168,167,0,1
GoodVision,0011,/gpfs/work3/0/prjs0839/data/UVG_CWI_DQPC/UVG-CWI-DQPC/GoodVision/cg/15fps/GoodVision_UVG-CWI-DQPC_CG_15_0_167_0011.ply,/gpfs/work3/0/prjs0839/data/UVG_CWI_DQPC/UVG-CWI-DQPC/GoodVision/he/15fps/GoodVision_UVG-CWI-DQPC_HE_15_0_167_0011.ply,168,167,168,167,0,1
GoodVision,0012,/gpfs/work3/0/prjs0839/data/UVG_CWI_DQPC/UVG-CWI-DQPC/GoodVision/cg/15fps/GoodVision_UVG-CWI-DQPC_CG_15_0_167_0012.ply,/gpfs/work3/0/prjs0839/data/UVG_CWI_DQPC/UVG-CWI-DQPC/GoodVision/he/15fps/GoodVision_UVG-CWI-DQPC_HE_15_0_167_0012.ply,168,167,168,167,0,1
GoodVision,0013,/gpfs/work3/0/prjs0839/data/UVG_CWI_DQPC/UVG-CWI-DQPC/GoodVision/cg/15fps/GoodVision_UVG-CWI-DQPC_CG_15_0_167_0013.ply,/gpfs/work3/0/prjs0839/data/UVG_CWI_DQPC/UVG-CWI-DQPC/GoodVision/he/15fps/GoodVision_UVG-CWI-DQPC_HE_15_0_167_0013.ply,168,167,168,167,0,1
GoodVision,0014,/gpfs/work3/0/prjs0839/data/UVG_CWI_DQPC/UVG-CWI-DQPC/GoodVision/cg/15fps/GoodVision_UVG-CWI-DQPC_CG_15_0_167_0014.ply,/gpfs/work3/0/prjs0839/data/UVG_CWI_DQPC/UVG-CWI-DQPC/GoodVision/he/15fps/GoodVision_UVG-CWI-DQPC_HE_15_0_167_0014.ply,168,167,168,167,0,1
GoodVision,0015,/gpfs/work3/0/prjs0839/data/UVG_CWI_DQPC/UVG-CWI-DQPC/GoodVision/cg/15fps/GoodVision_UVG-CWI-DQPC_CG_15_0_167_0015.ply,/gpfs/work3/0/prjs0839/data/UVG_CWI_DQPC/UVG-CWI-DQPC/GoodVision/he/15fps/GoodVision_UVG-CWI-DQPC_HE_15_0_167_0015.ply,168,167,168,167,0,1
GoodVision,0016,/gpfs/work3/0/prjs0839/data/UVG_CWI_DQPC/UVG-CWI-DQPC/GoodVision/cg/15fps/GoodVision_UVG-CWI-DQPC_CG_15_0_167_0016.ply,/gpfs/work3/0/prjs0839/data/UVG_CWI_DQPC/UVG-CWI-DQPC/GoodVision/he/15fps/GoodVision_UVG-CWI-DQPC_HE_15_0_167_0016.ply,168,167,168,167,0,1
GoodVision,0017,/gpfs/work3/0/prjs0839/data/UVG_CWI_DQPC/UVG-CWI-DQPC/GoodVision/cg/15fps/GoodVision_UVG-CWI-DQPC_CG_15_0_167_0017.ply,/gpfs/work3/0/prjs0839/data/UVG_CWI_DQPC/UVG-CWI-DQPC/GoodVision/he/15fps/GoodVision_UVG-CWI-DQPC_HE_15_0_167_0017.ply,168,167,168,167,0,1
GoodVision,0018,/gpfs/work3/0/prjs0839/data/UVG_CWI_DQPC/UVG-CWI-DQPC/GoodVision/cg/15fps/GoodVision_UVG-CWI-DQPC_CG_15_0_167_0018.ply,/gpfs/work3/0/prjs0839/data/UVG_CWI_DQPC/UVG-CWI-DQPC/GoodVision/he/15fps/GoodVision_UVG-CWI-DQPC_HE_15_0_167_0018.ply,168,167,168,167,0,1
GoodVision,0019,/gpfs/work3/0/prjs0839/data/UVG_CWI_DQPC/UVG-CWI-DQPC/GoodVision/cg/15fps/GoodVision_UVG-CWI-DQPC_CG_15_0_167_0019.ply,/gpfs/work3/0/prjs0839/data/UVG_CWI_DQPC/UVG-CWI-DQPC/GoodVision/he/15fps/GoodVision_UVG-CWI-DQPC_HE_15_0_167_0019.ply,168,167,168,167,0,1
GoodVision,0020,/gpfs/work3/0/prjs0839/data/UVG_CWI_DQPC/UVG-CWI-DQPC/GoodVision/cg/15fps/GoodVision_UVG-CWI-DQPC_CG_15_0_167_0020.ply,/gpfs/work3/0/prjs0839/data/UVG_CWI_DQPC/UVG-CWI-DQPC/GoodVision/he/15fps/GoodVision_UVG-CWI-DQPC_HE_15_0_167_0020.ply,168,167,168,167,0,1
GoodVision,0021,/gpfs/work3/0/prjs0839/data/UVG_CWI_DQPC/UVG-CWI-DQPC/GoodVision/cg/15fps/GoodVision_UVG-CWI-DQPC_CG_15_0_167_0021.ply,/gpfs/work3/0/prjs0839/data/UVG_CWI_DQPC/UVG-CWI-DQPC/GoodVision/he/15fps/GoodVision_UVG-CWI-DQPC_HE_15_0_167_0021.ply,168,167,168,167,0,1
GoodVision,0022,/gpfs/work3/0/prjs0839/data/UVG_CWI_DQPC/UVG-CWI-DQPC/GoodVision/cg/15fps/GoodVision_UVG-CWI-DQPC_CG_15_0_167_0022.ply,/gpfs/work3/0/prjs0839/data/UVG_CWI_DQPC/UVG-CWI-DQPC/GoodVision/he/15fps/GoodVision_UVG-CWI-DQPC_HE_15_0_167_0022.ply,168,167,168,167,0,1
GoodVision,0023,/gpfs/work3/0/prjs0839/data/UVG_CWI_DQPC/UVG-CWI-DQPC/GoodVision/cg/15fps/GoodVision_UVG-CWI-DQPC_CG_15_0_167_0023.ply,/gpfs/work3/0/prjs0839/data/UVG_CWI_DQPC/UVG-CWI-DQPC/GoodVision/he/15fps/GoodVision_UVG-CWI-DQPC_HE_15_0_167_0023.ply,168,167,168,167,0,1
GoodVision,0024,/gpfs/work3/0/prjs0839/data/UVG_CWI_DQPC/UVG-CWI-DQPC/GoodVision/cg/15fps/GoodVision_UVG-CWI-DQPC_CG_15_0_167_0024.ply,/gpfs/work3/0/prjs0839/data/UVG_CWI_DQPC/UVG-CWI-DQPC/GoodVision/he/15fps/GoodVision_UVG-CWI-DQPC_HE_15_0_167_0024.ply,168,167,168,167,0,1
GoodVision,0025,/gpfs/work3/0/prjs0839/data/UVG_CWI_DQPC/UVG-CWI-DQPC/GoodVision/cg/15fps/GoodVision_UVG-CWI-DQPC_CG_15_0_167_0025.ply,/gpfs/work3/0/prjs0839/data/UVG_CWI_DQPC/UVG-CWI-DQPC/GoodVision/he/15fps/GoodVision_UVG-CWI-DQPC_HE_15_0_167_0025.ply,168,167,168,167,0,1
GoodVision,0026,/gpfs/work3/0/prjs0839/data/UVG_CWI_DQPC/UVG-CWI-DQPC/GoodVision/cg/15fps/GoodVision_UVG-CWI-DQPC_CG_15_0_167_0026.ply,/gpfs/work3/0/prjs0839/data/UVG_CWI_DQPC/UVG-CWI-DQPC/GoodVision/he/15fps/GoodVision_UVG-CWI-DQPC_HE_15_0_167_0026.ply,168,167,168,167,0,1
GoodVision,0027,/gpfs/work3/0/prjs0839/data/UVG_CWI_DQPC/UVG-CWI-DQPC/GoodVision/cg/15fps/GoodVision_UVG-CWI-DQPC_CG_15_0_167_0027.ply,/gpfs/work3/0/prjs0839/data/UVG_CWI_DQPC/UVG-CWI-DQPC/GoodVision/he/15fps/GoodVision_UVG-CWI-DQPC_HE_15_0_167_0027.ply,168,167,168,167,0,1
GoodVision,0028,/gpfs/work3/0/prjs0839/data/UVG_CWI_DQPC/UVG-CWI-DQPC/GoodVision/cg/15fps/GoodVision_UVG-CWI-DQPC_CG_15_0_167_0028.ply,/gpfs/work3/0/prjs0839/data/UVG_CWI_DQPC/UVG-CWI-DQPC/GoodVision/he/15fps/GoodVision_UVG-CWI-DQPC_HE_15_0_167_0028.ply,168,167,168,167,0,1
GoodVision,0029,/gpfs/work3/0/prjs0839/data/UVG_CWI_DQPC/UVG-CWI-DQPC/GoodVision/cg/15fps/GoodVision_UVG-CWI-DQPC_CG_15_0_167_0029.ply,/gpfs/work3/0/prjs0839/data/UVG_CWI_DQPC/UVG-CWI-DQPC/GoodVision/he/15fps/GoodVision_UVG-CWI-DQPC_HE_15_0_167_0029.ply,168,167,168,167,0,1
GoodVision,0030,/gpfs/work3/0/prjs0839/data/UVG_CWI_DQPC/UVG-CWI-DQPC/GoodVision/cg/15fps/GoodVision_UVG-CWI-DQPC_CG_15_0_167_0030.ply,/gpfs/work3/0/prjs0839/data/UVG_CWI_DQPC/UVG-CWI-DQPC/GoodVision/he/15fps/GoodVision_UVG-CWI-DQPC_HE_15_0_167_0030.ply,168,167,168,167,0,1
GoodVision,0031,/gpfs/work3/0/prjs0839/data/UVG_CWI_DQPC/UVG-CWI-DQPC/GoodVision/cg/15fps/GoodVision_UVG-CWI-DQPC_CG_15_0_167_0031.ply,/gpfs/work3/0/prjs0839/data/UVG_CWI_DQPC/UVG-CWI-DQPC/GoodVision/he/15fps/GoodVision_UVG-CWI-DQPC_HE_15_0_167_0031.ply,168,167,168,167,0,1
GoodVision,0032,/gpfs/work3/0/prjs0839/data/UVG_CWI_DQPC/UVG-CWI-DQPC/GoodVision/cg/15fps/GoodVision_UVG-CWI-DQPC_CG_15_0_167_0032.ply,/gpfs/work3/0/prjs0839/data/UVG_CWI_DQPC/UVG-CWI-DQPC/GoodVision/he/15fps/GoodVision_UVG-CWI-DQPC_HE_15_0_167_0032.ply,168,167,168,167,0,1
GoodVision,0033,/gpfs/work3/0/prjs0839/data/UVG_CWI_DQPC/UVG-CWI-DQPC/GoodVision/cg/15fps/GoodVision_UVG-CWI-DQPC_CG_15_0_167_0033.ply,/gpfs/work3/0/prjs0839/data/UVG_CWI_DQPC/UVG-CWI-DQPC/GoodVision/he/15fps/GoodVision_UVG-CWI-DQPC_HE_15_0_167_0033.ply,168,167,168,167,0,1
GoodVision,0034,/gpfs/work3/0/prjs0839/data/UVG_CWI_DQPC/UVG-CWI-DQPC/GoodVision/cg/15fps/GoodVision_UVG-CWI-DQPC_CG_15_0_167_0034.ply,/gpfs/work3/0/prjs0839/data/UVG_CWI_DQPC/UVG-CWI-DQPC/GoodVision/he/15fps/GoodVision_UVG-CWI-DQPC_HE_15_0_167_0034.ply,168,167,168,167,0,1
GoodVision,0035,/gpfs/work3/0/prjs0839/data/UVG_CWI_DQPC/UVG-CWI-DQPC/GoodVision/cg/15fps/GoodVision_UVG-CWI-DQPC_CG_15_0_167_0035.ply,/gpfs/work3/0/prjs0839/data/UVG_CWI_DQPC/UVG-CWI-DQPC/GoodVision/he/15fps/GoodVision_UVG-CWI-DQPC_HE_15_0_167_0035.ply,168,167,168,167,0,1
GoodVision,0036,/gpfs/work3/0/prjs0839/data/UVG_CWI_DQPC/UVG-CWI-DQPC/GoodVision/cg/15fps/GoodVision_UVG-CWI-DQPC_CG_15_0_167_0036.ply,/gpfs/work3/0/prjs0839/data/UVG_CWI_DQPC/UVG-CWI-DQPC/GoodVision/he/15fps/GoodVision_UVG-CWI-DQPC_HE_15_0_167_0036.ply,168,167,168,167,0,1
GoodVision,0037,/gpfs/work3/0/prjs0839/data/UVG_CWI_DQPC/UVG-CWI-DQPC/GoodVision/cg/15fps/GoodVision_UVG-CWI-DQPC_CG_15_0_167_0037.ply,/gpfs/work3/0/prjs0839/data/UVG_CWI_DQPC/UVG-CWI-DQPC/GoodVision/he/15fps/GoodVision_UVG-CWI-DQPC_HE_15_0_167_0037.ply,168,167,168,167,0,1
GoodVision,0038,/gpfs/work3/0/prjs0839/data/UVG_CWI_DQPC/UVG-CWI-DQPC/GoodVision/cg/15fps/GoodVision_UVG-CWI-DQPC_CG_15_0_167_0038.ply,/gpfs/work3/0/prjs0839/data/UVG_CWI_DQPC/UVG-CWI-DQPC/GoodVision/he/15fps/GoodVision_UVG-CWI-DQPC_HE_15_0_167_0038.ply,168,167,168,167,0,1
GoodVision,0039,/gpfs/work3/0/prjs0839/data/UVG_CWI_DQPC/UVG-CWI-DQPC/GoodVision/cg/15fps/GoodVision_UVG-CWI-DQPC_CG_15_0_167_0039.ply,/gpfs/work3/0/prjs0839/data/UVG_CWI_DQPC/UVG-CWI-DQPC/GoodVision/he/15fps/GoodVision_UVG-CWI-DQPC_HE_15_0_167_0039.ply,168,167,168,167,0,1
GoodVision,0040,/gpfs/work3/0/prjs0839/data/UVG_CWI_DQPC/UVG-CWI-DQPC/GoodVision/cg/15fps/GoodVision_UVG-CWI-DQPC_CG_15_0_167_0040.ply,/gpfs/work3/0/prjs0839/data/UVG_CWI_DQPC/UVG-CWI-DQPC/GoodVision/he/15fps/GoodVision_UVG-CWI-DQPC_HE_15_0_167_0040.ply,168,167,168,167,0,1
GoodVision,0041,/gpfs/work3/0/prjs0839/data/UVG_CWI_DQPC/UVG-CWI-DQPC/GoodVision/cg/15fps/GoodVision_UVG-CWI-DQPC_CG_15_0_167_0041.ply,/gpfs/work3/0/prjs0839/data/UVG_CWI_DQPC/UVG-CWI-DQPC/GoodVision/he/15fps/GoodVision_UVG-CWI-DQPC_HE_15_0_167_0041.ply,168,167,168,167,0,1
GoodVision,0042,/gpfs/work3/0/prjs0839/data/UVG_CWI_DQPC/UVG-CWI-DQPC/GoodVision/cg/15fps/GoodVision_UVG-CWI-DQPC_CG_15_0_167_0042.ply,/gpfs/work3/0/prjs0839/data/UVG_CWI_DQPC/UVG-CWI-DQPC/GoodVision/he/15fps/GoodVision_UVG-CWI-DQPC_HE_15_0_167_0042.ply,168,167,168,167,0,1
GoodVision,0043,/gpfs/work3/0/prjs0839/data/UVG_CWI_DQPC/UVG-CWI-DQPC/GoodVision/cg/15fps/GoodVision_UVG-CWI-DQPC_CG_15_0_167_0043.ply,/gpfs/work3/0/prjs0839/data/UVG_CWI_DQPC/UVG-CWI-DQPC/GoodVision/he/15fps/GoodVision_UVG-CWI-DQPC_HE_15_0_167_0043.ply,168,167,168,167,0,1
GoodVision,0044,/gpfs/work3/0/prjs0839/data/UVG_CWI_DQPC/UVG-CWI-DQPC/GoodVision/cg/15fps/GoodVision_UVG-CWI-DQPC_CG_15_0_167_0044.ply,/gpfs/work3/0/prjs0839/data/UVG_CWI_DQPC/UVG-CWI-DQPC/GoodVision/he/15fps/GoodVision_UVG-CWI-DQPC_HE_15_0_167_0044.ply,168,167,168,167,0,1
GoodVision,0045,/gpfs/work3/0/prjs0839/data/UVG_CWI_DQPC/UVG-CWI-DQPC/GoodVision/cg/15fps/GoodVision_UVG-CWI-DQPC_CG_15_0_167_0045.ply,/gpfs/work3/0/prjs0839/data/UVG_CWI_DQPC/UVG-CWI-DQPC/GoodVision/he/15fps/GoodVision_UVG-CWI-DQPC_HE_15_0_167_0045.ply,168,167,168,167,0,1
GoodVision,0046,/gpfs/work3/0/prjs0839/data/UVG_CWI_DQPC/UVG-CWI-DQPC/GoodVision/cg/15fps/GoodVision_UVG-CWI-DQPC_CG_15_0_167_0046.ply,/gpfs/work3/0/prjs0839/data/UVG_CWI_DQPC/UVG-CWI-DQPC/GoodVision/he/15fps/GoodVision_UVG-CWI-DQPC_HE_15_0_167_0046.ply,168,167,168,167,0,1
GoodVision,0047,/gpfs/work3/0/prjs0839/data/UVG_CWI_DQPC/UVG-CWI-DQPC/GoodVision/cg/15fps/GoodVision_UVG-CWI-DQPC_CG_15_0_167_0047.ply,/gpfs/work3/0/prjs0839/data/UVG_CWI_DQPC/UVG-CWI-DQPC/GoodVision/he/15fps/GoodVision_UVG-CWI-DQPC_HE_15_0_167_0047.ply,168,167,168,167,0,1
GoodVision,0048,/gpfs/work3/0/prjs0839/data/UVG_CWI_DQPC/UVG-CWI-DQPC/GoodVision/cg/15fps/GoodVision_UVG-CWI-DQPC_CG_15_0_167_0048.ply,/gpfs/work3/0/prjs0839/data/UVG_CWI_DQPC/UVG-CWI-DQPC/GoodVision/he/15fps/GoodVision_UVG-CWI-DQPC_HE_15_0_167_0048.ply,168,167,168,167,0,1
GoodVision,0049,/gpfs/work3/0/prjs0839/data/UVG_CWI_DQPC/UVG-CWI-DQPC/GoodVision/cg/15fps/GoodVision_UVG-CWI-DQPC_CG_15_0_167_0049.ply,/gpfs/work3/0/prjs0839/data/UVG_CWI_DQPC/UVG-CWI-DQPC/GoodVision/he/15fps/GoodVision_UVG-CWI-DQPC_HE_15_0_167_0049.ply,168,167,168,167,0,1
GoodVision,0050,/gpfs/work3/0/prjs0839/data/UVG_CWI_DQPC/UVG-CWI-DQPC/GoodVision/cg/15fps/GoodVision_UVG-CWI-DQPC_CG_15_0_167_0050.ply,/gpfs/work3/0/prjs0839/data/UVG_CWI_DQPC/UVG-CWI-DQPC/GoodVision/he/15fps/GoodVision_UVG-CWI-DQPC_HE_15_0_167_0050.ply,168,167,168,167,0,1
GoodVision,0051,/gpfs/work3/0/prjs0839/data/UVG_CWI_DQPC/UVG-CWI-DQPC/GoodVision/cg/15fps/GoodVision_UVG-CWI-DQPC_CG_15_0_167_0051.ply,/gpfs/work3/0/prjs0839/data/UVG_CWI_DQPC/UVG-CWI-DQPC/GoodVision/he/15fps/GoodVision_UVG-CWI-DQPC_HE_15_0_167_0051.ply,168,167,168,167,0,1
GoodVision,0052,/gpfs/work3/0/prjs0839/data/UVG_CWI_DQPC/UVG-CWI-DQPC/GoodVision/cg/15fps/GoodVision_UVG-CWI-DQPC_CG_15_0_167_0052.ply,/gpfs/work3/0/prjs0839/data/UVG_CWI_DQPC/UVG-CWI-DQPC/GoodVision/he/15fps/GoodVision_UVG-CWI-DQPC_HE_15_0_167_0052.ply,168,167,168,167,0,1
GoodVision,0053,/gpfs/work3/0/prjs0839/data/UVG_CWI_DQPC/UVG-CWI-DQPC/GoodVision/cg/15fps/GoodVision_UVG-CWI-DQPC_CG_15_0_167_0053.ply,/gpfs/work3/0/prjs0839/data/UVG_CWI_DQPC/UVG-CWI-DQPC/GoodVision/he/15fps/GoodVision_UVG-CWI-DQPC_HE_15_0_167_0053.ply,168,167,168,167,0,1
GoodVision,0054,/gpfs/work3/0/prjs0839/data/UVG_CWI_DQPC/UVG-CWI-DQPC/GoodVision/cg/15fps/GoodVision_UVG-CWI-DQPC_CG_15_0_167_0054.ply,/gpfs/work3/0/prjs0839/data/UVG_CWI_DQPC/UVG-CWI-DQPC/GoodVision/he/15fps/GoodVision_UVG-CWI-DQPC_HE_15_0_167_0054.ply,168,167,168,167,0,1
GoodVision,0055,/gpfs/work3/0/prjs0839/data/UVG_CWI_DQPC/UVG-CWI-DQPC/GoodVision/cg/15fps/GoodVision_UVG-CWI-DQPC_CG_15_0_167_0055.ply,/gpfs/work3/0/prjs0839/data/UVG_CWI_DQPC/UVG-CWI-DQPC/GoodVision/he/15fps/GoodVision_UVG-CWI-DQPC_HE_15_0_167_0055.ply,168,167,168,167,0,1
GoodVision,0056,/gpfs/work3/0/prjs0839/data/UVG_CWI_DQPC/UVG-CWI-DQPC/GoodVision/cg/15fps/GoodVision_UVG-CWI-DQPC_CG_15_0_167_0056.ply,/gpfs/work3/0/prjs0839/data/UVG_CWI_DQPC/UVG-CWI-DQPC/GoodVision/he/15fps/GoodVision_UVG-CWI-DQPC_HE_15_0_167_0056.ply,168,167,168,167,0,1
GoodVision,0057,/gpfs/work3/0/prjs0839/data/UVG_CWI_DQPC/UVG-CWI-DQPC/GoodVision/cg/15fps/GoodVision_UVG-CWI-DQPC_CG_15_0_167_0057.ply,/gpfs/work3/0/prjs0839/data/UVG_CWI_DQPC/UVG-CWI-DQPC/GoodVision/he/15fps/GoodVision_UVG-CWI-DQPC_HE_15_0_167_0057.ply,168,167,168,167,0,1
GoodVision,0058,/gpfs/work3/0/prjs0839/data/UVG_CWI_DQPC/UVG-CWI-DQPC/GoodVision/cg/15fps/GoodVision_UVG-CWI-DQPC_CG_15_0_167_0058.ply,/gpfs/work3/0/prjs0839/data/UVG_CWI_DQPC/UVG-CWI-DQPC/GoodVision/he/15fps/GoodVision_UVG-CWI-DQPC_HE_15_0_167_0058.ply,168,167,168,167,0,1
GoodVision,0059,/gpfs/work3/0/prjs0839/data/UVG_CWI_DQPC/UVG-CWI-DQPC/GoodVision/cg/15fps/GoodVision_UVG-CWI-DQPC_CG_15_0_167_0059.ply,/gpfs/work3/0/prjs0839/data/UVG_CWI_DQPC/UVG-CWI-DQPC/GoodVision/he/15fps/GoodVision_UVG-CWI-DQPC_HE_15_0_167_0059.ply,168,167,168,167,0,1
GoodVision,0060,/gpfs/work3/0/prjs0839/data/UVG_CWI_DQPC/UVG-CWI-DQPC/GoodVision/cg/15fps/GoodVision_UVG-CWI-DQPC_CG_15_0_167_0060.ply,/gpfs/work3/0/prjs0839/data/UVG_CWI_DQPC/UVG-CWI-DQPC/GoodVision/he/15fps/GoodVision_UVG-CWI-DQPC_HE_15_0_167_0060.ply,168,167,168,167,0,1
GoodVision,0061,/gpfs/work3/0/prjs0839/data/UVG_CWI_DQPC/UVG-CWI-DQPC/GoodVision/cg/15fps/GoodVision_UVG-CWI-DQPC_CG_15_0_167_0061.ply,/gpfs/work3/0/prjs0839/data/UVG_CWI_DQPC/UVG-CWI-DQPC/GoodVision/he/15fps/GoodVision_UVG-CWI-DQPC_HE_15_0_167_0061.ply,168,167,168,167,0,1
GoodVision,0062,/gpfs/work3/0/prjs0839/data/UVG_CWI_DQPC/UVG-CWI-DQPC/GoodVision/cg/15fps/GoodVision_UVG-CWI-DQPC_CG_15_0_167_0062.ply,/gpfs/work3/0/prjs0839/data/UVG_CWI_DQPC/UVG-CWI-DQPC/GoodVision/he/15fps/GoodVision_UVG-CWI-DQPC_HE_15_0_167_0062.ply,168,167,168,167,0,1
GoodVision,0063,/gpfs/work3/0/prjs0839/data/UVG_CWI_DQPC/UVG-CWI-DQPC/GoodVision/cg/15fps/GoodVision_UVG-CWI-DQPC_CG_15_0_167_0063.ply,/gpfs/work3/0/prjs0839/data/UVG_CWI_DQPC/UVG-CWI-DQPC/GoodVision/he/15fps/GoodVision_UVG-CWI-DQPC_HE_15_0_167_0063.ply,168,167,168,167,0,1
GoodVision,0064,/gpfs/work3/0/prjs0839/data/UVG_CWI_DQPC/UVG-CWI-DQPC/GoodVision/cg/15fps/GoodVision_UVG-CWI-DQPC_CG_15_0_167_0064.ply,/gpfs/work3/0/prjs0839/data/UVG_CWI_DQPC/UVG-CWI-DQPC/GoodVision/he/15fps/GoodVision_UVG-CWI-DQPC_HE_15_0_167_0064.ply,168,167,168,167,0,1
GoodVision,0065,/gpfs/work3/0/prjs0839/data/UVG_CWI_DQPC/UVG-CWI-DQPC/GoodVision/cg/15fps/GoodVision_UVG-CWI-DQPC_CG_15_0_167_0065.ply,/gpfs/work3/0/prjs0839/data/UVG_CWI_DQPC/UVG-CWI-DQPC/GoodVision/he/15fps/GoodVision_UVG-CWI-DQPC_HE_15_0_167_0065.ply,168,167,168,167,0,1
GoodVision,0066,/gpfs/work3/0/prjs0839/data/UVG_CWI_DQPC/UVG-CWI-DQPC/GoodVision/cg/15fps/GoodVision_UVG-CWI-DQPC_CG_15_0_167_0066.ply,/gpfs/work3/0/prjs0839/data/UVG_CWI_DQPC/UVG-CWI-DQPC/GoodVision/he/15fps/GoodVision_UVG-CWI-DQPC_HE_15_0_167_0066.ply,168,167,168,167,0,1
GoodVision,0067,/gpfs/work3/0/prjs0839/data/UVG_CWI_DQPC/UVG-CWI-DQPC/GoodVision/cg/15fps/GoodVision_UVG-CWI-DQPC_CG_15_0_167_0067.ply,/gpfs/work3/0/prjs0839/data/UVG_CWI_DQPC/UVG-CWI-DQPC/GoodVision/he/15fps/GoodVision_UVG-CWI-DQPC_HE_15_0_167_0067.ply,168,167,168,167,0,1
GoodVision,0068,/gpfs/work3/0/prjs0839/data/UVG_CWI_DQPC/UVG-CWI-DQPC/GoodVision/cg/15fps/GoodVision_UVG-CWI-DQPC_CG_15_0_167_0068.ply,/gpfs/work3/0/prjs0839/data/UVG_CWI_DQPC/UVG-CWI-DQPC/GoodVision/he/15fps/GoodVision_UVG-CWI-DQPC_HE_15_0_167_0068.ply,168,167,168,167,0,1
GoodVision,0069,/gpfs/work3/0/prjs0839/data/UVG_CWI_DQPC/UVG-CWI-DQPC/GoodVision/cg/15fps/GoodVision_UVG-CWI-DQPC_CG_15_0_167_0069.ply,/gpfs/work3/0/prjs0839/data/UVG_CWI_DQPC/UVG-CWI-DQPC/GoodVision/he/15fps/GoodVision_UVG-CWI-DQPC_HE_15_0_167_0069.ply,168,167,168,167,0,1
GoodVision,0070,/gpfs/work3/0/prjs0839/data/UVG_CWI_DQPC/UVG-CWI-DQPC/GoodVision/cg/15fps/GoodVision_UVG-CWI-DQPC_CG_15_0_167_0070.ply,/gpfs/work3/0/prjs0839/data/UVG_CWI_DQPC/UVG-CWI-DQPC/GoodVision/he/15fps/GoodVision_UVG-CWI-DQPC_HE_15_0_167_0070.ply,168,167,168,167,0,1
GoodVision,0071,/gpfs/work3/0/prjs0839/data/UVG_CWI_DQPC/UVG-CWI-DQPC/GoodVision/cg/15fps/GoodVision_UVG-CWI-DQPC_CG_15_0_167_0071.ply,/gpfs/work3/0/prjs0839/data/UVG_CWI_DQPC/UVG-CWI-DQPC/GoodVision/he/15fps/GoodVision_UVG-CWI-DQPC_HE_15_0_167_0071.ply,168,167,168,167,0,1
GoodVision,0072,/gpfs/work3/0/prjs0839/data/UVG_CWI_DQPC/UVG-CWI-DQPC/GoodVision/cg/15fps/GoodVision_UVG-CWI-DQPC_CG_15_0_167_0072.ply,/gpfs/work3/0/prjs0839/data/UVG_CWI_DQPC/UVG-CWI-DQPC/GoodVision/he/15fps/GoodVision_UVG-CWI-DQPC_HE_15_0_167_0072.ply,168,167,168,167,0,1
GoodVision,0073,/gpfs/work3/0/prjs0839/data/UVG_CWI_DQPC/UVG-CWI-DQPC/GoodVision/cg/15fps/GoodVision_UVG-CWI-DQPC_CG_15_0_167_0073.ply,/gpfs/work3/0/prjs0839/data/UVG_CWI_DQPC/UVG-CWI-DQPC/GoodVision/he/15fps/GoodVision_UVG-CWI-DQPC_HE_15_0_167_0073.ply,168,167,168,167,0,1
GoodVision,0074,/gpfs/work3/0/prjs0839/data/UVG_CWI_DQPC/UVG-CWI-DQPC/GoodVision/cg/15fps/GoodVision_UVG-CWI-DQPC_CG_15_0_167_0074.ply,/gpfs/work3/0/prjs0839/data/UVG_CWI_DQPC/UVG-CWI-DQPC/GoodVision/he/15fps/GoodVision_UVG-CWI-DQPC_HE_15_0_167_0074.ply,168,167,168,167,0,1
GoodVision,0075,/gpfs/work3/0/prjs0839/data/UVG_CWI_DQPC/UVG-CWI-DQPC/GoodVision/cg/15fps/GoodVision_UVG-CWI-DQPC_CG_15_0_167_0075.ply,/gpfs/work3/0/prjs0839/data/UVG_CWI_DQPC/UVG-CWI-DQPC/GoodVision/he/15fps/GoodVision_UVG-CWI-DQPC_HE_15_0_167_0075.ply,168,167,168,167,0,1
GoodVision,0076,/gpfs/work3/0/prjs0839/data/UVG_CWI_DQPC/UVG-CWI-DQPC/GoodVision/cg/15fps/GoodVision_UVG-CWI-DQPC_CG_15_0_167_0076.ply,/gpfs/work3/0/prjs0839/data/UVG_CWI_DQPC/UVG-CWI-DQPC/GoodVision/he/15fps/GoodVision_UVG-CWI-DQPC_HE_15_0_167_0076.ply,168,167,168,167,0,1
GoodVision,0077,/gpfs/work3/0/prjs0839/data/UVG_CWI_DQPC/UVG-CWI-DQPC/GoodVision/cg/15fps/GoodVision_UVG-CWI-DQPC_CG_15_0_167_0077.ply,/gpfs/work3/0/prjs0839/data/UVG_CWI_DQPC/UVG-CWI-DQPC/GoodVision/he/15fps/GoodVision_UVG-CWI-DQPC_HE_15_0_167_0077.ply,168,167,168,167,0,1
GoodVision,0078,/gpfs/work3/0/prjs0839/data/UVG_CWI_DQPC/UVG-CWI-DQPC/GoodVision/cg/15fps/GoodVision_UVG-CWI-DQPC_CG_15_0_167_0078.ply,/gpfs/work3/0/prjs0839/data/UVG_CWI_DQPC/UVG-CWI-DQPC/GoodVision/he/15fps/GoodVision_UVG-CWI-DQPC_HE_15_0_167_0078.ply,168,167,168,167,0,1
GoodVision,0079,/gpfs/work3/0/prjs0839/data/UVG_CWI_DQPC/UVG-CWI-DQPC/GoodVision/cg/15fps/GoodVision_UVG-CWI-DQPC_CG_15_0_167_0079.ply,/gpfs/work3/0/prjs0839/data/UVG_CWI_DQPC/UVG-CWI-DQPC/GoodVision/he/15fps/GoodVision_UVG-CWI-DQPC_HE_15_0_167_0079.ply,168,167,168,167,0,1
GoodVision,0080,/gpfs/work3/0/prjs0839/data/UVG_CWI_DQPC/UVG-CWI-DQPC/GoodVision/cg/15fps/GoodVision_UVG-CWI-DQPC_CG_15_0_167_0080.ply,/gpfs/work3/0/prjs0839/data/UVG_CWI_DQPC/UVG-CWI-DQPC/GoodVision/he/15fps/GoodVision_UVG-CWI-DQPC_HE_15_0_167_0080.ply,168,167,168,167,0,1
GoodVision,0081,/gpfs/work3/0/prjs0839/data/UVG_CWI_DQPC/UVG-CWI-DQPC/GoodVision/cg/15fps/GoodVision_UVG-CWI-DQPC_CG_15_0_167_0081.ply,/gpfs/work3/0/prjs0839/data/UVG_CWI_DQPC/UVG-CWI-DQPC/GoodVision/he/15fps/GoodVision_UVG-CWI-DQPC_HE_15_0_167_0081.ply,168,167,168,167,0,1
GoodVision,0082,/gpfs/work3/0/prjs0839/data/UVG_CWI_DQPC/UVG-CWI-DQPC/GoodVision/cg/15fps/GoodVision_UVG-CWI-DQPC_CG_15_0_167_0082.ply,/gpfs/work3/0/prjs0839/data/UVG_CWI_DQPC/UVG-CWI-DQPC/GoodVision/he/15fps/GoodVision_UVG-CWI-DQPC_HE_15_0_167_0082.ply,168,167,168,167,0,1
GoodVision,0083,/gpfs/work3/0/prjs0839/data/UVG_CWI_DQPC/UVG-CWI-DQPC/GoodVision/cg/15fps/GoodVision_UVG-CWI-DQPC_CG_15_0_167_0083.ply,/gpfs/work3/0/prjs0839/data/UVG_CWI_DQPC/UVG-CWI-DQPC/GoodVision/he/15fps/GoodVision_UVG-CWI-DQPC_HE_15_0_167_0083.ply,168,167,168,167,0,1
GoodVision,0084,/gpfs/work3/0/prjs0839/data/UVG_CWI_DQPC/UVG-CWI-DQPC/GoodVision/cg/15fps/GoodVision_UVG-CWI-DQPC_CG_15_0_167_0084.ply,/gpfs/work3/0/prjs0839/data/UVG_CWI_DQPC/UVG-CWI-DQPC/GoodVision/he/15fps/GoodVision_UVG-CWI-DQPC_HE_15_0_167_0084.ply,168,167,168,167,0,1
GoodVision,0085,/gpfs/work3/0/prjs0839/data/UVG_CWI_DQPC/UVG-CWI-DQPC/GoodVision/cg/15fps/GoodVision_UVG-CWI-DQPC_CG_15_0_167_0085.ply,/gpfs/work3/0/prjs0839/data/UVG_CWI_DQPC/UVG-CWI-DQPC/GoodVision/he/15fps/GoodVision_UVG-CWI-DQPC_HE_15_0_167_0085.ply,168,167,168,167,0,1
GoodVision,0086,/gpfs/work3/0/prjs0839/data/UVG_CWI_DQPC/UVG-CWI-DQPC/GoodVision/cg/15fps/GoodVision_UVG-CWI-DQPC_CG_15_0_167_0086.ply,/gpfs/work3/0/prjs0839/data/UVG_CWI_DQPC/UVG-CWI-DQPC/GoodVision/he/15fps/GoodVision_UVG-CWI-DQPC_HE_15_0_167_0086.ply,168,167,168,167,0,1
GoodVision,0087,/gpfs/work3/0/prjs0839/data/UVG_CWI_DQPC/UVG-CWI-DQPC/GoodVision/cg/15fps/GoodVision_UVG-CWI-DQPC_CG_15_0_167_0087.ply,/gpfs/work3/0/prjs0839/data/UVG_CWI_DQPC/UVG-CWI-DQPC/GoodVision/he/15fps/GoodVision_UVG-CWI-DQPC_HE_15_0_167_0087.ply,168,167,168,167,0,1
GoodVision,0088,/gpfs/work3/0/prjs0839/data/UVG_CWI_DQPC/UVG-CWI-DQPC/GoodVision/cg/15fps/GoodVision_UVG-CWI-DQPC_CG_15_0_167_0088.ply,/gpfs/work3/0/prjs0839/data/UVG_CWI_DQPC/UVG-CWI-DQPC/GoodVision/he/15fps/GoodVision_UVG-CWI-DQPC_HE_15_0_167_0088.ply,168,167,168,167,0,1
GoodVision,0089,/gpfs/work3/0/prjs0839/data/UVG_CWI_DQPC/UVG-CWI-DQPC/GoodVision/cg/15fps/GoodVision_UVG-CWI-DQPC_CG_15_0_167_0089.ply,/gpfs/work3/0/prjs0839/data/UVG_CWI_DQPC/UVG-CWI-DQPC/GoodVision/he/15fps/GoodVision_UVG-CWI-DQPC_HE_15_0_167_0089.ply,168,167,168,167,0,1
GoodVision,0090,/gpfs/work3/0/prjs0839/data/UVG_CWI_DQPC/UVG-CWI-DQPC/GoodVision/cg/15fps/GoodVision_UVG-CWI-DQPC_CG_15_0_167_0090.ply,/gpfs/work3/0/prjs0839/data/UVG_CWI_DQPC/UVG-CWI-DQPC/GoodVision/he/15fps/GoodVision_UVG-CWI-DQPC_HE_15_0_167_0090.ply,168,167,168,167,0,1
GoodVision,0091,/gpfs/work3/0/prjs0839/data/UVG_CWI_DQPC/UVG-CWI-DQPC/GoodVision/cg/15fps/GoodVision_UVG-CWI-DQPC_CG_15_0_167_0091.ply,/gpfs/work3/0/prjs0839/data/UVG_CWI_DQPC/UVG-CWI-DQPC/GoodVision/he/15fps/GoodVision_UVG-CWI-DQPC_HE_15_0_167_0091.ply,168,167,168,167,0,1
GoodVision,0092,/gpfs/work3/0/prjs0839/data/UVG_CWI_DQPC/UVG-CWI-DQPC/GoodVision/cg/15fps/GoodVision_UVG-CWI-DQPC_CG_15_0_167_0092.ply,/gpfs/work3/0/prjs0839/data/UVG_CWI_DQPC/UVG-CWI-DQPC/GoodVision/he/15fps/GoodVision_UVG-CWI-DQPC_HE_15_0_167_0092.ply,168,167,168,167,0,1
GoodVision,0093,/gpfs/work3/0/prjs0839/data/UVG_CWI_DQPC/UVG-CWI-DQPC/GoodVision/cg/15fps/GoodVision_UVG-CWI-DQPC_CG_15_0_167_0093.ply,/gpfs/work3/0/prjs0839/data/UVG_CWI_DQPC/UVG-CWI-DQPC/GoodVision/he/15fps/GoodVision_UVG-CWI-DQPC_HE_15_0_167_0093.ply,168,167,168,167,0,1
GoodVision,0094,/gpfs/work3/0/prjs0839/data/UVG_CWI_DQPC/UVG-CWI-DQPC/GoodVision/cg/15fps/GoodVision_UVG-CWI-DQPC_CG_15_0_167_0094.ply,/gpfs/work3/0/prjs0839/data/UVG_CWI_DQPC/UVG-CWI-DQPC/GoodVision/he/15fps/GoodVision_UVG-CWI-DQPC_HE_15_0_167_0094.ply,168,167,168,167,0,1
GoodVision,0095,/gpfs/work3/0/prjs0839/data/UVG_CWI_DQPC/UVG-CWI-DQPC/GoodVision/cg/15fps/GoodVision_UVG-CWI-DQPC_CG_15_0_167_0095.ply,/gpfs/work3/0/prjs0839/data/UVG_CWI_DQPC/UVG-CWI-DQPC/GoodVision/he/15fps/GoodVision_UVG-CWI-DQPC_HE_15_0_167_0095.ply,168,167,168,167,0,1
GoodVision,0096,/gpfs/work3/0/prjs0839/data/UVG_CWI_DQPC/UVG-CWI-DQPC/GoodVision/cg/15fps/GoodVision_UVG-CWI-DQPC_CG_15_0_167_0096.ply,/gpfs/work3/0/prjs0839/data/UVG_CWI_DQPC/UVG-CWI-DQPC/GoodVision/he/15fps/GoodVision_UVG-CWI-DQPC_HE_15_0_167_0096.ply,168,167,168,167,0,1
GoodVision,0097,/gpfs/work3/0/prjs0839/data/UVG_CWI_DQPC/UVG-CWI-DQPC/GoodVision/cg/15fps/GoodVision_UVG-CWI-DQPC_CG_15_0_167_0097.ply,/gpfs/work3/0/prjs0839/data/UVG_CWI_DQPC/UVG-CWI-DQPC/GoodVision/he/15fps/GoodVision_UVG-CWI-DQPC_HE_15_0_167_0097.ply,168,167,168,167,0,1
GoodVision,0098,/gpfs/work3/0/prjs0839/data/UVG_CWI_DQPC/UVG-CWI-DQPC/GoodVision/cg/15fps/GoodVision_UVG-CWI-DQPC_CG_15_0_167_0098.ply,/gpfs/work3/0/prjs0839/data/UVG_CWI_DQPC/UVG-CWI-DQPC/GoodVision/he/15fps/GoodVision_UVG-CWI-DQPC_HE_15_0_167_0098.ply,168,167,168,167,0,1
GoodVision,0099,/gpfs/work3/0/prjs0839/data/UVG_CWI_DQPC/UVG-CWI-DQPC/GoodVision/cg/15fps/GoodVision_UVG-CWI-DQPC_CG_15_0_167_0099.ply,/gpfs/work3/0/prjs0839/data/UVG_CWI_DQPC/UVG-CWI-DQPC/GoodVision/he/15fps/GoodVision_UVG-CWI-DQPC_HE_15_0_167_0099.ply,168,167,168,167,0,1
GoodVision,0100,/gpfs/work3/0/prjs0839/data/UVG_CWI_DQPC/UVG-CWI-DQPC/GoodVision/cg/15fps/GoodVision_UVG-CWI-DQPC_CG_15_0_167_0100.ply,/gpfs/work3/0/prjs0839/data/UVG_CWI_DQPC/UVG-CWI-DQPC/GoodVision/he/15fps/GoodVision_UVG-CWI-DQPC_HE_15_0_167_0100.ply,168,167,168,167,0,1
GoodVision,0101,/gpfs/work3/0/prjs0839/data/UVG_CWI_DQPC/UVG-CWI-DQPC/GoodVision/cg/15fps/GoodVision_UVG-CWI-DQPC_CG_15_0_167_0101.ply,/gpfs/work3/0/prjs0839/data/UVG_CWI_DQPC/UVG-CWI-DQPC/GoodVision/he/15fps/GoodVision_UVG-CWI-DQPC_HE_15_0_167_0101.ply,168,167,168,167,0,1
GoodVision,0102,/gpfs/work3/0/prjs0839/data/UVG_CWI_DQPC/UVG-CWI-DQPC/GoodVision/cg/15fps/GoodVision_UVG-CWI-DQPC_CG_15_0_167_0102.ply,/gpfs/work3/0/prjs0839/data/UVG_CWI_DQPC/UVG-CWI-DQPC/GoodVision/he/15fps/GoodVision_UVG-CWI-DQPC_HE_15_0_167_0102.ply,168,167,168,167,0,1
GoodVision,0103,/gpfs/work3/0/prjs0839/data/UVG_CWI_DQPC/UVG-CWI-DQPC/GoodVision/cg/15fps/GoodVision_UVG-CWI-DQPC_CG_15_0_167_0103.ply,/gpfs/work3/0/prjs0839/data/UVG_CWI_DQPC/UVG-CWI-DQPC/GoodVision/he/15fps/GoodVision_UVG-CWI-DQPC_HE_15_0_167_0103.ply,168,167,168,167,0,1
GoodVision,0104,/gpfs/work3/0/prjs0839/data/UVG_CWI_DQPC/UVG-CWI-DQPC/GoodVision/cg/15fps/GoodVision_UVG-CWI-DQPC_CG_15_0_167_0104.ply,/gpfs/work3/0/prjs0839/data/UVG_CWI_DQPC/UVG-CWI-DQPC/GoodVision/he/15fps/GoodVision_UVG-CWI-DQPC_HE_15_0_167_0104.ply,168,167,168,167,0,1
GoodVision,0105,/gpfs/work3/0/prjs0839/data/UVG_CWI_DQPC/UVG-CWI-DQPC/GoodVision/cg/15fps/GoodVision_UVG-CWI-DQPC_CG_15_0_167_0105.ply,/gpfs/work3/0/prjs0839/data/UVG_CWI_DQPC/UVG-CWI-DQPC/GoodVision/he/15fps/GoodVision_UVG-CWI-DQPC_HE_15_0_167_0105.ply,168,167,168,167,0,1
GoodVision,0106,/gpfs/work3/0/prjs0839/data/UVG_CWI_DQPC/UVG-CWI-DQPC/GoodVision/cg/15fps/GoodVision_UVG-CWI-DQPC_CG_15_0_167_0106.ply,/gpfs/work3/0/prjs0839/data/UVG_CWI_DQPC/UVG-CWI-DQPC/GoodVision/he/15fps/GoodVision_UVG-CWI-DQPC_HE_15_0_167_0106.ply,168,167,168,167,0,1
GoodVision,0107,/gpfs/work3/0/prjs0839/data/UVG_CWI_DQPC/UVG-CWI-DQPC/GoodVision/cg/15fps/GoodVision_UVG-CWI-DQPC_CG_15_0_167_0107.ply,/gpfs/work3/0/prjs0839/data/UVG_CWI_DQPC/UVG-CWI-DQPC/GoodVision/he/15fps/GoodVision_UVG-CWI-DQPC_HE_15_0_167_0107.ply,168,167,168,167,0,1
GoodVision,0108,/gpfs/work3/0/prjs0839/data/UVG_CWI_DQPC/UVG-CWI-DQPC/GoodVision/cg/15fps/GoodVision_UVG-CWI-DQPC_CG_15_0_167_0108.ply,/gpfs/work3/0/prjs0839/data/UVG_CWI_DQPC/UVG-CWI-DQPC/GoodVision/he/15fps/GoodVision_UVG-CWI-DQPC_HE_15_0_167_0108.ply,168,167,168,167,0,1
GoodVision,0109,/gpfs/work3/0/prjs0839/data/UVG_CWI_DQPC/UVG-CWI-DQPC/GoodVision/cg/15fps/GoodVision_UVG-CWI-DQPC_CG_15_0_167_0109.ply,/gpfs/work3/0/prjs0839/data/UVG_CWI_DQPC/UVG-CWI-DQPC/GoodVision/he/15fps/GoodVision_UVG-CWI-DQPC_HE_15_0_167_0109.ply,168,167,168,167,0,1
GoodVision,0110,/gpfs/work3/0/prjs0839/data/UVG_CWI_DQPC/UVG-CWI-DQPC/GoodVision/cg/15fps/GoodVision_UVG-CWI-DQPC_CG_15_0_167_0110.ply,/gpfs/work3/0/prjs0839/data/UVG_CWI_DQPC/UVG-CWI-DQPC/GoodVision/he/15fps/GoodVision_UVG-CWI-DQPC_HE_15_0_167_0110.ply,168,167,168,167,0,1
GoodVision,0111,/gpfs/work3/0/prjs0839/data/UVG_CWI_DQPC/UVG-CWI-DQPC/GoodVision/cg/15fps/GoodVision_UVG-CWI-DQPC_CG_15_0_167_0111.ply,/gpfs/work3/0/prjs0839/data/UVG_CWI_DQPC/UVG-CWI-DQPC/GoodVision/he/15fps/GoodVision_UVG-CWI-DQPC_HE_15_0_167_0111.ply,168,167,168,167,0,1
GoodVision,0112,/gpfs/work3/0/prjs0839/data/UVG_CWI_DQPC/UVG-CWI-DQPC/GoodVision/cg/15fps/GoodVision_UVG-CWI-DQPC_CG_15_0_167_0112.ply,/gpfs/work3/0/prjs0839/data/UVG_CWI_DQPC/UVG-CWI-DQPC/GoodVision/he/15fps/GoodVision_UVG-CWI-DQPC_HE_15_0_167_0112.ply,168,167,168,167,0,1
GoodVision,0113,/gpfs/work3/0/prjs0839/data/UVG_CWI_DQPC/UVG-CWI-DQPC/GoodVision/cg/15fps/GoodVision_UVG-CWI-DQPC_CG_15_0_167_0113.ply,/gpfs/work3/0/prjs0839/data/UVG_CWI_DQPC/UVG-CWI-DQPC/GoodVision/he/15fps/GoodVision_UVG-CWI-DQPC_HE_15_0_167_0113.ply,168,167,168,167,0,1
GoodVision,0114,/gpfs/work3/0/prjs0839/data/UVG_CWI_DQPC/UVG-CWI-DQPC/GoodVision/cg/15fps/GoodVision_UVG-CWI-DQPC_CG_15_0_167_0114.ply,/gpfs/work3/0/prjs0839/data/UVG_CWI_DQPC/UVG-CWI-DQPC/GoodVision/he/15fps/GoodVision_UVG-CWI-DQPC_HE_15_0_167_0114.ply,168,167,168,167,0,1
GoodVision,0115,/gpfs/work3/0/prjs0839/data/UVG_CWI_DQPC/UVG-CWI-DQPC/GoodVision/cg/15fps/GoodVision_UVG-CWI-DQPC_CG_15_0_167_0115.ply,/gpfs/work3/0/prjs0839/data/UVG_CWI_DQPC/UVG-CWI-DQPC/GoodVision/he/15fps/GoodVision_UVG-CWI-DQPC_HE_15_0_167_0115.ply,168,167,168,167,0,1
GoodVision,0116,/gpfs/work3/0/prjs0839/data/UVG_CWI_DQPC/UVG-CWI-DQPC/GoodVision/cg/15fps/GoodVision_UVG-CWI-DQPC_CG_15_0_167_0116.ply,/gpfs/work3/0/prjs0839/data/UVG_CWI_DQPC/UVG-CWI-DQPC/GoodVision/he/15fps/GoodVision_UVG-CWI-DQPC_HE_15_0_167_0116.ply,168,167,168,167,0,1
GoodVision,0117,/gpfs/work3/0/prjs0839/data/UVG_CWI_DQPC/UVG-CWI-DQPC/GoodVision/cg/15fps/GoodVision_UVG-CWI-DQPC_CG_15_0_167_0117.ply,/gpfs/work3/0/prjs0839/data/UVG_CWI_DQPC/UVG-CWI-DQPC/GoodVision/he/15fps/GoodVision_UVG-CWI-DQPC_HE_15_0_167_0117.ply,168,167,168,167,0,1
GoodVision,0118,/gpfs/work3/0/prjs0839/data/UVG_CWI_DQPC/UVG-CWI-DQPC/GoodVision/cg/15fps/GoodVision_UVG-CWI-DQPC_CG_15_0_167_0118.ply,/gpfs/work3/0/prjs0839/data/UVG_CWI_DQPC/UVG-CWI-DQPC/GoodVision/he/15fps/GoodVision_UVG-CWI-DQPC_HE_15_0_167_0118.ply,168,167,168,167,0,1
GoodVision,0119,/gpfs/work3/0/prjs0839/data/UVG_CWI_DQPC/UVG-CWI-DQPC/GoodVision/cg/15fps/GoodVision_UVG-CWI-DQPC_CG_15_0_167_0119.ply,/gpfs/work3/0/prjs0839/data/UVG_CWI_DQPC/UVG-CWI-DQPC/GoodVision/he/15fps/GoodVision_UVG-CWI-DQPC_HE_15_0_167_0119.ply,168,167,168,167,0,1
GoodVision,0120,/gpfs/work3/0/prjs0839/data/UVG_CWI_DQPC/UVG-CWI-DQPC/GoodVision/cg/15fps/GoodVision_UVG-CWI-DQPC_CG_15_0_167_0120.ply,/gpfs/work3/0/prjs0839/data/UVG_CWI_DQPC/UVG-CWI-DQPC/GoodVision/he/15fps/GoodVision_UVG-CWI-DQPC_HE_15_0_167_0120.ply,168,167,168,167,0,1
GoodVision,0121,/gpfs/work3/0/prjs0839/data/UVG_CWI_DQPC/UVG-CWI-DQPC/GoodVision/cg/15fps/GoodVision_UVG-CWI-DQPC_CG_15_0_167_0121.ply,/gpfs/work3/0/prjs0839/data/UVG_CWI_DQPC/UVG-CWI-DQPC/GoodVision/he/15fps/GoodVision_UVG-CWI-DQPC_HE_15_0_167_0121.ply,168,167,168,167,0,1
GoodVision,0122,/gpfs/work3/0/prjs0839/data/UVG_CWI_DQPC/UVG-CWI-DQPC/GoodVision/cg/15fps/GoodVision_UVG-CWI-DQPC_CG_15_0_167_0122.ply,/gpfs/work3/0/prjs0839/data/UVG_CWI_DQPC/UVG-CWI-DQPC/GoodVision/he/15fps/GoodVision_UVG-CWI-DQPC_HE_15_0_167_0122.ply,168,167,168,167,0,1
GoodVision,0123,/gpfs/work3/0/prjs0839/data/UVG_CWI_DQPC/UVG-CWI-DQPC/GoodVision/cg/15fps/GoodVision_UVG-CWI-DQPC_CG_15_0_167_0123.ply,/gpfs/work3/0/prjs0839/data/UVG_CWI_DQPC/UVG-CWI-DQPC/GoodVision/he/15fps/GoodVision_UVG-CWI-DQPC_HE_15_0_167_0123.ply,168,167,168,167,0,1
GoodVision,0124,/gpfs/work3/0/prjs0839/data/UVG_CWI_DQPC/UVG-CWI-DQPC/GoodVision/cg/15fps/GoodVision_UVG-CWI-DQPC_CG_15_0_167_0124.ply,/gpfs/work3/0/prjs0839/data/UVG_CWI_DQPC/UVG-CWI-DQPC/GoodVision/he/15fps/GoodVision_UVG-CWI-DQPC_HE_15_0_167_0124.ply,168,167,168,167,0,1
GoodVision,0125,/gpfs/work3/0/prjs0839/data/UVG_CWI_DQPC/UVG-CWI-DQPC/GoodVision/cg/15fps/GoodVision_UVG-CWI-DQPC_CG_15_0_167_0125.ply,/gpfs/work3/0/prjs0839/data/UVG_CWI_DQPC/UVG-CWI-DQPC/GoodVision/he/15fps/GoodVision_UVG-CWI-DQPC_HE_15_0_167_0125.ply,168,167,168,167,0,1
GoodVision,0126,/gpfs/work3/0/prjs0839/data/UVG_CWI_DQPC/UVG-CWI-DQPC/GoodVision/cg/15fps/GoodVision_UVG-CWI-DQPC_CG_15_0_167_0126.ply,/gpfs/work3/0/prjs0839/data/UVG_CWI_DQPC/UVG-CWI-DQPC/GoodVision/he/15fps/GoodVision_UVG-CWI-DQPC_HE_15_0_167_0126.ply,168,167,168,167,0,1
GoodVision,0127,/gpfs/work3/0/prjs0839/data/UVG_CWI_DQPC/UVG-CWI-DQPC/GoodVision/cg/15fps/GoodVision_UVG-CWI-DQPC_CG_15_0_167_0127.ply,/gpfs/work3/0/prjs0839/data/UVG_CWI_DQPC/UVG-CWI-DQPC/GoodVision/he/15fps/GoodVision_UVG-CWI-DQPC_HE_15_0_167_0127.ply,168,167,168,167,0,1
GoodVision,0128,/gpfs/work3/0/prjs0839/data/UVG_CWI_DQPC/UVG-CWI-DQPC/GoodVision/cg/15fps/GoodVision_UVG-CWI-DQPC_CG_15_0_167_0128.ply,/gpfs/work3/0/prjs0839/data/UVG_CWI_DQPC/UVG-CWI-DQPC/GoodVision/he/15fps/GoodVision_UVG-CWI-DQPC_HE_15_0_167_0128.ply,168,167,168,167,0,1
GoodVision,0129,/gpfs/work3/0/prjs0839/data/UVG_CWI_DQPC/UVG-CWI-DQPC/GoodVision/cg/15fps/GoodVision_UVG-CWI-DQPC_CG_15_0_167_0129.ply,/gpfs/work3/0/prjs0839/data/UVG_CWI_DQPC/UVG-CWI-DQPC/GoodVision/he/15fps/GoodVision_UVG-CWI-DQPC_HE_15_0_167_0129.ply,168,167,168,167,0,1
GoodVision,0130,/gpfs/work3/0/prjs0839/data/UVG_CWI_DQPC/UVG-CWI-DQPC/GoodVision/cg/15fps/GoodVision_UVG-CWI-DQPC_CG_15_0_167_0130.ply,/gpfs/work3/0/prjs0839/data/UVG_CWI_DQPC/UVG-CWI-DQPC/GoodVision/he/15fps/GoodVision_UVG-CWI-DQPC_HE_15_0_167_0130.ply,168,167,168,167,0,1
GoodVision,0131,/gpfs/work3/0/prjs0839/data/UVG_CWI_DQPC/UVG-CWI-DQPC/GoodVision/cg/15fps/GoodVision_UVG-CWI-DQPC_CG_15_0_167_0131.ply,/gpfs/work3/0/prjs0839/data/UVG_CWI_DQPC/UVG-CWI-DQPC/GoodVision/he/15fps/GoodVision_UVG-CWI-DQPC_HE_15_0_167_0131.ply,168,167,168,167,0,1
GoodVision,0132,/gpfs/work3/0/prjs0839/data/UVG_CWI_DQPC/UVG-CWI-DQPC/GoodVision/cg/15fps/GoodVision_UVG-CWI-DQPC_CG_15_0_167_0132.ply,/gpfs/work3/0/prjs0839/data/UVG_CWI_DQPC/UVG-CWI-DQPC/GoodVision/he/15fps/GoodVision_UVG-CWI-DQPC_HE_15_0_167_0132.ply,168,167,168,167,0,1
GoodVision,0133,/gpfs/work3/0/prjs0839/data/UVG_CWI_DQPC/UVG-CWI-DQPC/GoodVision/cg/15fps/GoodVision_UVG-CWI-DQPC_CG_15_0_167_0133.ply,/gpfs/work3/0/prjs0839/data/UVG_CWI_DQPC/UVG-CWI-DQPC/GoodVision/he/15fps/GoodVision_UVG-CWI-DQPC_HE_15_0_167_0133.ply,168,167,168,167,0,1
GoodVision,0134,/gpfs/work3/0/prjs0839/data/UVG_CWI_DQPC/UVG-CWI-DQPC/GoodVision/cg/15fps/GoodVision_UVG-CWI-DQPC_CG_15_0_167_0134.ply,/gpfs/work3/0/prjs0839/data/UVG_CWI_DQPC/UVG-CWI-DQPC/GoodVision/he/15fps/GoodVision_UVG-CWI-DQPC_HE_15_0_167_0134.ply,168,167,168,167,0,1
GoodVision,0135,/gpfs/work3/0/prjs0839/data/UVG_CWI_DQPC/UVG-CWI-DQPC/GoodVision/cg/15fps/GoodVision_UVG-CWI-DQPC_CG_15_0_167_0135.ply,/gpfs/work3/0/prjs0839/data/UVG_CWI_DQPC/UVG-CWI-DQPC/GoodVision/he/15fps/GoodVision_UVG-CWI-DQPC_HE_15_0_167_0135.ply,168,167,168,167,0,1
GoodVision,0136,/gpfs/work3/0/prjs0839/data/UVG_CWI_DQPC/UVG-CWI-DQPC/GoodVision/cg/15fps/GoodVision_UVG-CWI-DQPC_CG_15_0_167_0136.ply,/gpfs/work3/0/prjs0839/data/UVG_CWI_DQPC/UVG-CWI-DQPC/GoodVision/he/15fps/GoodVision_UVG-CWI-DQPC_HE_15_0_167_0136.ply,168,167,168,167,0,1
GoodVision,0137,/gpfs/work3/0/prjs0839/data/UVG_CWI_DQPC/UVG-CWI-DQPC/GoodVision/cg/15fps/GoodVision_UVG-CWI-DQPC_CG_15_0_167_0137.ply,/gpfs/work3/0/prjs0839/data/UVG_CWI_DQPC/UVG-CWI-DQPC/GoodVision/he/15fps/GoodVision_UVG-CWI-DQPC_HE_15_0_167_0137.ply,168,167,168,167,0,1
GoodVision,0138,/gpfs/work3/0/prjs0839/data/UVG_CWI_DQPC/UVG-CWI-DQPC/GoodVision/cg/15fps/GoodVision_UVG-CWI-DQPC_CG_15_0_167_0138.ply,/gpfs/work3/0/prjs0839/data/UVG_CWI_DQPC/UVG-CWI-DQPC/GoodVision/he/15fps/GoodVision_UVG-CWI-DQPC_HE_15_0_167_0138.ply,168,167,168,167,0,1
GoodVision,0139,/gpfs/work3/0/prjs0839/data/UVG_CWI_DQPC/UVG-CWI-DQPC/GoodVision/cg/15fps/GoodVision_UVG-CWI-DQPC_CG_15_0_167_0139.ply,/gpfs/work3/0/prjs0839/data/UVG_CWI_DQPC/UVG-CWI-DQPC/GoodVision/he/15fps/GoodVision_UVG-CWI-DQPC_HE_15_0_167_0139.ply,168,167,168,167,0,1
GoodVision,0140,/gpfs/work3/0/prjs0839/data/UVG_CWI_DQPC/UVG-CWI-DQPC/GoodVision/cg/15fps/GoodVision_UVG-CWI-DQPC_CG_15_0_167_0140.ply,/gpfs/work3/0/prjs0839/data/UVG_CWI_DQPC/UVG-CWI-DQPC/GoodVision/he/15fps/GoodVision_UVG-CWI-DQPC_HE_15_0_167_0140.ply,168,167,168,167,0,1
GoodVision,0141,/gpfs/work3/0/prjs0839/data/UVG_CWI_DQPC/UVG-CWI-DQPC/GoodVision/cg/15fps/GoodVision_UVG-CWI-DQPC_CG_15_0_167_0141.ply,/gpfs/work3/0/prjs0839/data/UVG_CWI_DQPC/UVG-CWI-DQPC/GoodVision/he/15fps/GoodVision_UVG-CWI-DQPC_HE_15_0_167_0141.ply,168,167,168,167,0,1
GoodVision,0142,/gpfs/work3/0/prjs0839/data/UVG_CWI_DQPC/UVG-CWI-DQPC/GoodVision/cg/15fps/GoodVision_UVG-CWI-DQPC_CG_15_0_167_0142.ply,/gpfs/work3/0/prjs0839/data/UVG_CWI_DQPC/UVG-CWI-DQPC/GoodVision/he/15fps/GoodVision_UVG-CWI-DQPC_HE_15_0_167_0142.ply,168,167,168,167,0,1
GoodVision,0143,/gpfs/work3/0/prjs0839/data/UVG_CWI_DQPC/UVG-CWI-DQPC/GoodVision/cg/15fps/GoodVision_UVG-CWI-DQPC_CG_15_0_167_0143.ply,/gpfs/work3/0/prjs0839/data/UVG_CWI_DQPC/UVG-CWI-DQPC/GoodVision/he/15fps/GoodVision_UVG-CWI-DQPC_HE_15_0_167_0143.ply,168,167,168,167,0,1
GoodVision,0144,/gpfs/work3/0/prjs0839/data/UVG_CWI_DQPC/UVG-CWI-DQPC/GoodVision/cg/15fps/GoodVision_UVG-CWI-DQPC_CG_15_0_167_0144.ply,/gpfs/work3/0/prjs0839/data/UVG_CWI_DQPC/UVG-CWI-DQPC/GoodVision/he/15fps/GoodVision_UVG-CWI-DQPC_HE_15_0_167_0144.ply,168,167,168,167,0,1
GoodVision,0145,/gpfs/work3/0/prjs0839/data/UVG_CWI_DQPC/UVG-CWI-DQPC/GoodVision/cg/15fps/GoodVision_UVG-CWI-DQPC_CG_15_0_167_0145.ply,/gpfs/work3/0/prjs0839/data/UVG_CWI_DQPC/UVG-CWI-DQPC/GoodVision/he/15fps/GoodVision_UVG-CWI-DQPC_HE_15_0_167_0145.ply,168,167,168,167,0,1
GoodVision,0146,/gpfs/work3/0/prjs0839/data/UVG_CWI_DQPC/UVG-CWI-DQPC/GoodVision/cg/15fps/GoodVision_UVG-CWI-DQPC_CG_15_0_167_0146.ply,/gpfs/work3/0/prjs0839/data/UVG_CWI_DQPC/UVG-CWI-DQPC/GoodVision/he/15fps/GoodVision_UVG-CWI-DQPC_HE_15_0_167_0146.ply,168,167,168,167,0,1
GoodVision,0147,/gpfs/work3/0/prjs0839/data/UVG_CWI_DQPC/UVG-CWI-DQPC/GoodVision/cg/15fps/GoodVision_UVG-CWI-DQPC_CG_15_0_167_0147.ply,/gpfs/work3/0/prjs0839/data/UVG_CWI_DQPC/UVG-CWI-DQPC/GoodVision/he/15fps/GoodVision_UVG-CWI-DQPC_HE_15_0_167_0147.ply,168,167,168,167,0,1
GoodVision,0148,/gpfs/work3/0/prjs0839/data/UVG_CWI_DQPC/UVG-CWI-DQPC/GoodVision/cg/15fps/GoodVision_UVG-CWI-DQPC_CG_15_0_167_0148.ply,/gpfs/work3/0/prjs0839/data/UVG_CWI_DQPC/UVG-CWI-DQPC/GoodVision/he/15fps/GoodVision_UVG-CWI-DQPC_HE_15_0_167_0148.ply,168,167,168,167,0,1
GoodVision,0149,/gpfs/work3/0/prjs0839/data/UVG_CWI_DQPC/UVG-CWI-DQPC/GoodVision/cg/15fps/GoodVision_UVG-CWI-DQPC_CG_15_0_167_0149.ply,/gpfs/work3/0/prjs0839/data/UVG_CWI_DQPC/UVG-CWI-DQPC/GoodVision/he/15fps/GoodVision_UVG-CWI-DQPC_HE_15_0_167_0149.ply,168,167,168,167,0,1
GoodVision,0150,/gpfs/work3/0/prjs0839/data/UVG_CWI_DQPC/UVG-CWI-DQPC/GoodVision/cg/15fps/GoodVision_UVG-CWI-DQPC_CG_15_0_167_0150.ply,/gpfs/work3/0/prjs0839/data/UVG_CWI_DQPC/UVG-CWI-DQPC/GoodVision/he/15fps/GoodVision_UVG-CWI-DQPC_HE_15_0_167_0150.ply,168,167,168,167,0,1
GoodVision,0151,/gpfs/work3/0/prjs0839/data/UVG_CWI_DQPC/UVG-CWI-DQPC/GoodVision/cg/15fps/GoodVision_UVG-CWI-DQPC_CG_15_0_167_0151.ply,/gpfs/work3/0/prjs0839/data/UVG_CWI_DQPC/UVG-CWI-DQPC/GoodVision/he/15fps/GoodVision_UVG-CWI-DQPC_HE_15_0_167_0151.ply,168,167,168,167,0,1
GoodVision,0152,/gpfs/work3/0/prjs0839/data/UVG_CWI_DQPC/UVG-CWI-DQPC/GoodVision/cg/15fps/GoodVision_UVG-CWI-DQPC_CG_15_0_167_0152.ply,/gpfs/work3/0/prjs0839/data/UVG_CWI_DQPC/UVG-CWI-DQPC/GoodVision/he/15fps/GoodVision_UVG-CWI-DQPC_HE_15_0_167_0152.ply,168,167,168,167,0,1
GoodVision,0153,/gpfs/work3/0/prjs0839/data/UVG_CWI_DQPC/UVG-CWI-DQPC/GoodVision/cg/15fps/GoodVision_UVG-CWI-DQPC_CG_15_0_167_0153.ply,/gpfs/work3/0/prjs0839/data/UVG_CWI_DQPC/UVG-CWI-DQPC/GoodVision/he/15fps/GoodVision_UVG-CWI-DQPC_HE_15_0_167_0153.ply,168,167,168,167,0,1
GoodVision,0154,/gpfs/work3/0/prjs0839/data/UVG_CWI_DQPC/UVG-CWI-DQPC/GoodVision/cg/15fps/GoodVision_UVG-CWI-DQPC_CG_15_0_167_0154.ply,/gpfs/work3/0/prjs0839/data/UVG_CWI_DQPC/UVG-CWI-DQPC/GoodVision/he/15fps/GoodVision_UVG-CWI-DQPC_HE_15_0_167_0154.ply,168,167,168,167,0,1
GoodVision,0155,/gpfs/work3/0/prjs0839/data/UVG_CWI_DQPC/UVG-CWI-DQPC/GoodVision/cg/15fps/GoodVision_UVG-CWI-DQPC_CG_15_0_167_0155.ply,/gpfs/work3/0/prjs0839/data/UVG_CWI_DQPC/UVG-CWI-DQPC/GoodVision/he/15fps/GoodVision_UVG-CWI-DQPC_HE_15_0_167_0155.ply,168,167,168,167,0,1
GoodVision,0156,/gpfs/work3/0/prjs0839/data/UVG_CWI_DQPC/UVG-CWI-DQPC/GoodVision/cg/15fps/GoodVision_UVG-CWI-DQPC_CG_15_0_167_0156.ply,/gpfs/work3/0/prjs0839/data/UVG_CWI_DQPC/UVG-CWI-DQPC/GoodVision/he/15fps/GoodVision_UVG-CWI-DQPC_HE_15_0_167_0156.ply,168,167,168,167,0,1
GoodVision,0157,/gpfs/work3/0/prjs0839/data/UVG_CWI_DQPC/UVG-CWI-DQPC/GoodVision/cg/15fps/GoodVision_UVG-CWI-DQPC_CG_15_0_167_0157.ply,/gpfs/work3/0/prjs0839/data/UVG_CWI_DQPC/UVG-CWI-DQPC/GoodVision/he/15fps/GoodVision_UVG-CWI-DQPC_HE_15_0_167_0157.ply,168,167,168,167,0,1
GoodVision,0158,/gpfs/work3/0/prjs0839/data/UVG_CWI_DQPC/UVG-CWI-DQPC/GoodVision/cg/15fps/GoodVision_UVG-CWI-DQPC_CG_15_0_167_0158.ply,/gpfs/work3/0/prjs0839/data/UVG_CWI_DQPC/UVG-CWI-DQPC/GoodVision/he/15fps/GoodVision_UVG-CWI-DQPC_HE_15_0_167_0158.ply,168,167,168,167,0,1
GoodVision,0159,/gpfs/work3/0/prjs0839/data/UVG_CWI_DQPC/UVG-CWI-DQPC/GoodVision/cg/15fps/GoodVision_UVG-CWI-DQPC_CG_15_0_167_0159.ply,/gpfs/work3/0/prjs0839/data/UVG_CWI_DQPC/UVG-CWI-DQPC/GoodVision/he/15fps/GoodVision_UVG-CWI-DQPC_HE_15_0_167_0159.ply,168,167,168,167,0,1
GoodVision,0160,/gpfs/work3/0/prjs0839/data/UVG_CWI_DQPC/UVG-CWI-DQPC/GoodVision/cg/15fps/GoodVision_UVG-CWI-DQPC_CG_15_0_167_0160.ply,/gpfs/work3/0/prjs0839/data/UVG_CWI_DQPC/UVG-CWI-DQPC/GoodVision/he/15fps/GoodVision_UVG-CWI-DQPC_HE_15_0_167_0160.ply,168,167,168,167,0,1
GoodVision,0161,/gpfs/work3/0/prjs0839/data/UVG_CWI_DQPC/UVG-CWI-DQPC/GoodVision/cg/15fps/GoodVision_UVG-CWI-DQPC_CG_15_0_167_0161.ply,/gpfs/work3/0/prjs0839/data/UVG_CWI_DQPC/UVG-CWI-DQPC/GoodVision/he/15fps/GoodVision_UVG-CWI-DQPC_HE_15_0_167_0161.ply,168,167,168,167,0,1
GoodVision,0162,/gpfs/work3/0/prjs0839/data/UVG_CWI_DQPC/UVG-CWI-DQPC/GoodVision/cg/15fps/GoodVision_UVG-CWI-DQPC_CG_15_0_167_0162.ply,/gpfs/work3/0/prjs0839/data/UVG_CWI_DQPC/UVG-CWI-DQPC/GoodVision/he/15fps/GoodVision_UVG-CWI-DQPC_HE_15_0_167_0162.ply,168,167,168,167,0,1
GoodVision,0163,/gpfs/work3/0/prjs0839/data/UVG_CWI_DQPC/UVG-CWI-DQPC/GoodVision/cg/15fps/GoodVision_UVG-CWI-DQPC_CG_15_0_167_0163.ply,/gpfs/work3/0/prjs0839/data/UVG_CWI_DQPC/UVG-CWI-DQPC/GoodVision/he/15fps/GoodVision_UVG-CWI-DQPC_HE_15_0_167_0163.ply,168,167,168,167,0,1
GoodVision,0164,/gpfs/work3/0/prjs0839/data/UVG_CWI_DQPC/UVG-CWI-DQPC/GoodVision/cg/15fps/GoodVision_UVG-CWI-DQPC_CG_15_0_167_0164.ply,/gpfs/work3/0/prjs0839/data/UVG_CWI_DQPC/UVG-CWI-DQPC/GoodVision/he/15fps/GoodVision_UVG-CWI-DQPC_HE_15_0_167_0164.ply,168,167,168,167,0,1
GoodVision,0165,/gpfs/work3/0/prjs0839/data/UVG_CWI_DQPC/UVG-CWI-DQPC/GoodVision/cg/15fps/GoodVision_UVG-CWI-DQPC_CG_15_0_167_0165.ply,/gpfs/work3/0/prjs0839/data/UVG_CWI_DQPC/UVG-CWI-DQPC/GoodVision/he/15fps/GoodVision_UVG-CWI-DQPC_HE_15_0_167_0165.ply,168,167,168,167,0,1
GoodVision,0166,/gpfs/work3/0/prjs0839/data/UVG_CWI_DQPC/UVG-CWI-DQPC/GoodVision/cg/15fps/GoodVision_UVG-CWI-DQPC_CG_15_0_167_0166.ply,/gpfs/work3/0/prjs0839/data/UVG_CWI_DQPC/UVG-CWI-DQPC/GoodVision/he/15fps/GoodVision_UVG-CWI-DQPC_HE_15_0_167_0166.ply,168,167,168,167,0,1
Mannequin,0000,/gpfs/work3/0/prjs0839/data/UVG_CWI_DQPC/UVG-CWI-DQPC/Mannequin/cg/15fps/Mannequin_UVG-CWI-DQPC_CG_15_0_187_0000.ply,/gpfs/work3/0/prjs0839/data/UVG_CWI_DQPC/UVG-CWI-DQPC/Mannequin/he/15fps/Mannequin_UVG-CWI-DQPC_HE_15_0_187_0000.ply,188,188,188,188,0,0
Mannequin,0001,/gpfs/work3/0/prjs0839/data/UVG_CWI_DQPC/UVG-CWI-DQPC/Mannequin/cg/15fps/Mannequin_UVG-CWI-DQPC_CG_15_0_187_0001.ply,/gpfs/work3/0/prjs0839/data/UVG_CWI_DQPC/UVG-CWI-DQPC/Mannequin/he/15fps/Mannequin_UVG-CWI-DQPC_HE_15_0_187_0001.ply,188,188,188,188,0,0
Mannequin,0002,/gpfs/work3/0/prjs0839/data/UVG_CWI_DQPC/UVG-CWI-DQPC/Mannequin/cg/15fps/Mannequin_UVG-CWI-DQPC_CG_15_0_187_0002.ply,/gpfs/work3/0/prjs0839/data/UVG_CWI_DQPC/UVG-CWI-DQPC/Mannequin/he/15fps/Mannequin_UVG-CWI-DQPC_HE_15_0_187_0002.ply,188,188,188,188,0,0
Mannequin,0003,/gpfs/work3/0/prjs0839/data/UVG_CWI_DQPC/UVG-CWI-DQPC/Mannequin/cg/15fps/Mannequin_UVG-CWI-DQPC_CG_15_0_187_0003.ply,/gpfs/work3/0/prjs0839/data/UVG_CWI_DQPC/UVG-CWI-DQPC/Mannequin/he/15fps/Mannequin_UVG-CWI-DQPC_HE_15_0_187_0003.ply,188,188,188,188,0,0
Mannequin,0004,/gpfs/work3/0/prjs0839/data/UVG_CWI_DQPC/UVG-CWI-DQPC/Mannequin/cg/15fps/Mannequin_UVG-CWI-DQPC_CG_15_0_187_0004.ply,/gpfs/work3/0/prjs0839/data/UVG_CWI_DQPC/UVG-CWI-DQPC/Mannequin/he/15fps/Mannequin_UVG-CWI-DQPC_HE_15_0_187_0004.ply,188,188,188,188,0,0
Mannequin,0005,/gpfs/work3/0/prjs0839/data/UVG_CWI_DQPC/UVG-CWI-DQPC/Mannequin/cg/15fps/Mannequin_UVG-CWI-DQPC_CG_15_0_187_0005.ply,/gpfs/work3/0/prjs0839/data/UVG_CWI_DQPC/UVG-CWI-DQPC/Mannequin/he/15fps/Mannequin_UVG-CWI-DQPC_HE_15_0_187_0005.ply,188,188,188,188,0,0
Mannequin,0006,/gpfs/work3/0/prjs0839/data/UVG_CWI_DQPC/UVG-CWI-DQPC/Mannequin/cg/15fps/Mannequin_UVG-CWI-DQPC_CG_15_0_187_0006.ply,/gpfs/work3/0/prjs0839/data/UVG_CWI_DQPC/UVG-CWI-DQPC/Mannequin/he/15fps/Mannequin_UVG-CWI-DQPC_HE_15_0_187_0006.ply,188,188,188,188,0,0
Mannequin,0007,/gpfs/work3/0/prjs0839/data/UVG_CWI_DQPC/UVG-CWI-DQPC/Mannequin/cg/15fps/Mannequin_UVG-CWI-DQPC_CG_15_0_187_0007.ply,/gpfs/work3/0/prjs0839/data/UVG_CWI_DQPC/UVG-CWI-DQPC/Mannequin/he/15fps/Mannequin_UVG-CWI-DQPC_HE_15_0_187_0007.ply,188,188,188,188,0,0
Mannequin,0008,/gpfs/work3/0/prjs0839/data/UVG_CWI_DQPC/UVG-CWI-DQPC/Mannequin/cg/15fps/Mannequin_UVG-CWI-DQPC_CG_15_0_187_0008.ply,/gpfs/work3/0/prjs0839/data/UVG_CWI_DQPC/UVG-CWI-DQPC/Mannequin/he/15fps/Mannequin_UVG-CWI-DQPC_HE_15_0_187_0008.ply,188,188,188,188,0,0
Mannequin,0009,/gpfs/work3/0/prjs0839/data/UVG_CWI_DQPC/UVG-CWI-DQPC/Mannequin/cg/15fps/Mannequin_UVG-CWI-DQPC_CG_15_0_187_0009.ply,/gpfs/work3/0/prjs0839/data/UVG_CWI_DQPC/UVG-CWI-DQPC/Mannequin/he/15fps/Mannequin_UVG-CWI-DQPC_HE_15_0_187_0009.ply,188,188,188,188,0,0
Mannequin,0010,/gpfs/work3/0/prjs0839/data/UVG_CWI_DQPC/UVG-CWI-DQPC/Mannequin/cg/15fps/Mannequin_UVG-CWI-DQPC_CG_15_0_187_0010.ply,/gpfs/work3/0/prjs0839/data/UVG_CWI_DQPC/UVG-CWI-DQPC/Mannequin/he/15fps/Mannequin_UVG-CWI-DQPC_HE_15_0_187_0010.ply,188,188,188,188,0,0
Mannequin,0011,/gpfs/work3/0/prjs0839/data/UVG_CWI_DQPC/UVG-CWI-DQPC/Mannequin/cg/15fps/Mannequin_UVG-CWI-DQPC_CG_15_0_187_0011.ply,/gpfs/work3/0/prjs0839/data/UVG_CWI_DQPC/UVG-CWI-DQPC/Mannequin/he/15fps/Mannequin_UVG-CWI-DQPC_HE_15_0_187_0011.ply,188,188,188,188,0,0
Mannequin,0012,/gpfs/work3/0/prjs0839/data/UVG_CWI_DQPC/UVG-CWI-DQPC/Mannequin/cg/15fps/Mannequin_UVG-CWI-DQPC_CG_15_0_187_0012.ply,/gpfs/work3/0/prjs0839/data/UVG_CWI_DQPC/UVG-CWI-DQPC/Mannequin/he/15fps/Mannequin_UVG-CWI-DQPC_HE_15_0_187_0012.ply,188,188,188,188,0,0
Mannequin,0013,/gpfs/work3/0/prjs0839/data/UVG_CWI_DQPC/UVG-CWI-DQPC/Mannequin/cg/15fps/Mannequin_UVG-CWI-DQPC_CG_15_0_187_0013.ply,/gpfs/work3/0/prjs0839/data/UVG_CWI_DQPC/UVG-CWI-DQPC/Mannequin/he/15fps/Mannequin_UVG-CWI-DQPC_HE_15_0_187_0013.ply,188,188,188,188,0,0
Mannequin,0014,/gpfs/work3/0/prjs0839/data/UVG_CWI_DQPC/UVG-CWI-DQPC/Mannequin/cg/15fps/Mannequin_UVG-CWI-DQPC_CG_15_0_187_0014.ply,/gpfs/work3/0/prjs0839/data/UVG_CWI_DQPC/UVG-CWI-DQPC/Mannequin/he/15fps/Mannequin_UVG-CWI-DQPC_HE_15_0_187_0014.ply,188,188,188,188,0,0
Mannequin,0015,/gpfs/work3/0/prjs0839/data/UVG_CWI_DQPC/UVG-CWI-DQPC/Mannequin/cg/15fps/Mannequin_UVG-CWI-DQPC_CG_15_0_187_0015.ply,/gpfs/work3/0/prjs0839/data/UVG_CWI_DQPC/UVG-CWI-DQPC/Mannequin/he/15fps/Mannequin_UVG-CWI-DQPC_HE_15_0_187_0015.ply,188,188,188,188,0,0
Mannequin,0016,/gpfs/work3/0/prjs0839/data/UVG_CWI_DQPC/UVG-CWI-DQPC/Mannequin/cg/15fps/Mannequin_UVG-CWI-DQPC_CG_15_0_187_0016.ply,/gpfs/work3/0/prjs0839/data/UVG_CWI_DQPC/UVG-CWI-DQPC/Mannequin/he/15fps/Mannequin_UVG-CWI-DQPC_HE_15_0_187_0016.ply,188,188,188,188,0,0
Mannequin,0017,/gpfs/work3/0/prjs0839/data/UVG_CWI_DQPC/UVG-CWI-DQPC/Mannequin/cg/15fps/Mannequin_UVG-CWI-DQPC_CG_15_0_187_0017.ply,/gpfs/work3/0/prjs0839/data/UVG_CWI_DQPC/UVG-CWI-DQPC/Mannequin/he/15fps/Mannequin_UVG-CWI-DQPC_HE_15_0_187_0017.ply,188,188,188,188,0,0
Mannequin,0018,/gpfs/work3/0/prjs0839/data/UVG_CWI_DQPC/UVG-CWI-DQPC/Mannequin/cg/15fps/Mannequin_UVG-CWI-DQPC_CG_15_0_187_0018.ply,/gpfs/work3/0/prjs0839/data/UVG_CWI_DQPC/UVG-CWI-DQPC/Mannequin/he/15fps/Mannequin_UVG-CWI-DQPC_HE_15_0_187_0018.ply,188,188,188,188,0,0
Mannequin,0019,/gpfs/work3/0/prjs0839/data/UVG_CWI_DQPC/UVG-CWI-DQPC/Mannequin/cg/15fps/Mannequin_UVG-CWI-DQPC_CG_15_0_187_0019.ply,/gpfs/work3/0/prjs0839/data/UVG_CWI_DQPC/UVG-CWI-DQPC/Mannequin/he/15fps/Mannequin_UVG-CWI-DQPC_HE_15_0_187_0019.ply,188,188,188,188,0,0
Mannequin,0020,/gpfs/work3/0/prjs0839/data/UVG_CWI_DQPC/UVG-CWI-DQPC/Mannequin/cg/15fps/Mannequin_UVG-CWI-DQPC_CG_15_0_187_0020.ply,/gpfs/work3/0/prjs0839/data/UVG_CWI_DQPC/UVG-CWI-DQPC/Mannequin/he/15fps/Mannequin_UVG-CWI-DQPC_HE_15_0_187_0020.ply,188,188,188,188,0,0
Mannequin,0021,/gpfs/work3/0/prjs0839/data/UVG_CWI_DQPC/UVG-CWI-DQPC/Mannequin/cg/15fps/Mannequin_UVG-CWI-DQPC_CG_15_0_187_0021.ply,/gpfs/work3/0/prjs0839/data/UVG_CWI_DQPC/UVG-CWI-DQPC/Mannequin/he/15fps/Mannequin_UVG-CWI-DQPC_HE_15_0_187_0021.ply,188,188,188,188,0,0
Mannequin,0022,/gpfs/work3/0/prjs0839/data/UVG_CWI_DQPC/UVG-CWI-DQPC/Mannequin/cg/15fps/Mannequin_UVG-CWI-DQPC_CG_15_0_187_0022.ply,/gpfs/work3/0/prjs0839/data/UVG_CWI_DQPC/UVG-CWI-DQPC/Mannequin/he/15fps/Mannequin_UVG-CWI-DQPC_HE_15_0_187_0022.ply,188,188,188,188,0,0
Mannequin,0023,/gpfs/work3/0/prjs0839/data/UVG_CWI_DQPC/UVG-CWI-DQPC/Mannequin/cg/15fps/Mannequin_UVG-CWI-DQPC_CG_15_0_187_0023.ply,/gpfs/work3/0/prjs0839/data/UVG_CWI_DQPC/UVG-CWI-DQPC/Mannequin/he/15fps/Mannequin_UVG-CWI-DQPC_HE_15_0_187_0023.ply,188,188,188,188,0,0
Mannequin,0024,/gpfs/work3/0/prjs0839/data/UVG_CWI_DQPC/UVG-CWI-DQPC/Mannequin/cg/15fps/Mannequin_UVG-CWI-DQPC_CG_15_0_187_0024.ply,/gpfs/work3/0/prjs0839/data/UVG_CWI_DQPC/UVG-CWI-DQPC/Mannequin/he/15fps/Mannequin_UVG-CWI-DQPC_HE_15_0_187_0024.ply,188,188,188,188,0,0
Mannequin,0025,/gpfs/work3/0/prjs0839/data/UVG_CWI_DQPC/UVG-CWI-DQPC/Mannequin/cg/15fps/Mannequin_UVG-CWI-DQPC_CG_15_0_187_0025.ply,/gpfs/work3/0/prjs0839/data/UVG_CWI_DQPC/UVG-CWI-DQPC/Mannequin/he/15fps/Mannequin_UVG-CWI-DQPC_HE_15_0_187_0025.ply,188,188,188,188,0,0
Mannequin,0026,/gpfs/work3/0/prjs0839/data/UVG_CWI_DQPC/UVG-CWI-DQPC/Mannequin/cg/15fps/Mannequin_UVG-CWI-DQPC_CG_15_0_187_0026.ply,/gpfs/work3/0/prjs0839/data/UVG_CWI_DQPC/UVG-CWI-DQPC/Mannequin/he/15fps/Mannequin_UVG-CWI-DQPC_HE_15_0_187_0026.ply,188,188,188,188,0,0
Mannequin,0027,/gpfs/work3/0/prjs0839/data/UVG_CWI_DQPC/UVG-CWI-DQPC/Mannequin/cg/15fps/Mannequin_UVG-CWI-DQPC_CG_15_0_187_0027.ply,/gpfs/work3/0/prjs0839/data/UVG_CWI_DQPC/UVG-CWI-DQPC/Mannequin/he/15fps/Mannequin_UVG-CWI-DQPC_HE_15_0_187_0027.ply,188,188,188,188,0,0
Mannequin,0028,/gpfs/work3/0/prjs0839/data/UVG_CWI_DQPC/UVG-CWI-DQPC/Mannequin/cg/15fps/Mannequin_UVG-CWI-DQPC_CG_15_0_187_0028.ply,/gpfs/work3/0/prjs0839/data/UVG_CWI_DQPC/UVG-CWI-DQPC/Mannequin/he/15fps/Mannequin_UVG-CWI-DQPC_HE_15_0_187_0028.ply,188,188,188,188,0,0
Mannequin,0029,/gpfs/work3/0/prjs0839/data/UVG_CWI_DQPC/UVG-CWI-DQPC/Mannequin/cg/15fps/Mannequin_UVG-CWI-DQPC_CG_15_0_187_0029.ply,/gpfs/work3/0/prjs0839/data/UVG_CWI_DQPC/UVG-CWI-DQPC/Mannequin/he/15fps/Mannequin_UVG-CWI-DQPC_HE_15_0_187_0029.ply,188,188,188,188,0,0
Mannequin,0030,/gpfs/work3/0/prjs0839/data/UVG_CWI_DQPC/UVG-CWI-DQPC/Mannequin/cg/15fps/Mannequin_UVG-CWI-DQPC_CG_15_0_187_0030.ply,/gpfs/work3/0/prjs0839/data/UVG_CWI_DQPC/UVG-CWI-DQPC/Mannequin/he/15fps/Mannequin_UVG-CWI-DQPC_HE_15_0_187_0030.ply,188,188,188,188,0,0
Mannequin,0031,/gpfs/work3/0/prjs0839/data/UVG_CWI_DQPC/UVG-CWI-DQPC/Mannequin/cg/15fps/Mannequin_UVG-CWI-DQPC_CG_15_0_187_0031.ply,/gpfs/work3/0/prjs0839/data/UVG_CWI_DQPC/UVG-CWI-DQPC/Mannequin/he/15fps/Mannequin_UVG-CWI-DQPC_HE_15_0_187_0031.ply,188,188,188,188,0,0
Mannequin,0032,/gpfs/work3/0/prjs0839/data/UVG_CWI_DQPC/UVG-CWI-DQPC/Mannequin/cg/15fps/Mannequin_UVG-CWI-DQPC_CG_15_0_187_0032.ply,/gpfs/work3/0/prjs0839/data/UVG_CWI_DQPC/UVG-CWI-DQPC/Mannequin/he/15fps/Mannequin_UVG-CWI-DQPC_HE_15_0_187_0032.ply,188,188,188,188,0,0
Mannequin,0033,/gpfs/work3/0/prjs0839/data/UVG_CWI_DQPC/UVG-CWI-DQPC/Mannequin/cg/15fps/Mannequin_UVG-CWI-DQPC_CG_15_0_187_0033.ply,/gpfs/work3/0/prjs0839/data/UVG_CWI_DQPC/UVG-CWI-DQPC/Mannequin/he/15fps/Mannequin_UVG-CWI-DQPC_HE_15_0_187_0033.ply,188,188,188,188,0,0
Mannequin,0034,/gpfs/work3/0/prjs0839/data/UVG_CWI_DQPC/UVG-CWI-DQPC/Mannequin/cg/15fps/Mannequin_UVG-CWI-DQPC_CG_15_0_187_0034.ply,/gpfs/work3/0/prjs0839/data/UVG_CWI_DQPC/UVG-CWI-DQPC/Mannequin/he/15fps/Mannequin_UVG-CWI-DQPC_HE_15_0_187_0034.ply,188,188,188,188,0,0
Mannequin,0035,/gpfs/work3/0/prjs0839/data/UVG_CWI_DQPC/UVG-CWI-DQPC/Mannequin/cg/15fps/Mannequin_UVG-CWI-DQPC_CG_15_0_187_0035.ply,/gpfs/work3/0/prjs0839/data/UVG_CWI_DQPC/UVG-CWI-DQPC/Mannequin/he/15fps/Mannequin_UVG-CWI-DQPC_HE_15_0_187_0035.ply,188,188,188,188,0,0
Mannequin,0036,/gpfs/work3/0/prjs0839/data/UVG_CWI_DQPC/UVG-CWI-DQPC/Mannequin/cg/15fps/Mannequin_UVG-CWI-DQPC_CG_15_0_187_0036.ply,/gpfs/work3/0/prjs0839/data/UVG_CWI_DQPC/UVG-CWI-DQPC/Mannequin/he/15fps/Mannequin_UVG-CWI-DQPC_HE_15_0_187_0036.ply,188,188,188,188,0,0
Mannequin,0037,/gpfs/work3/0/prjs0839/data/UVG_CWI_DQPC/UVG-CWI-DQPC/Mannequin/cg/15fps/Mannequin_UVG-CWI-DQPC_CG_15_0_187_0037.ply,/gpfs/work3/0/prjs0839/data/UVG_CWI_DQPC/UVG-CWI-DQPC/Mannequin/he/15fps/Mannequin_UVG-CWI-DQPC_HE_15_0_187_0037.ply,188,188,188,188,0,0
Mannequin,0038,/gpfs/work3/0/prjs0839/data/UVG_CWI_DQPC/UVG-CWI-DQPC/Mannequin/cg/15fps/Mannequin_UVG-CWI-DQPC_CG_15_0_187_0038.ply,/gpfs/work3/0/prjs0839/data/UVG_CWI_DQPC/UVG-CWI-DQPC/Mannequin/he/15fps/Mannequin_UVG-CWI-DQPC_HE_15_0_187_0038.ply,188,188,188,188,0,0
Mannequin,0039,/gpfs/work3/0/prjs0839/data/UVG_CWI_DQPC/UVG-CWI-DQPC/Mannequin/cg/15fps/Mannequin_UVG-CWI-DQPC_CG_15_0_187_0039.ply,/gpfs/work3/0/prjs0839/data/UVG_CWI_DQPC/UVG-CWI-DQPC/Mannequin/he/15fps/Mannequin_UVG-CWI-DQPC_HE_15_0_187_0039.ply,188,188,188,188,0,0
Mannequin,0040,/gpfs/work3/0/prjs0839/data/UVG_CWI_DQPC/UVG-CWI-DQPC/Mannequin/cg/15fps/Mannequin_UVG-CWI-DQPC_CG_15_0_187_0040.ply,/gpfs/work3/0/prjs0839/data/UVG_CWI_DQPC/UVG-CWI-DQPC/Mannequin/he/15fps/Mannequin_UVG-CWI-DQPC_HE_15_0_187_0040.ply,188,188,188,188,0,0
Mannequin,0041,/gpfs/work3/0/prjs0839/data/UVG_CWI_DQPC/UVG-CWI-DQPC/Mannequin/cg/15fps/Mannequin_UVG-CWI-DQPC_CG_15_0_187_0041.ply,/gpfs/work3/0/prjs0839/data/UVG_CWI_DQPC/UVG-CWI-DQPC/Mannequin/he/15fps/Mannequin_UVG-CWI-DQPC_HE_15_0_187_0041.ply,188,188,188,188,0,0
Mannequin,0042,/gpfs/work3/0/prjs0839/data/UVG_CWI_DQPC/UVG-CWI-DQPC/Mannequin/cg/15fps/Mannequin_UVG-CWI-DQPC_CG_15_0_187_0042.ply,/gpfs/work3/0/prjs0839/data/UVG_CWI_DQPC/UVG-CWI-DQPC/Mannequin/he/15fps/Mannequin_UVG-CWI-DQPC_HE_15_0_187_0042.ply,188,188,188,188,0,0
Mannequin,0043,/gpfs/work3/0/prjs0839/data/UVG_CWI_DQPC/UVG-CWI-DQPC/Mannequin/cg/15fps/Mannequin_UVG-CWI-DQPC_CG_15_0_187_0043.ply,/gpfs/work3/0/prjs0839/data/UVG_CWI_DQPC/UVG-CWI-DQPC/Mannequin/he/15fps/Mannequin_UVG-CWI-DQPC_HE_15_0_187_0043.ply,188,188,188,188,0,0
Mannequin,0044,/gpfs/work3/0/prjs0839/data/UVG_CWI_DQPC/UVG-CWI-DQPC/Mannequin/cg/15fps/Mannequin_UVG-CWI-DQPC_CG_15_0_187_0044.ply,/gpfs/work3/0/prjs0839/data/UVG_CWI_DQPC/UVG-CWI-DQPC/Mannequin/he/15fps/Mannequin_UVG-CWI-DQPC_HE_15_0_187_0044.ply,188,188,188,188,0,0
Mannequin,0045,/gpfs/work3/0/prjs0839/data/UVG_CWI_DQPC/UVG-CWI-DQPC/Mannequin/cg/15fps/Mannequin_UVG-CWI-DQPC_CG_15_0_187_0045.ply,/gpfs/work3/0/prjs0839/data/UVG_CWI_DQPC/UVG-CWI-DQPC/Mannequin/he/15fps/Mannequin_UVG-CWI-DQPC_HE_15_0_187_0045.ply,188,188,188,188,0,0
Mannequin,0046,/gpfs/work3/0/prjs0839/data/UVG_CWI_DQPC/UVG-CWI-DQPC/Mannequin/cg/15fps/Mannequin_UVG-CWI-DQPC_CG_15_0_187_0046.ply,/gpfs/work3/0/prjs0839/data/UVG_CWI_DQPC/UVG-CWI-DQPC/Mannequin/he/15fps/Mannequin_UVG-CWI-DQPC_HE_15_0_187_0046.ply,188,188,188,188,0,0
Mannequin,0047,/gpfs/work3/0/prjs0839/data/UVG_CWI_DQPC/UVG-CWI-DQPC/Mannequin/cg/15fps/Mannequin_UVG-CWI-DQPC_CG_15_0_187_0047.ply,/gpfs/work3/0/prjs0839/data/UVG_CWI_DQPC/UVG-CWI-DQPC/Mannequin/he/15fps/Mannequin_UVG-CWI-DQPC_HE_15_0_187_0047.ply,188,188,188,188,0,0
Mannequin,0048,/gpfs/work3/0/prjs0839/data/UVG_CWI_DQPC/UVG-CWI-DQPC/Mannequin/cg/15fps/Mannequin_UVG-CWI-DQPC_CG_15_0_187_0048.ply,/gpfs/work3/0/prjs0839/data/UVG_CWI_DQPC/UVG-CWI-DQPC/Mannequin/he/15fps/Mannequin_UVG-CWI-DQPC_HE_15_0_187_0048.ply,188,188,188,188,0,0
Mannequin,0049,/gpfs/work3/0/prjs0839/data/UVG_CWI_DQPC/UVG-CWI-DQPC/Mannequin/cg/15fps/Mannequin_UVG-CWI-DQPC_CG_15_0_187_0049.ply,/gpfs/work3/0/prjs0839/data/UVG_CWI_DQPC/UVG-CWI-DQPC/Mannequin/he/15fps/Mannequin_UVG-CWI-DQPC_HE_15_0_187_0049.ply,188,188,188,188,0,0
Mannequin,0050,/gpfs/work3/0/prjs0839/data/UVG_CWI_DQPC/UVG-CWI-DQPC/Mannequin/cg/15fps/Mannequin_UVG-CWI-DQPC_CG_15_0_187_0050.ply,/gpfs/work3/0/prjs0839/data/UVG_CWI_DQPC/UVG-CWI-DQPC/Mannequin/he/15fps/Mannequin_UVG-CWI-DQPC_HE_15_0_187_0050.ply,188,188,188,188,0,0
Mannequin,0051,/gpfs/work3/0/prjs0839/data/UVG_CWI_DQPC/UVG-CWI-DQPC/Mannequin/cg/15fps/Mannequin_UVG-CWI-DQPC_CG_15_0_187_0051.ply,/gpfs/work3/0/prjs0839/data/UVG_CWI_DQPC/UVG-CWI-DQPC/Mannequin/he/15fps/Mannequin_UVG-CWI-DQPC_HE_15_0_187_0051.ply,188,188,188,188,0,0
Mannequin,0052,/gpfs/work3/0/prjs0839/data/UVG_CWI_DQPC/UVG-CWI-DQPC/Mannequin/cg/15fps/Mannequin_UVG-CWI-DQPC_CG_15_0_187_0052.ply,/gpfs/work3/0/prjs0839/data/UVG_CWI_DQPC/UVG-CWI-DQPC/Mannequin/he/15fps/Mannequin_UVG-CWI-DQPC_HE_15_0_187_0052.ply,188,188,188,188,0,0
Mannequin,0053,/gpfs/work3/0/prjs0839/data/UVG_CWI_DQPC/UVG-CWI-DQPC/Mannequin/cg/15fps/Mannequin_UVG-CWI-DQPC_CG_15_0_187_0053.ply,/gpfs/work3/0/prjs0839/data/UVG_CWI_DQPC/UVG-CWI-DQPC/Mannequin/he/15fps/Mannequin_UVG-CWI-DQPC_HE_15_0_187_0053.ply,188,188,188,188,0,0
Mannequin,0054,/gpfs/work3/0/prjs0839/data/UVG_CWI_DQPC/UVG-CWI-DQPC/Mannequin/cg/15fps/Mannequin_UVG-CWI-DQPC_CG_15_0_187_0054.ply,/gpfs/work3/0/prjs0839/data/UVG_CWI_DQPC/UVG-CWI-DQPC/Mannequin/he/15fps/Mannequin_UVG-CWI-DQPC_HE_15_0_187_0054.ply,188,188,188,188,0,0
Mannequin,0055,/gpfs/work3/0/prjs0839/data/UVG_CWI_DQPC/UVG-CWI-DQPC/Mannequin/cg/15fps/Mannequin_UVG-CWI-DQPC_CG_15_0_187_0055.ply,/gpfs/work3/0/prjs0839/data/UVG_CWI_DQPC/UVG-CWI-DQPC/Mannequin/he/15fps/Mannequin_UVG-CWI-DQPC_HE_15_0_187_0055.ply,188,188,188,188,0,0
Mannequin,0056,/gpfs/work3/0/prjs0839/data/UVG_CWI_DQPC/UVG-CWI-DQPC/Mannequin/cg/15fps/Mannequin_UVG-CWI-DQPC_CG_15_0_187_0056.ply,/gpfs/work3/0/prjs0839/data/UVG_CWI_DQPC/UVG-CWI-DQPC/Mannequin/he/15fps/Mannequin_UVG-CWI-DQPC_HE_15_0_187_0056.ply,188,188,188,188,0,0
Mannequin,0057,/gpfs/work3/0/prjs0839/data/UVG_CWI_DQPC/UVG-CWI-DQPC/Mannequin/cg/15fps/Mannequin_UVG-CWI-DQPC_CG_15_0_187_0057.ply,/gpfs/work3/0/prjs0839/data/UVG_CWI_DQPC/UVG-CWI-DQPC/Mannequin/he/15fps/Mannequin_UVG-CWI-DQPC_HE_15_0_187_0057.ply,188,188,188,188,0,0
Mannequin,0058,/gpfs/work3/0/prjs0839/data/UVG_CWI_DQPC/UVG-CWI-DQPC/Mannequin/cg/15fps/Mannequin_UVG-CWI-DQPC_CG_15_0_187_0058.ply,/gpfs/work3/0/prjs0839/data/UVG_CWI_DQPC/UVG-CWI-DQPC/Mannequin/he/15fps/Mannequin_UVG-CWI-DQPC_HE_15_0_187_0058.ply,188,188,188,188,0,0
Mannequin,0059,/gpfs/work3/0/prjs0839/data/UVG_CWI_DQPC/UVG-CWI-DQPC/Mannequin/cg/15fps/Mannequin_UVG-CWI-DQPC_CG_15_0_187_0059.ply,/gpfs/work3/0/prjs0839/data/UVG_CWI_DQPC/UVG-CWI-DQPC/Mannequin/he/15fps/Mannequin_UVG-CWI-DQPC_HE_15_0_187_0059.ply,188,188,188,188,0,0
Mannequin,0060,/gpfs/work3/0/prjs0839/data/UVG_CWI_DQPC/UVG-CWI-DQPC/Mannequin/cg/15fps/Mannequin_UVG-CWI-DQPC_CG_15_0_187_0060.ply,/gpfs/work3/0/prjs0839/data/UVG_CWI_DQPC/UVG-CWI-DQPC/Mannequin/he/15fps/Mannequin_UVG-CWI-DQPC_HE_15_0_187_0060.ply,188,188,188,188,0,0
Mannequin,0061,/gpfs/work3/0/prjs0839/data/UVG_CWI_DQPC/UVG-CWI-DQPC/Mannequin/cg/15fps/Mannequin_UVG-CWI-DQPC_CG_15_0_187_0061.ply,/gpfs/work3/0/prjs0839/data/UVG_CWI_DQPC/UVG-CWI-DQPC/Mannequin/he/15fps/Mannequin_UVG-CWI-DQPC_HE_15_0_187_0061.ply,188,188,188,188,0,0
Mannequin,0062,/gpfs/work3/0/prjs0839/data/UVG_CWI_DQPC/UVG-CWI-DQPC/Mannequin/cg/15fps/Mannequin_UVG-CWI-DQPC_CG_15_0_187_0062.ply,/gpfs/work3/0/prjs0839/data/UVG_CWI_DQPC/UVG-CWI-DQPC/Mannequin/he/15fps/Mannequin_UVG-CWI-DQPC_HE_15_0_187_0062.ply,188,188,188,188,0,0
Mannequin,0063,/gpfs/work3/0/prjs0839/data/UVG_CWI_DQPC/UVG-CWI-DQPC/Mannequin/cg/15fps/Mannequin_UVG-CWI-DQPC_CG_15_0_187_0063.ply,/gpfs/work3/0/prjs0839/data/UVG_CWI_DQPC/UVG-CWI-DQPC/Mannequin/he/15fps/Mannequin_UVG-CWI-DQPC_HE_15_0_187_0063.ply,188,188,188,188,0,0
Mannequin,0064,/gpfs/work3/0/prjs0839/data/UVG_CWI_DQPC/UVG-CWI-DQPC/Mannequin/cg/15fps/Mannequin_UVG-CWI-DQPC_CG_15_0_187_0064.ply,/gpfs/work3/0/prjs0839/data/UVG_CWI_DQPC/UVG-CWI-DQPC/Mannequin/he/15fps/Mannequin_UVG-CWI-DQPC_HE_15_0_187_0064.ply,188,188,188,188,0,0
Mannequin,0065,/gpfs/work3/0/prjs0839/data/UVG_CWI_DQPC/UVG-CWI-DQPC/Mannequin/cg/15fps/Mannequin_UVG-CWI-DQPC_CG_15_0_187_0065.ply,/gpfs/work3/0/prjs0839/data/UVG_CWI_DQPC/UVG-CWI-DQPC/Mannequin/he/15fps/Mannequin_UVG-CWI-DQPC_HE_15_0_187_0065.ply,188,188,188,188,0,0
Mannequin,0066,/gpfs/work3/0/prjs0839/data/UVG_CWI_DQPC/UVG-CWI-DQPC/Mannequin/cg/15fps/Mannequin_UVG-CWI-DQPC_CG_15_0_187_0066.ply,/gpfs/work3/0/prjs0839/data/UVG_CWI_DQPC/UVG-CWI-DQPC/Mannequin/he/15fps/Mannequin_UVG-CWI-DQPC_HE_15_0_187_0066.ply,188,188,188,188,0,0
Mannequin,0067,/gpfs/work3/0/prjs0839/data/UVG_CWI_DQPC/UVG-CWI-DQPC/Mannequin/cg/15fps/Mannequin_UVG-CWI-DQPC_CG_15_0_187_0067.ply,/gpfs/work3/0/prjs0839/data/UVG_CWI_DQPC/UVG-CWI-DQPC/Mannequin/he/15fps/Mannequin_UVG-CWI-DQPC_HE_15_0_187_0067.ply,188,188,188,188,0,0
Mannequin,0068,/gpfs/work3/0/prjs0839/data/UVG_CWI_DQPC/UVG-CWI-DQPC/Mannequin/cg/15fps/Mannequin_UVG-CWI-DQPC_CG_15_0_187_0068.ply,/gpfs/work3/0/prjs0839/data/UVG_CWI_DQPC/UVG-CWI-DQPC/Mannequin/he/15fps/Mannequin_UVG-CWI-DQPC_HE_15_0_187_0068.ply,188,188,188,188,0,0
Mannequin,0069,/gpfs/work3/0/prjs0839/data/UVG_CWI_DQPC/UVG-CWI-DQPC/Mannequin/cg/15fps/Mannequin_UVG-CWI-DQPC_CG_15_0_187_0069.ply,/gpfs/work3/0/prjs0839/data/UVG_CWI_DQPC/UVG-CWI-DQPC/Mannequin/he/15fps/Mannequin_UVG-CWI-DQPC_HE_15_0_187_0069.ply,188,188,188,188,0,0
Mannequin,0070,/gpfs/work3/0/prjs0839/data/UVG_CWI_DQPC/UVG-CWI-DQPC/Mannequin/cg/15fps/Mannequin_UVG-CWI-DQPC_CG_15_0_187_0070.ply,/gpfs/work3/0/prjs0839/data/UVG_CWI_DQPC/UVG-CWI-DQPC/Mannequin/he/15fps/Mannequin_UVG-CWI-DQPC_HE_15_0_187_0070.ply,188,188,188,188,0,0
Mannequin,0071,/gpfs/work3/0/prjs0839/data/UVG_CWI_DQPC/UVG-CWI-DQPC/Mannequin/cg/15fps/Mannequin_UVG-CWI-DQPC_CG_15_0_187_0071.ply,/gpfs/work3/0/prjs0839/data/UVG_CWI_DQPC/UVG-CWI-DQPC/Mannequin/he/15fps/Mannequin_UVG-CWI-DQPC_HE_15_0_187_0071.ply,188,188,188,188,0,0
Mannequin,0072,/gpfs/work3/0/prjs0839/data/UVG_CWI_DQPC/UVG-CWI-DQPC/Mannequin/cg/15fps/Mannequin_UVG-CWI-DQPC_CG_15_0_187_0072.ply,/gpfs/work3/0/prjs0839/data/UVG_CWI_DQPC/UVG-CWI-DQPC/Mannequin/he/15fps/Mannequin_UVG-CWI-DQPC_HE_15_0_187_0072.ply,188,188,188,188,0,0
Mannequin,0073,/gpfs/work3/0/prjs0839/data/UVG_CWI_DQPC/UVG-CWI-DQPC/Mannequin/cg/15fps/Mannequin_UVG-CWI-DQPC_CG_15_0_187_0073.ply,/gpfs/work3/0/prjs0839/data/UVG_CWI_DQPC/UVG-CWI-DQPC/Mannequin/he/15fps/Mannequin_UVG-CWI-DQPC_HE_15_0_187_0073.ply,188,188,188,188,0,0
Mannequin,0074,/gpfs/work3/0/prjs0839/data/UVG_CWI_DQPC/UVG-CWI-DQPC/Mannequin/cg/15fps/Mannequin_UVG-CWI-DQPC_CG_15_0_187_0074.ply,/gpfs/work3/0/prjs0839/data/UVG_CWI_DQPC/UVG-CWI-DQPC/Mannequin/he/15fps/Mannequin_UVG-CWI-DQPC_HE_15_0_187_0074.ply,188,188,188,188,0,0
Mannequin,0075,/gpfs/work3/0/prjs0839/data/UVG_CWI_DQPC/UVG-CWI-DQPC/Mannequin/cg/15fps/Mannequin_UVG-CWI-DQPC_CG_15_0_187_0075.ply,/gpfs/work3/0/prjs0839/data/UVG_CWI_DQPC/UVG-CWI-DQPC/Mannequin/he/15fps/Mannequin_UVG-CWI-DQPC_HE_15_0_187_0075.ply,188,188,188,188,0,0
Mannequin,0076,/gpfs/work3/0/prjs0839/data/UVG_CWI_DQPC/UVG-CWI-DQPC/Mannequin/cg/15fps/Mannequin_UVG-CWI-DQPC_CG_15_0_187_0076.ply,/gpfs/work3/0/prjs0839/data/UVG_CWI_DQPC/UVG-CWI-DQPC/Mannequin/he/15fps/Mannequin_UVG-CWI-DQPC_HE_15_0_187_0076.ply,188,188,188,188,0,0
Mannequin,0077,/gpfs/work3/0/prjs0839/data/UVG_CWI_DQPC/UVG-CWI-DQPC/Mannequin/cg/15fps/Mannequin_UVG-CWI-DQPC_CG_15_0_187_0077.ply,/gpfs/work3/0/prjs0839/data/UVG_CWI_DQPC/UVG-CWI-DQPC/Mannequin/he/15fps/Mannequin_UVG-CWI-DQPC_HE_15_0_187_0077.ply,188,188,188,188,0,0
Mannequin,0078,/gpfs/work3/0/prjs0839/data/UVG_CWI_DQPC/UVG-CWI-DQPC/Mannequin/cg/15fps/Mannequin_UVG-CWI-DQPC_CG_15_0_187_0078.ply,/gpfs/work3/0/prjs0839/data/UVG_CWI_DQPC/UVG-CWI-DQPC/Mannequin/he/15fps/Mannequin_UVG-CWI-DQPC_HE_15_0_187_0078.ply,188,188,188,188,0,0
Mannequin,0079,/gpfs/work3/0/prjs0839/data/UVG_CWI_DQPC/UVG-CWI-DQPC/Mannequin/cg/15fps/Mannequin_UVG-CWI-DQPC_CG_15_0_187_0079.ply,/gpfs/work3/0/prjs0839/data/UVG_CWI_DQPC/UVG-CWI-DQPC/Mannequin/he/15fps/Mannequin_UVG-CWI-DQPC_HE_15_0_187_0079.ply,188,188,188,188,0,0
Mannequin,0080,/gpfs/work3/0/prjs0839/data/UVG_CWI_DQPC/UVG-CWI-DQPC/Mannequin/cg/15fps/Mannequin_UVG-CWI-DQPC_CG_15_0_187_0080.ply,/gpfs/work3/0/prjs0839/data/UVG_CWI_DQPC/UVG-CWI-DQPC/Mannequin/he/15fps/Mannequin_UVG-CWI-DQPC_HE_15_0_187_0080.ply,188,188,188,188,0,0
Mannequin,0081,/gpfs/work3/0/prjs0839/data/UVG_CWI_DQPC/UVG-CWI-DQPC/Mannequin/cg/15fps/Mannequin_UVG-CWI-DQPC_CG_15_0_187_0081.ply,/gpfs/work3/0/prjs0839/data/UVG_CWI_DQPC/UVG-CWI-DQPC/Mannequin/he/15fps/Mannequin_UVG-CWI-DQPC_HE_15_0_187_0081.ply,188,188,188,188,0,0
Mannequin,0082,/gpfs/work3/0/prjs0839/data/UVG_CWI_DQPC/UVG-CWI-DQPC/Mannequin/cg/15fps/Mannequin_UVG-CWI-DQPC_CG_15_0_187_0082.ply,/gpfs/work3/0/prjs0839/data/UVG_CWI_DQPC/UVG-CWI-DQPC/Mannequin/he/15fps/Mannequin_UVG-CWI-DQPC_HE_15_0_187_0082.ply,188,188,188,188,0,0
Mannequin,0083,/gpfs/work3/0/prjs0839/data/UVG_CWI_DQPC/UVG-CWI-DQPC/Mannequin/cg/15fps/Mannequin_UVG-CWI-DQPC_CG_15_0_187_0083.ply,/gpfs/work3/0/prjs0839/data/UVG_CWI_DQPC/UVG-CWI-DQPC/Mannequin/he/15fps/Mannequin_UVG-CWI-DQPC_HE_15_0_187_0083.ply,188,188,188,188,0,0
Mannequin,0084,/gpfs/work3/0/prjs0839/data/UVG_CWI_DQPC/UVG-CWI-DQPC/Mannequin/cg/15fps/Mannequin_UVG-CWI-DQPC_CG_15_0_187_0084.ply,/gpfs/work3/0/prjs0839/data/UVG_CWI_DQPC/UVG-CWI-DQPC/Mannequin/he/15fps/Mannequin_UVG-CWI-DQPC_HE_15_0_187_0084.ply,188,188,188,188,0,0
Mannequin,0085,/gpfs/work3/0/prjs0839/data/UVG_CWI_DQPC/UVG-CWI-DQPC/Mannequin/cg/15fps/Mannequin_UVG-CWI-DQPC_CG_15_0_187_0085.ply,/gpfs/work3/0/prjs0839/data/UVG_CWI_DQPC/UVG-CWI-DQPC/Mannequin/he/15fps/Mannequin_UVG-CWI-DQPC_HE_15_0_187_0085.ply,188,188,188,188,0,0
Mannequin,0086,/gpfs/work3/0/prjs0839/data/UVG_CWI_DQPC/UVG-CWI-DQPC/Mannequin/cg/15fps/Mannequin_UVG-CWI-DQPC_CG_15_0_187_0086.ply,/gpfs/work3/0/prjs0839/data/UVG_CWI_DQPC/UVG-CWI-DQPC/Mannequin/he/15fps/Mannequin_UVG-CWI-DQPC_HE_15_0_187_0086.ply,188,188,188,188,0,0
Mannequin,0087,/gpfs/work3/0/prjs0839/data/UVG_CWI_DQPC/UVG-CWI-DQPC/Mannequin/cg/15fps/Mannequin_UVG-CWI-DQPC_CG_15_0_187_0087.ply,/gpfs/work3/0/prjs0839/data/UVG_CWI_DQPC/UVG-CWI-DQPC/Mannequin/he/15fps/Mannequin_UVG-CWI-DQPC_HE_15_0_187_0087.ply,188,188,188,188,0,0
Mannequin,0088,/gpfs/work3/0/prjs0839/data/UVG_CWI_DQPC/UVG-CWI-DQPC/Mannequin/cg/15fps/Mannequin_UVG-CWI-DQPC_CG_15_0_187_0088.ply,/gpfs/work3/0/prjs0839/data/UVG_CWI_DQPC/UVG-CWI-DQPC/Mannequin/he/15fps/Mannequin_UVG-CWI-DQPC_HE_15_0_187_0088.ply,188,188,188,188,0,0
Mannequin,0089,/gpfs/work3/0/prjs0839/data/UVG_CWI_DQPC/UVG-CWI-DQPC/Mannequin/cg/15fps/Mannequin_UVG-CWI-DQPC_CG_15_0_187_0089.ply,/gpfs/work3/0/prjs0839/data/UVG_CWI_DQPC/UVG-CWI-DQPC/Mannequin/he/15fps/Mannequin_UVG-CWI-DQPC_HE_15_0_187_0089.ply,188,188,188,188,0,0
Mannequin,0090,/gpfs/work3/0/prjs0839/data/UVG_CWI_DQPC/UVG-CWI-DQPC/Mannequin/cg/15fps/Mannequin_UVG-CWI-DQPC_CG_15_0_187_0090.ply,/gpfs/work3/0/prjs0839/data/UVG_CWI_DQPC/UVG-CWI-DQPC/Mannequin/he/15fps/Mannequin_UVG-CWI-DQPC_HE_15_0_187_0090.ply,188,188,188,188,0,0
Mannequin,0091,/gpfs/work3/0/prjs0839/data/UVG_CWI_DQPC/UVG-CWI-DQPC/Mannequin/cg/15fps/Mannequin_UVG-CWI-DQPC_CG_15_0_187_0091.ply,/gpfs/work3/0/prjs0839/data/UVG_CWI_DQPC/UVG-CWI-DQPC/Mannequin/he/15fps/Mannequin_UVG-CWI-DQPC_HE_15_0_187_0091.ply,188,188,188,188,0,0
Mannequin,0092,/gpfs/work3/0/prjs0839/data/UVG_CWI_DQPC/UVG-CWI-DQPC/Mannequin/cg/15fps/Mannequin_UVG-CWI-DQPC_CG_15_0_187_0092.ply,/gpfs/work3/0/prjs0839/data/UVG_CWI_DQPC/UVG-CWI-DQPC/Mannequin/he/15fps/Mannequin_UVG-CWI-DQPC_HE_15_0_187_0092.ply,188,188,188,188,0,0
Mannequin,0093,/gpfs/work3/0/prjs0839/data/UVG_CWI_DQPC/UVG-CWI-DQPC/Mannequin/cg/15fps/Mannequin_UVG-CWI-DQPC_CG_15_0_187_0093.ply,/gpfs/work3/0/prjs0839/data/UVG_CWI_DQPC/UVG-CWI-DQPC/Mannequin/he/15fps/Mannequin_UVG-CWI-DQPC_HE_15_0_187_0093.ply,188,188,188,188,0,0
Mannequin,0094,/gpfs/work3/0/prjs0839/data/UVG_CWI_DQPC/UVG-CWI-DQPC/Mannequin/cg/15fps/Mannequin_UVG-CWI-DQPC_CG_15_0_187_0094.ply,/gpfs/work3/0/prjs0839/data/UVG_CWI_DQPC/UVG-CWI-DQPC/Mannequin/he/15fps/Mannequin_UVG-CWI-DQPC_HE_15_0_187_0094.ply,188,188,188,188,0,0
Mannequin,0095,/gpfs/work3/0/prjs0839/data/UVG_CWI_DQPC/UVG-CWI-DQPC/Mannequin/cg/15fps/Mannequin_UVG-CWI-DQPC_CG_15_0_187_0095.ply,/gpfs/work3/0/prjs0839/data/UVG_CWI_DQPC/UVG-CWI-DQPC/Mannequin/he/15fps/Mannequin_UVG-CWI-DQPC_HE_15_0_187_0095.ply,188,188,188,188,0,0
Mannequin,0096,/gpfs/work3/0/prjs0839/data/UVG_CWI_DQPC/UVG-CWI-DQPC/Mannequin/cg/15fps/Mannequin_UVG-CWI-DQPC_CG_15_0_187_0096.ply,/gpfs/work3/0/prjs0839/data/UVG_CWI_DQPC/UVG-CWI-DQPC/Mannequin/he/15fps/Mannequin_UVG-CWI-DQPC_HE_15_0_187_0096.ply,188,188,188,188,0,0
Mannequin,0097,/gpfs/work3/0/prjs0839/data/UVG_CWI_DQPC/UVG-CWI-DQPC/Mannequin/cg/15fps/Mannequin_UVG-CWI-DQPC_CG_15_0_187_0097.ply,/gpfs/work3/0/prjs0839/data/UVG_CWI_DQPC/UVG-CWI-DQPC/Mannequin/he/15fps/Mannequin_UVG-CWI-DQPC_HE_15_0_187_0097.ply,188,188,188,188,0,0
Mannequin,0098,/gpfs/work3/0/prjs0839/data/UVG_CWI_DQPC/UVG-CWI-DQPC/Mannequin/cg/15fps/Mannequin_UVG-CWI-DQPC_CG_15_0_187_0098.ply,/gpfs/work3/0/prjs0839/data/UVG_CWI_DQPC/UVG-CWI-DQPC/Mannequin/he/15fps/Mannequin_UVG-CWI-DQPC_HE_15_0_187_0098.ply,188,188,188,188,0,0
Mannequin,0099,/gpfs/work3/0/prjs0839/data/UVG_CWI_DQPC/UVG-CWI-DQPC/Mannequin/cg/15fps/Mannequin_UVG-CWI-DQPC_CG_15_0_187_0099.ply,/gpfs/work3/0/prjs0839/data/UVG_CWI_DQPC/UVG-CWI-DQPC/Mannequin/he/15fps/Mannequin_UVG-CWI-DQPC_HE_15_0_187_0099.ply,188,188,188,188,0,0
Mannequin,0100,/gpfs/work3/0/prjs0839/data/UVG_CWI_DQPC/UVG-CWI-DQPC/Mannequin/cg/15fps/Mannequin_UVG-CWI-DQPC_CG_15_0_187_0100.ply,/gpfs/work3/0/prjs0839/data/UVG_CWI_DQPC/UVG-CWI-DQPC/Mannequin/he/15fps/Mannequin_UVG-CWI-DQPC_HE_15_0_187_0100.ply,188,188,188,188,0,0
Mannequin,0101,/gpfs/work3/0/prjs0839/data/UVG_CWI_DQPC/UVG-CWI-DQPC/Mannequin/cg/15fps/Mannequin_UVG-CWI-DQPC_CG_15_0_187_0101.ply,/gpfs/work3/0/prjs0839/data/UVG_CWI_DQPC/UVG-CWI-DQPC/Mannequin/he/15fps/Mannequin_UVG-CWI-DQPC_HE_15_0_187_0101.ply,188,188,188,188,0,0
Mannequin,0102,/gpfs/work3/0/prjs0839/data/UVG_CWI_DQPC/UVG-CWI-DQPC/Mannequin/cg/15fps/Mannequin_UVG-CWI-DQPC_CG_15_0_187_0102.ply,/gpfs/work3/0/prjs0839/data/UVG_CWI_DQPC/UVG-CWI-DQPC/Mannequin/he/15fps/Mannequin_UVG-CWI-DQPC_HE_15_0_187_0102.ply,188,188,188,188,0,0
Mannequin,0103,/gpfs/work3/0/prjs0839/data/UVG_CWI_DQPC/UVG-CWI-DQPC/Mannequin/cg/15fps/Mannequin_UVG-CWI-DQPC_CG_15_0_187_0103.ply,/gpfs/work3/0/prjs0839/data/UVG_CWI_DQPC/UVG-CWI-DQPC/Mannequin/he/15fps/Mannequin_UVG-CWI-DQPC_HE_15_0_187_0103.ply,188,188,188,188,0,0
Mannequin,0104,/gpfs/work3/0/prjs0839/data/UVG_CWI_DQPC/UVG-CWI-DQPC/Mannequin/cg/15fps/Mannequin_UVG-CWI-DQPC_CG_15_0_187_0104.ply,/gpfs/work3/0/prjs0839/data/UVG_CWI_DQPC/UVG-CWI-DQPC/Mannequin/he/15fps/Mannequin_UVG-CWI-DQPC_HE_15_0_187_0104.ply,188,188,188,188,0,0
Mannequin,0105,/gpfs/work3/0/prjs0839/data/UVG_CWI_DQPC/UVG-CWI-DQPC/Mannequin/cg/15fps/Mannequin_UVG-CWI-DQPC_CG_15_0_187_0105.ply,/gpfs/work3/0/prjs0839/data/UVG_CWI_DQPC/UVG-CWI-DQPC/Mannequin/he/15fps/Mannequin_UVG-CWI-DQPC_HE_15_0_187_0105.ply,188,188,188,188,0,0
Mannequin,0106,/gpfs/work3/0/prjs0839/data/UVG_CWI_DQPC/UVG-CWI-DQPC/Mannequin/cg/15fps/Mannequin_UVG-CWI-DQPC_CG_15_0_187_0106.ply,/gpfs/work3/0/prjs0839/data/UVG_CWI_DQPC/UVG-CWI-DQPC/Mannequin/he/15fps/Mannequin_UVG-CWI-DQPC_HE_15_0_187_0106.ply,188,188,188,188,0,0
Mannequin,0107,/gpfs/work3/0/prjs0839/data/UVG_CWI_DQPC/UVG-CWI-DQPC/Mannequin/cg/15fps/Mannequin_UVG-CWI-DQPC_CG_15_0_187_0107.ply,/gpfs/work3/0/prjs0839/data/UVG_CWI_DQPC/UVG-CWI-DQPC/Mannequin/he/15fps/Mannequin_UVG-CWI-DQPC_HE_15_0_187_0107.ply,188,188,188,188,0,0
Mannequin,0108,/gpfs/work3/0/prjs0839/data/UVG_CWI_DQPC/UVG-CWI-DQPC/Mannequin/cg/15fps/Mannequin_UVG-CWI-DQPC_CG_15_0_187_0108.ply,/gpfs/work3/0/prjs0839/data/UVG_CWI_DQPC/UVG-CWI-DQPC/Mannequin/he/15fps/Mannequin_UVG-CWI-DQPC_HE_15_0_187_0108.ply,188,188,188,188,0,0
Mannequin,0109,/gpfs/work3/0/prjs0839/data/UVG_CWI_DQPC/UVG-CWI-DQPC/Mannequin/cg/15fps/Mannequin_UVG-CWI-DQPC_CG_15_0_187_0109.ply,/gpfs/work3/0/prjs0839/data/UVG_CWI_DQPC/UVG-CWI-DQPC/Mannequin/he/15fps/Mannequin_UVG-CWI-DQPC_HE_15_0_187_0109.ply,188,188,188,188,0,0
Mannequin,0110,/gpfs/work3/0/prjs0839/data/UVG_CWI_DQPC/UVG-CWI-DQPC/Mannequin/cg/15fps/Mannequin_UVG-CWI-DQPC_CG_15_0_187_0110.ply,/gpfs/work3/0/prjs0839/data/UVG_CWI_DQPC/UVG-CWI-DQPC/Mannequin/he/15fps/Mannequin_UVG-CWI-DQPC_HE_15_0_187_0110.ply,188,188,188,188,0,0
Mannequin,0111,/gpfs/work3/0/prjs0839/data/UVG_CWI_DQPC/UVG-CWI-DQPC/Mannequin/cg/15fps/Mannequin_UVG-CWI-DQPC_CG_15_0_187_0111.ply,/gpfs/work3/0/prjs0839/data/UVG_CWI_DQPC/UVG-CWI-DQPC/Mannequin/he/15fps/Mannequin_UVG-CWI-DQPC_HE_15_0_187_0111.ply,188,188,188,188,0,0
Mannequin,0112,/gpfs/work3/0/prjs0839/data/UVG_CWI_DQPC/UVG-CWI-DQPC/Mannequin/cg/15fps/Mannequin_UVG-CWI-DQPC_CG_15_0_187_0112.ply,/gpfs/work3/0/prjs0839/data/UVG_CWI_DQPC/UVG-CWI-DQPC/Mannequin/he/15fps/Mannequin_UVG-CWI-DQPC_HE_15_0_187_0112.ply,188,188,188,188,0,0
Mannequin,0113,/gpfs/work3/0/prjs0839/data/UVG_CWI_DQPC/UVG-CWI-DQPC/Mannequin/cg/15fps/Mannequin_UVG-CWI-DQPC_CG_15_0_187_0113.ply,/gpfs/work3/0/prjs0839/data/UVG_CWI_DQPC/UVG-CWI-DQPC/Mannequin/he/15fps/Mannequin_UVG-CWI-DQPC_HE_15_0_187_0113.ply,188,188,188,188,0,0
Mannequin,0114,/gpfs/work3/0/prjs0839/data/UVG_CWI_DQPC/UVG-CWI-DQPC/Mannequin/cg/15fps/Mannequin_UVG-CWI-DQPC_CG_15_0_187_0114.ply,/gpfs/work3/0/prjs0839/data/UVG_CWI_DQPC/UVG-CWI-DQPC/Mannequin/he/15fps/Mannequin_UVG-CWI-DQPC_HE_15_0_187_0114.ply,188,188,188,188,0,0
Mannequin,0115,/gpfs/work3/0/prjs0839/data/UVG_CWI_DQPC/UVG-CWI-DQPC/Mannequin/cg/15fps/Mannequin_UVG-CWI-DQPC_CG_15_0_187_0115.ply,/gpfs/work3/0/prjs0839/data/UVG_CWI_DQPC/UVG-CWI-DQPC/Mannequin/he/15fps/Mannequin_UVG-CWI-DQPC_HE_15_0_187_0115.ply,188,188,188,188,0,0
Mannequin,0116,/gpfs/work3/0/prjs0839/data/UVG_CWI_DQPC/UVG-CWI-DQPC/Mannequin/cg/15fps/Mannequin_UVG-CWI-DQPC_CG_15_0_187_0116.ply,/gpfs/work3/0/prjs0839/data/UVG_CWI_DQPC/UVG-CWI-DQPC/Mannequin/he/15fps/Mannequin_UVG-CWI-DQPC_HE_15_0_187_0116.ply,188,188,188,188,0,0
Mannequin,0117,/gpfs/work3/0/prjs0839/data/UVG_CWI_DQPC/UVG-CWI-DQPC/Mannequin/cg/15fps/Mannequin_UVG-CWI-DQPC_CG_15_0_187_0117.ply,/gpfs/work3/0/prjs0839/data/UVG_CWI_DQPC/UVG-CWI-DQPC/Mannequin/he/15fps/Mannequin_UVG-CWI-DQPC_HE_15_0_187_0117.ply,188,188,188,188,0,0
Mannequin,0118,/gpfs/work3/0/prjs0839/data/UVG_CWI_DQPC/UVG-CWI-DQPC/Mannequin/cg/15fps/Mannequin_UVG-CWI-DQPC_CG_15_0_187_0118.ply,/gpfs/work3/0/prjs0839/data/UVG_CWI_DQPC/UVG-CWI-DQPC/Mannequin/he/15fps/Mannequin_UVG-CWI-DQPC_HE_15_0_187_0118.ply,188,188,188,188,0,0
Mannequin,0119,/gpfs/work3/0/prjs0839/data/UVG_CWI_DQPC/UVG-CWI-DQPC/Mannequin/cg/15fps/Mannequin_UVG-CWI-DQPC_CG_15_0_187_0119.ply,/gpfs/work3/0/prjs0839/data/UVG_CWI_DQPC/UVG-CWI-DQPC/Mannequin/he/15fps/Mannequin_UVG-CWI-DQPC_HE_15_0_187_0119.ply,188,188,188,188,0,0
Mannequin,0120,/gpfs/work3/0/prjs0839/data/UVG_CWI_DQPC/UVG-CWI-DQPC/Mannequin/cg/15fps/Mannequin_UVG-CWI-DQPC_CG_15_0_187_0120.ply,/gpfs/work3/0/prjs0839/data/UVG_CWI_DQPC/UVG-CWI-DQPC/Mannequin/he/15fps/Mannequin_UVG-CWI-DQPC_HE_15_0_187_0120.ply,188,188,188,188,0,0
Mannequin,0121,/gpfs/work3/0/prjs0839/data/UVG_CWI_DQPC/UVG-CWI-DQPC/Mannequin/cg/15fps/Mannequin_UVG-CWI-DQPC_CG_15_0_187_0121.ply,/gpfs/work3/0/prjs0839/data/UVG_CWI_DQPC/UVG-CWI-DQPC/Mannequin/he/15fps/Mannequin_UVG-CWI-DQPC_HE_15_0_187_0121.ply,188,188,188,188,0,0
Mannequin,0122,/gpfs/work3/0/prjs0839/data/UVG_CWI_DQPC/UVG-CWI-DQPC/Mannequin/cg/15fps/Mannequin_UVG-CWI-DQPC_CG_15_0_187_0122.ply,/gpfs/work3/0/prjs0839/data/UVG_CWI_DQPC/UVG-CWI-DQPC/Mannequin/he/15fps/Mannequin_UVG-CWI-DQPC_HE_15_0_187_0122.ply,188,188,188,188,0,0
Mannequin,0123,/gpfs/work3/0/prjs0839/data/UVG_CWI_DQPC/UVG-CWI-DQPC/Mannequin/cg/15fps/Mannequin_UVG-CWI-DQPC_CG_15_0_187_0123.ply,/gpfs/work3/0/prjs0839/data/UVG_CWI_DQPC/UVG-CWI-DQPC/Mannequin/he/15fps/Mannequin_UVG-CWI-DQPC_HE_15_0_187_0123.ply,188,188,188,188,0,0
Mannequin,0124,/gpfs/work3/0/prjs0839/data/UVG_CWI_DQPC/UVG-CWI-DQPC/Mannequin/cg/15fps/Mannequin_UVG-CWI-DQPC_CG_15_0_187_0124.ply,/gpfs/work3/0/prjs0839/data/UVG_CWI_DQPC/UVG-CWI-DQPC/Mannequin/he/15fps/Mannequin_UVG-CWI-DQPC_HE_15_0_187_0124.ply,188,188,188,188,0,0
Mannequin,0125,/gpfs/work3/0/prjs0839/data/UVG_CWI_DQPC/UVG-CWI-DQPC/Mannequin/cg/15fps/Mannequin_UVG-CWI-DQPC_CG_15_0_187_0125.ply,/gpfs/work3/0/prjs0839/data/UVG_CWI_DQPC/UVG-CWI-DQPC/Mannequin/he/15fps/Mannequin_UVG-CWI-DQPC_HE_15_0_187_0125.ply,188,188,188,188,0,0
Mannequin,0126,/gpfs/work3/0/prjs0839/data/UVG_CWI_DQPC/UVG-CWI-DQPC/Mannequin/cg/15fps/Mannequin_UVG-CWI-DQPC_CG_15_0_187_0126.ply,/gpfs/work3/0/prjs0839/data/UVG_CWI_DQPC/UVG-CWI-DQPC/Mannequin/he/15fps/Mannequin_UVG-CWI-DQPC_HE_15_0_187_0126.ply,188,188,188,188,0,0
Mannequin,0127,/gpfs/work3/0/prjs0839/data/UVG_CWI_DQPC/UVG-CWI-DQPC/Mannequin/cg/15fps/Mannequin_UVG-CWI-DQPC_CG_15_0_187_0127.ply,/gpfs/work3/0/prjs0839/data/UVG_CWI_DQPC/UVG-CWI-DQPC/Mannequin/he/15fps/Mannequin_UVG-CWI-DQPC_HE_15_0_187_0127.ply,188,188,188,188,0,0
Mannequin,0128,/gpfs/work3/0/prjs0839/data/UVG_CWI_DQPC/UVG-CWI-DQPC/Mannequin/cg/15fps/Mannequin_UVG-CWI-DQPC_CG_15_0_187_0128.ply,/gpfs/work3/0/prjs0839/data/UVG_CWI_DQPC/UVG-CWI-DQPC/Mannequin/he/15fps/Mannequin_UVG-CWI-DQPC_HE_15_0_187_0128.ply,188,188,188,188,0,0
Mannequin,0129,/gpfs/work3/0/prjs0839/data/UVG_CWI_DQPC/UVG-CWI-DQPC/Mannequin/cg/15fps/Mannequin_UVG-CWI-DQPC_CG_15_0_187_0129.ply,/gpfs/work3/0/prjs0839/data/UVG_CWI_DQPC/UVG-CWI-DQPC/Mannequin/he/15fps/Mannequin_UVG-CWI-DQPC_HE_15_0_187_0129.ply,188,188,188,188,0,0
Mannequin,0130,/gpfs/work3/0/prjs0839/data/UVG_CWI_DQPC/UVG-CWI-DQPC/Mannequin/cg/15fps/Mannequin_UVG-CWI-DQPC_CG_15_0_187_0130.ply,/gpfs/work3/0/prjs0839/data/UVG_CWI_DQPC/UVG-CWI-DQPC/Mannequin/he/15fps/Mannequin_UVG-CWI-DQPC_HE_15_0_187_0130.ply,188,188,188,188,0,0
Mannequin,0131,/gpfs/work3/0/prjs0839/data/UVG_CWI_DQPC/UVG-CWI-DQPC/Mannequin/cg/15fps/Mannequin_UVG-CWI-DQPC_CG_15_0_187_0131.ply,/gpfs/work3/0/prjs0839/data/UVG_CWI_DQPC/UVG-CWI-DQPC/Mannequin/he/15fps/Mannequin_UVG-CWI-DQPC_HE_15_0_187_0131.ply,188,188,188,188,0,0
Mannequin,0132,/gpfs/work3/0/prjs0839/data/UVG_CWI_DQPC/UVG-CWI-DQPC/Mannequin/cg/15fps/Mannequin_UVG-CWI-DQPC_CG_15_0_187_0132.ply,/gpfs/work3/0/prjs0839/data/UVG_CWI_DQPC/UVG-CWI-DQPC/Mannequin/he/15fps/Mannequin_UVG-CWI-DQPC_HE_15_0_187_0132.ply,188,188,188,188,0,0
Mannequin,0133,/gpfs/work3/0/prjs0839/data/UVG_CWI_DQPC/UVG-CWI-DQPC/Mannequin/cg/15fps/Mannequin_UVG-CWI-DQPC_CG_15_0_187_0133.ply,/gpfs/work3/0/prjs0839/data/UVG_CWI_DQPC/UVG-CWI-DQPC/Mannequin/he/15fps/Mannequin_UVG-CWI-DQPC_HE_15_0_187_0133.ply,188,188,188,188,0,0
Mannequin,0134,/gpfs/work3/0/prjs0839/data/UVG_CWI_DQPC/UVG-CWI-DQPC/Mannequin/cg/15fps/Mannequin_UVG-CWI-DQPC_CG_15_0_187_0134.ply,/gpfs/work3/0/prjs0839/data/UVG_CWI_DQPC/UVG-CWI-DQPC/Mannequin/he/15fps/Mannequin_UVG-CWI-DQPC_HE_15_0_187_0134.ply,188,188,188,188,0,0
Mannequin,0135,/gpfs/work3/0/prjs0839/data/UVG_CWI_DQPC/UVG-CWI-DQPC/Mannequin/cg/15fps/Mannequin_UVG-CWI-DQPC_CG_15_0_187_0135.ply,/gpfs/work3/0/prjs0839/data/UVG_CWI_DQPC/UVG-CWI-DQPC/Mannequin/he/15fps/Mannequin_UVG-CWI-DQPC_HE_15_0_187_0135.ply,188,188,188,188,0,0
Mannequin,0136,/gpfs/work3/0/prjs0839/data/UVG_CWI_DQPC/UVG-CWI-DQPC/Mannequin/cg/15fps/Mannequin_UVG-CWI-DQPC_CG_15_0_187_0136.ply,/gpfs/work3/0/prjs0839/data/UVG_CWI_DQPC/UVG-CWI-DQPC/Mannequin/he/15fps/Mannequin_UVG-CWI-DQPC_HE_15_0_187_0136.ply,188,188,188,188,0,0
Mannequin,0137,/gpfs/work3/0/prjs0839/data/UVG_CWI_DQPC/UVG-CWI-DQPC/Mannequin/cg/15fps/Mannequin_UVG-CWI-DQPC_CG_15_0_187_0137.ply,/gpfs/work3/0/prjs0839/data/UVG_CWI_DQPC/UVG-CWI-DQPC/Mannequin/he/15fps/Mannequin_UVG-CWI-DQPC_HE_15_0_187_0137.ply,188,188,188,188,0,0
Mannequin,0138,/gpfs/work3/0/prjs0839/data/UVG_CWI_DQPC/UVG-CWI-DQPC/Mannequin/cg/15fps/Mannequin_UVG-CWI-DQPC_CG_15_0_187_0138.ply,/gpfs/work3/0/prjs0839/data/UVG_CWI_DQPC/UVG-CWI-DQPC/Mannequin/he/15fps/Mannequin_UVG-CWI-DQPC_HE_15_0_187_0138.ply,188,188,188,188,0,0
Mannequin,0139,/gpfs/work3/0/prjs0839/data/UVG_CWI_DQPC/UVG-CWI-DQPC/Mannequin/cg/15fps/Mannequin_UVG-CWI-DQPC_CG_15_0_187_0139.ply,/gpfs/work3/0/prjs0839/data/UVG_CWI_DQPC/UVG-CWI-DQPC/Mannequin/he/15fps/Mannequin_UVG-CWI-DQPC_HE_15_0_187_0139.ply,188,188,188,188,0,0
Mannequin,0140,/gpfs/work3/0/prjs0839/data/UVG_CWI_DQPC/UVG-CWI-DQPC/Mannequin/cg/15fps/Mannequin_UVG-CWI-DQPC_CG_15_0_187_0140.ply,/gpfs/work3/0/prjs0839/data/UVG_CWI_DQPC/UVG-CWI-DQPC/Mannequin/he/15fps/Mannequin_UVG-CWI-DQPC_HE_15_0_187_0140.ply,188,188,188,188,0,0
Mannequin,0141,/gpfs/work3/0/prjs0839/data/UVG_CWI_DQPC/UVG-CWI-DQPC/Mannequin/cg/15fps/Mannequin_UVG-CWI-DQPC_CG_15_0_187_0141.ply,/gpfs/work3/0/prjs0839/data/UVG_CWI_DQPC/UVG-CWI-DQPC/Mannequin/he/15fps/Mannequin_UVG-CWI-DQPC_HE_15_0_187_0141.ply,188,188,188,188,0,0
Mannequin,0142,/gpfs/work3/0/prjs0839/data/UVG_CWI_DQPC/UVG-CWI-DQPC/Mannequin/cg/15fps/Mannequin_UVG-CWI-DQPC_CG_15_0_187_0142.ply,/gpfs/work3/0/prjs0839/data/UVG_CWI_DQPC/UVG-CWI-DQPC/Mannequin/he/15fps/Mannequin_UVG-CWI-DQPC_HE_15_0_187_0142.ply,188,188,188,188,0,0
Mannequin,0143,/gpfs/work3/0/prjs0839/data/UVG_CWI_DQPC/UVG-CWI-DQPC/Mannequin/cg/15fps/Mannequin_UVG-CWI-DQPC_CG_15_0_187_0143.ply,/gpfs/work3/0/prjs0839/data/UVG_CWI_DQPC/UVG-CWI-DQPC/Mannequin/he/15fps/Mannequin_UVG-CWI-DQPC_HE_15_0_187_0143.ply,188,188,188,188,0,0
Mannequin,0144,/gpfs/work3/0/prjs0839/data/UVG_CWI_DQPC/UVG-CWI-DQPC/Mannequin/cg/15fps/Mannequin_UVG-CWI-DQPC_CG_15_0_187_0144.ply,/gpfs/work3/0/prjs0839/data/UVG_CWI_DQPC/UVG-CWI-DQPC/Mannequin/he/15fps/Mannequin_UVG-CWI-DQPC_HE_15_0_187_0144.ply,188,188,188,188,0,0
Mannequin,0145,/gpfs/work3/0/prjs0839/data/UVG_CWI_DQPC/UVG-CWI-DQPC/Mannequin/cg/15fps/Mannequin_UVG-CWI-DQPC_CG_15_0_187_0145.ply,/gpfs/work3/0/prjs0839/data/UVG_CWI_DQPC/UVG-CWI-DQPC/Mannequin/he/15fps/Mannequin_UVG-CWI-DQPC_HE_15_0_187_0145.ply,188,188,188,188,0,0
Mannequin,0146,/gpfs/work3/0/prjs0839/data/UVG_CWI_DQPC/UVG-CWI-DQPC/Mannequin/cg/15fps/Mannequin_UVG-CWI-DQPC_CG_15_0_187_0146.ply,/gpfs/work3/0/prjs0839/data/UVG_CWI_DQPC/UVG-CWI-DQPC/Mannequin/he/15fps/Mannequin_UVG-CWI-DQPC_HE_15_0_187_0146.ply,188,188,188,188,0,0
Mannequin,0147,/gpfs/work3/0/prjs0839/data/UVG_CWI_DQPC/UVG-CWI-DQPC/Mannequin/cg/15fps/Mannequin_UVG-CWI-DQPC_CG_15_0_187_0147.ply,/gpfs/work3/0/prjs0839/data/UVG_CWI_DQPC/UVG-CWI-DQPC/Mannequin/he/15fps/Mannequin_UVG-CWI-DQPC_HE_15_0_187_0147.ply,188,188,188,188,0,0
Mannequin,0148,/gpfs/work3/0/prjs0839/data/UVG_CWI_DQPC/UVG-CWI-DQPC/Mannequin/cg/15fps/Mannequin_UVG-CWI-DQPC_CG_15_0_187_0148.ply,/gpfs/work3/0/prjs0839/data/UVG_CWI_DQPC/UVG-CWI-DQPC/Mannequin/he/15fps/Mannequin_UVG-CWI-DQPC_HE_15_0_187_0148.ply,188,188,188,188,0,0
Mannequin,0149,/gpfs/work3/0/prjs0839/data/UVG_CWI_DQPC/UVG-CWI-DQPC/Mannequin/cg/15fps/Mannequin_UVG-CWI-DQPC_CG_15_0_187_0149.ply,/gpfs/work3/0/prjs0839/data/UVG_CWI_DQPC/UVG-CWI-DQPC/Mannequin/he/15fps/Mannequin_UVG-CWI-DQPC_HE_15_0_187_0149.ply,188,188,188,188,0,0
Mannequin,0150,/gpfs/work3/0/prjs0839/data/UVG_CWI_DQPC/UVG-CWI-DQPC/Mannequin/cg/15fps/Mannequin_UVG-CWI-DQPC_CG_15_0_187_0150.ply,/gpfs/work3/0/prjs0839/data/UVG_CWI_DQPC/UVG-CWI-DQPC/Mannequin/he/15fps/Mannequin_UVG-CWI-DQPC_HE_15_0_187_0150.ply,188,188,188,188,0,0
Mannequin,0151,/gpfs/work3/0/prjs0839/data/UVG_CWI_DQPC/UVG-CWI-DQPC/Mannequin/cg/15fps/Mannequin_UVG-CWI-DQPC_CG_15_0_187_0151.ply,/gpfs/work3/0/prjs0839/data/UVG_CWI_DQPC/UVG-CWI-DQPC/Mannequin/he/15fps/Mannequin_UVG-CWI-DQPC_HE_15_0_187_0151.ply,188,188,188,188,0,0
Mannequin,0152,/gpfs/work3/0/prjs0839/data/UVG_CWI_DQPC/UVG-CWI-DQPC/Mannequin/cg/15fps/Mannequin_UVG-CWI-DQPC_CG_15_0_187_0152.ply,/gpfs/work3/0/prjs0839/data/UVG_CWI_DQPC/UVG-CWI-DQPC/Mannequin/he/15fps/Mannequin_UVG-CWI-DQPC_HE_15_0_187_0152.ply,188,188,188,188,0,0
Mannequin,0153,/gpfs/work3/0/prjs0839/data/UVG_CWI_DQPC/UVG-CWI-DQPC/Mannequin/cg/15fps/Mannequin_UVG-CWI-DQPC_CG_15_0_187_0153.ply,/gpfs/work3/0/prjs0839/data/UVG_CWI_DQPC/UVG-CWI-DQPC/Mannequin/he/15fps/Mannequin_UVG-CWI-DQPC_HE_15_0_187_0153.ply,188,188,188,188,0,0
Mannequin,0154,/gpfs/work3/0/prjs0839/data/UVG_CWI_DQPC/UVG-CWI-DQPC/Mannequin/cg/15fps/Mannequin_UVG-CWI-DQPC_CG_15_0_187_0154.ply,/gpfs/work3/0/prjs0839/data/UVG_CWI_DQPC/UVG-CWI-DQPC/Mannequin/he/15fps/Mannequin_UVG-CWI-DQPC_HE_15_0_187_0154.ply,188,188,188,188,0,0
Mannequin,0155,/gpfs/work3/0/prjs0839/data/UVG_CWI_DQPC/UVG-CWI-DQPC/Mannequin/cg/15fps/Mannequin_UVG-CWI-DQPC_CG_15_0_187_0155.ply,/gpfs/work3/0/prjs0839/data/UVG_CWI_DQPC/UVG-CWI-DQPC/Mannequin/he/15fps/Mannequin_UVG-CWI-DQPC_HE_15_0_187_0155.ply,188,188,188,188,0,0
Mannequin,0156,/gpfs/work3/0/prjs0839/data/UVG_CWI_DQPC/UVG-CWI-DQPC/Mannequin/cg/15fps/Mannequin_UVG-CWI-DQPC_CG_15_0_187_0156.ply,/gpfs/work3/0/prjs0839/data/UVG_CWI_DQPC/UVG-CWI-DQPC/Mannequin/he/15fps/Mannequin_UVG-CWI-DQPC_HE_15_0_187_0156.ply,188,188,188,188,0,0
Mannequin,0157,/gpfs/work3/0/prjs0839/data/UVG_CWI_DQPC/UVG-CWI-DQPC/Mannequin/cg/15fps/Mannequin_UVG-CWI-DQPC_CG_15_0_187_0157.ply,/gpfs/work3/0/prjs0839/data/UVG_CWI_DQPC/UVG-CWI-DQPC/Mannequin/he/15fps/Mannequin_UVG-CWI-DQPC_HE_15_0_187_0157.ply,188,188,188,188,0,0
Mannequin,0158,/gpfs/work3/0/prjs0839/data/UVG_CWI_DQPC/UVG-CWI-DQPC/Mannequin/cg/15fps/Mannequin_UVG-CWI-DQPC_CG_15_0_187_0158.ply,/gpfs/work3/0/prjs0839/data/UVG_CWI_DQPC/UVG-CWI-DQPC/Mannequin/he/15fps/Mannequin_UVG-CWI-DQPC_HE_15_0_187_0158.ply,188,188,188,188,0,0
Mannequin,0159,/gpfs/work3/0/prjs0839/data/UVG_CWI_DQPC/UVG-CWI-DQPC/Mannequin/cg/15fps/Mannequin_UVG-CWI-DQPC_CG_15_0_187_0159.ply,/gpfs/work3/0/prjs0839/data/UVG_CWI_DQPC/UVG-CWI-DQPC/Mannequin/he/15fps/Mannequin_UVG-CWI-DQPC_HE_15_0_187_0159.ply,188,188,188,188,0,0
Mannequin,0160,/gpfs/work3/0/prjs0839/data/UVG_CWI_DQPC/UVG-CWI-DQPC/Mannequin/cg/15fps/Mannequin_UVG-CWI-DQPC_CG_15_0_187_0160.ply,/gpfs/work3/0/prjs0839/data/UVG_CWI_DQPC/UVG-CWI-DQPC/Mannequin/he/15fps/Mannequin_UVG-CWI-DQPC_HE_15_0_187_0160.ply,188,188,188,188,0,0
Mannequin,0161,/gpfs/work3/0/prjs0839/data/UVG_CWI_DQPC/UVG-CWI-DQPC/Mannequin/cg/15fps/Mannequin_UVG-CWI-DQPC_CG_15_0_187_0161.ply,/gpfs/work3/0/prjs0839/data/UVG_CWI_DQPC/UVG-CWI-DQPC/Mannequin/he/15fps/Mannequin_UVG-CWI-DQPC_HE_15_0_187_0161.ply,188,188,188,188,0,0
Mannequin,0162,/gpfs/work3/0/prjs0839/data/UVG_CWI_DQPC/UVG-CWI-DQPC/Mannequin/cg/15fps/Mannequin_UVG-CWI-DQPC_CG_15_0_187_0162.ply,/gpfs/work3/0/prjs0839/data/UVG_CWI_DQPC/UVG-CWI-DQPC/Mannequin/he/15fps/Mannequin_UVG-CWI-DQPC_HE_15_0_187_0162.ply,188,188,188,188,0,0
Mannequin,0163,/gpfs/work3/0/prjs0839/data/UVG_CWI_DQPC/UVG-CWI-DQPC/Mannequin/cg/15fps/Mannequin_UVG-CWI-DQPC_CG_15_0_187_0163.ply,/gpfs/work3/0/prjs0839/data/UVG_CWI_DQPC/UVG-CWI-DQPC/Mannequin/he/15fps/Mannequin_UVG-CWI-DQPC_HE_15_0_187_0163.ply,188,188,188,188,0,0
Mannequin,0164,/gpfs/work3/0/prjs0839/data/UVG_CWI_DQPC/UVG-CWI-DQPC/Mannequin/cg/15fps/Mannequin_UVG-CWI-DQPC_CG_15_0_187_0164.ply,/gpfs/work3/0/prjs0839/data/UVG_CWI_DQPC/UVG-CWI-DQPC/Mannequin/he/15fps/Mannequin_UVG-CWI-DQPC_HE_15_0_187_0164.ply,188,188,188,188,0,0
Mannequin,0165,/gpfs/work3/0/prjs0839/data/UVG_CWI_DQPC/UVG-CWI-DQPC/Mannequin/cg/15fps/Mannequin_UVG-CWI-DQPC_CG_15_0_187_0165.ply,/gpfs/work3/0/prjs0839/data/UVG_CWI_DQPC/UVG-CWI-DQPC/Mannequin/he/15fps/Mannequin_UVG-CWI-DQPC_HE_15_0_187_0165.ply,188,188,188,188,0,0
Mannequin,0166,/gpfs/work3/0/prjs0839/data/UVG_CWI_DQPC/UVG-CWI-DQPC/Mannequin/cg/15fps/Mannequin_UVG-CWI-DQPC_CG_15_0_187_0166.ply,/gpfs/work3/0/prjs0839/data/UVG_CWI_DQPC/UVG-CWI-DQPC/Mannequin/he/15fps/Mannequin_UVG-CWI-DQPC_HE_15_0_187_0166.ply,188,188,188,188,0,0
Mannequin,0167,/gpfs/work3/0/prjs0839/data/UVG_CWI_DQPC/UVG-CWI-DQPC/Mannequin/cg/15fps/Mannequin_UVG-CWI-DQPC_CG_15_0_187_0167.ply,/gpfs/work3/0/prjs0839/data/UVG_CWI_DQPC/UVG-CWI-DQPC/Mannequin/he/15fps/Mannequin_UVG-CWI-DQPC_HE_15_0_187_0167.ply,188,188,188,188,0,0
Mannequin,0168,/gpfs/work3/0/prjs0839/data/UVG_CWI_DQPC/UVG-CWI-DQPC/Mannequin/cg/15fps/Mannequin_UVG-CWI-DQPC_CG_15_0_187_0168.ply,/gpfs/work3/0/prjs0839/data/UVG_CWI_DQPC/UVG-CWI-DQPC/Mannequin/he/15fps/Mannequin_UVG-CWI-DQPC_HE_15_0_187_0168.ply,188,188,188,188,0,0
Mannequin,0169,/gpfs/work3/0/prjs0839/data/UVG_CWI_DQPC/UVG-CWI-DQPC/Mannequin/cg/15fps/Mannequin_UVG-CWI-DQPC_CG_15_0_187_0169.ply,/gpfs/work3/0/prjs0839/data/UVG_CWI_DQPC/UVG-CWI-DQPC/Mannequin/he/15fps/Mannequin_UVG-CWI-DQPC_HE_15_0_187_0169.ply,188,188,188,188,0,0
Mannequin,0170,/gpfs/work3/0/prjs0839/data/UVG_CWI_DQPC/UVG-CWI-DQPC/Mannequin/cg/15fps/Mannequin_UVG-CWI-DQPC_CG_15_0_187_0170.ply,/gpfs/work3/0/prjs0839/data/UVG_CWI_DQPC/UVG-CWI-DQPC/Mannequin/he/15fps/Mannequin_UVG-CWI-DQPC_HE_15_0_187_0170.ply,188,188,188,188,0,0
Mannequin,0171,/gpfs/work3/0/prjs0839/data/UVG_CWI_DQPC/UVG-CWI-DQPC/Mannequin/cg/15fps/Mannequin_UVG-CWI-DQPC_CG_15_0_187_0171.ply,/gpfs/work3/0/prjs0839/data/UVG_CWI_DQPC/UVG-CWI-DQPC/Mannequin/he/15fps/Mannequin_UVG-CWI-DQPC_HE_15_0_187_0171.ply,188,188,188,188,0,0
Mannequin,0172,/gpfs/work3/0/prjs0839/data/UVG_CWI_DQPC/UVG-CWI-DQPC/Mannequin/cg/15fps/Mannequin_UVG-CWI-DQPC_CG_15_0_187_0172.ply,/gpfs/work3/0/prjs0839/data/UVG_CWI_DQPC/UVG-CWI-DQPC/Mannequin/he/15fps/Mannequin_UVG-CWI-DQPC_HE_15_0_187_0172.ply,188,188,188,188,0,0
Mannequin,0173,/gpfs/work3/0/prjs0839/data/UVG_CWI_DQPC/UVG-CWI-DQPC/Mannequin/cg/15fps/Mannequin_UVG-CWI-DQPC_CG_15_0_187_0173.ply,/gpfs/work3/0/prjs0839/data/UVG_CWI_DQPC/UVG-CWI-DQPC/Mannequin/he/15fps/Mannequin_UVG-CWI-DQPC_HE_15_0_187_0173.ply,188,188,188,188,0,0
Mannequin,0174,/gpfs/work3/0/prjs0839/data/UVG_CWI_DQPC/UVG-CWI-DQPC/Mannequin/cg/15fps/Mannequin_UVG-CWI-DQPC_CG_15_0_187_0174.ply,/gpfs/work3/0/prjs0839/data/UVG_CWI_DQPC/UVG-CWI-DQPC/Mannequin/he/15fps/Mannequin_UVG-CWI-DQPC_HE_15_0_187_0174.ply,188,188,188,188,0,0
Mannequin,0175,/gpfs/work3/0/prjs0839/data/UVG_CWI_DQPC/UVG-CWI-DQPC/Mannequin/cg/15fps/Mannequin_UVG-CWI-DQPC_CG_15_0_187_0175.ply,/gpfs/work3/0/prjs0839/data/UVG_CWI_DQPC/UVG-CWI-DQPC/Mannequin/he/15fps/Mannequin_UVG-CWI-DQPC_HE_15_0_187_0175.ply,188,188,188,188,0,0
Mannequin,0176,/gpfs/work3/0/prjs0839/data/UVG_CWI_DQPC/UVG-CWI-DQPC/Mannequin/cg/15fps/Mannequin_UVG-CWI-DQPC_CG_15_0_187_0176.ply,/gpfs/work3/0/prjs0839/data/UVG_CWI_DQPC/UVG-CWI-DQPC/Mannequin/he/15fps/Mannequin_UVG-CWI-DQPC_HE_15_0_187_0176.ply,188,188,188,188,0,0
Mannequin,0177,/gpfs/work3/0/prjs0839/data/UVG_CWI_DQPC/UVG-CWI-DQPC/Mannequin/cg/15fps/Mannequin_UVG-CWI-DQPC_CG_15_0_187_0177.ply,/gpfs/work3/0/prjs0839/data/UVG_CWI_DQPC/UVG-CWI-DQPC/Mannequin/he/15fps/Mannequin_UVG-CWI-DQPC_HE_15_0_187_0177.ply,188,188,188,188,0,0
Mannequin,0178,/gpfs/work3/0/prjs0839/data/UVG_CWI_DQPC/UVG-CWI-DQPC/Mannequin/cg/15fps/Mannequin_UVG-CWI-DQPC_CG_15_0_187_0178.ply,/gpfs/work3/0/prjs0839/data/UVG_CWI_DQPC/UVG-CWI-DQPC/Mannequin/he/15fps/Mannequin_UVG-CWI-DQPC_HE_15_0_187_0178.ply,188,188,188,188,0,0
Mannequin,0179,/gpfs/work3/0/prjs0839/data/UVG_CWI_DQPC/UVG-CWI-DQPC/Mannequin/cg/15fps/Mannequin_UVG-CWI-DQPC_CG_15_0_187_0179.ply,/gpfs/work3/0/prjs0839/data/UVG_CWI_DQPC/UVG-CWI-DQPC/Mannequin/he/15fps/Mannequin_UVG-CWI-DQPC_HE_15_0_187_0179.ply,188,188,188,188,0,0
Mannequin,0180,/gpfs/work3/0/prjs0839/data/UVG_CWI_DQPC/UVG-CWI-DQPC/Mannequin/cg/15fps/Mannequin_UVG-CWI-DQPC_CG_15_0_187_0180.ply,/gpfs/work3/0/prjs0839/data/UVG_CWI_DQPC/UVG-CWI-DQPC/Mannequin/he/15fps/Mannequin_UVG-CWI-DQPC_HE_15_0_187_0180.ply,188,188,188,188,0,0
Mannequin,0181,/gpfs/work3/0/prjs0839/data/UVG_CWI_DQPC/UVG-CWI-DQPC/Mannequin/cg/15fps/Mannequin_UVG-CWI-DQPC_CG_15_0_187_0181.ply,/gpfs/work3/0/prjs0839/data/UVG_CWI_DQPC/UVG-CWI-DQPC/Mannequin/he/15fps/Mannequin_UVG-CWI-DQPC_HE_15_0_187_0181.ply,188,188,188,188,0,0
Mannequin,0182,/gpfs/work3/0/prjs0839/data/UVG_CWI_DQPC/UVG-CWI-DQPC/Mannequin/cg/15fps/Mannequin_UVG-CWI-DQPC_CG_15_0_187_0182.ply,/gpfs/work3/0/prjs0839/data/UVG_CWI_DQPC/UVG-CWI-DQPC/Mannequin/he/15fps/Mannequin_UVG-CWI-DQPC_HE_15_0_187_0182.ply,188,188,188,188,0,0
Mannequin,0183,/gpfs/work3/0/prjs0839/data/UVG_CWI_DQPC/UVG-CWI-DQPC/Mannequin/cg/15fps/Mannequin_UVG-CWI-DQPC_CG_15_0_187_0183.ply,/gpfs/work3/0/prjs0839/data/UVG_CWI_DQPC/UVG-CWI-DQPC/Mannequin/he/15fps/Mannequin_UVG-CWI-DQPC_HE_15_0_187_0183.ply,188,188,188,188,0,0
Mannequin,0184,/gpfs/work3/0/prjs0839/data/UVG_CWI_DQPC/UVG-CWI-DQPC/Mannequin/cg/15fps/Mannequin_UVG-CWI-DQPC_CG_15_0_187_0184.ply,/gpfs/work3/0/prjs0839/data/UVG_CWI_DQPC/UVG-CWI-DQPC/Mannequin/he/15fps/Mannequin_UVG-CWI-DQPC_HE_15_0_187_0184.ply,188,188,188,188,0,0
Mannequin,0185,/gpfs/work3/0/prjs0839/data/UVG_CWI_DQPC/UVG-CWI-DQPC/Mannequin/cg/15fps/Mannequin_UVG-CWI-DQPC_CG_15_0_187_0185.ply,/gpfs/work3/0/prjs0839/data/UVG_CWI_DQPC/UVG-CWI-DQPC/Mannequin/he/15fps/Mannequin_UVG-CWI-DQPC_HE_15_0_187_0185.ply,188,188,188,188,0,0
Mannequin,0186,/gpfs/work3/0/prjs0839/data/UVG_CWI_DQPC/UVG-CWI-DQPC/Mannequin/cg/15fps/Mannequin_UVG-CWI-DQPC_CG_15_0_187_0186.ply,/gpfs/work3/0/prjs0839/data/UVG_CWI_DQPC/UVG-CWI-DQPC/Mannequin/he/15fps/Mannequin_UVG-CWI-DQPC_HE_15_0_187_0186.ply,188,188,188,188,0,0
Mannequin,0187,/gpfs/work3/0/prjs0839/data/UVG_CWI_DQPC/UVG-CWI-DQPC/Mannequin/cg/15fps/Mannequin_UVG-CWI-DQPC_CG_15_0_187_0187.ply,/gpfs/work3/0/prjs0839/data/UVG_CWI_DQPC/UVG-CWI-DQPC/Mannequin/he/15fps/Mannequin_UVG-CWI-DQPC_HE_15_0_187_0187.ply,188,188,188,188,0,0
OrangeKettlebell,0000,/gpfs/work3/0/prjs0839/data/UVG_CWI_DQPC/UVG-CWI-DQPC/OrangeKettlebell/cg/15fps/OrangeKettlebell_UVG-CWI-DQPC_CG_15_0_169_0000.ply,/gpfs/work3/0/prjs0839/data/UVG_CWI_DQPC/UVG-CWI-DQPC/OrangeKettlebell/he/15fps/OrangeKettlebell_UVG-CWI-DQPC_HE_15_0_169_0000.ply,170,170,170,170,0,0
OrangeKettlebell,0001,/gpfs/work3/0/prjs0839/data/UVG_CWI_DQPC/UVG-CWI-DQPC/OrangeKettlebell/cg/15fps/OrangeKettlebell_UVG-CWI-DQPC_CG_15_0_169_0001.ply,/gpfs/work3/0/prjs0839/data/UVG_CWI_DQPC/UVG-CWI-DQPC/OrangeKettlebell/he/15fps/OrangeKettlebell_UVG-CWI-DQPC_HE_15_0_169_0001.ply,170,170,170,170,0,0
OrangeKettlebell,0002,/gpfs/work3/0/prjs0839/data/UVG_CWI_DQPC/UVG-CWI-DQPC/OrangeKettlebell/cg/15fps/OrangeKettlebell_UVG-CWI-DQPC_CG_15_0_169_0002.ply,/gpfs/work3/0/prjs0839/data/UVG_CWI_DQPC/UVG-CWI-DQPC/OrangeKettlebell/he/15fps/OrangeKettlebell_UVG-CWI-DQPC_HE_15_0_169_0002.ply,170,170,170,170,0,0
OrangeKettlebell,0003,/gpfs/work3/0/prjs0839/data/UVG_CWI_DQPC/UVG-CWI-DQPC/OrangeKettlebell/cg/15fps/OrangeKettlebell_UVG-CWI-DQPC_CG_15_0_169_0003.ply,/gpfs/work3/0/prjs0839/data/UVG_CWI_DQPC/UVG-CWI-DQPC/OrangeKettlebell/he/15fps/OrangeKettlebell_UVG-CWI-DQPC_HE_15_0_169_0003.ply,170,170,170,170,0,0
OrangeKettlebell,0004,/gpfs/work3/0/prjs0839/data/UVG_CWI_DQPC/UVG-CWI-DQPC/OrangeKettlebell/cg/15fps/OrangeKettlebell_UVG-CWI-DQPC_CG_15_0_169_0004.ply,/gpfs/work3/0/prjs0839/data/UVG_CWI_DQPC/UVG-CWI-DQPC/OrangeKettlebell/he/15fps/OrangeKettlebell_UVG-CWI-DQPC_HE_15_0_169_0004.ply,170,170,170,170,0,0
OrangeKettlebell,0005,/gpfs/work3/0/prjs0839/data/UVG_CWI_DQPC/UVG-CWI-DQPC/OrangeKettlebell/cg/15fps/OrangeKettlebell_UVG-CWI-DQPC_CG_15_0_169_0005.ply,/gpfs/work3/0/prjs0839/data/UVG_CWI_DQPC/UVG-CWI-DQPC/OrangeKettlebell/he/15fps/OrangeKettlebell_UVG-CWI-DQPC_HE_15_0_169_0005.ply,170,170,170,170,0,0
OrangeKettlebell,0006,/gpfs/work3/0/prjs0839/data/UVG_CWI_DQPC/UVG-CWI-DQPC/OrangeKettlebell/cg/15fps/OrangeKettlebell_UVG-CWI-DQPC_CG_15_0_169_0006.ply,/gpfs/work3/0/prjs0839/data/UVG_CWI_DQPC/UVG-CWI-DQPC/OrangeKettlebell/he/15fps/OrangeKettlebell_UVG-CWI-DQPC_HE_15_0_169_0006.ply,170,170,170,170,0,0
OrangeKettlebell,0007,/gpfs/work3/0/prjs0839/data/UVG_CWI_DQPC/UVG-CWI-DQPC/OrangeKettlebell/cg/15fps/OrangeKettlebell_UVG-CWI-DQPC_CG_15_0_169_0007.ply,/gpfs/work3/0/prjs0839/data/UVG_CWI_DQPC/UVG-CWI-DQPC/OrangeKettlebell/he/15fps/OrangeKettlebell_UVG-CWI-DQPC_HE_15_0_169_0007.ply,170,170,170,170,0,0
OrangeKettlebell,0008,/gpfs/work3/0/prjs0839/data/UVG_CWI_DQPC/UVG-CWI-DQPC/OrangeKettlebell/cg/15fps/OrangeKettlebell_UVG-CWI-DQPC_CG_15_0_169_0008.ply,/gpfs/work3/0/prjs0839/data/UVG_CWI_DQPC/UVG-CWI-DQPC/OrangeKettlebell/he/15fps/OrangeKettlebell_UVG-CWI-DQPC_HE_15_0_169_0008.ply,170,170,170,170,0,0
OrangeKettlebell,0009,/gpfs/work3/0/prjs0839/data/UVG_CWI_DQPC/UVG-CWI-DQPC/OrangeKettlebell/cg/15fps/OrangeKettlebell_UVG-CWI-DQPC_CG_15_0_169_0009.ply,/gpfs/work3/0/prjs0839/data/UVG_CWI_DQPC/UVG-CWI-DQPC/OrangeKettlebell/he/15fps/OrangeKettlebell_UVG-CWI-DQPC_HE_15_0_169_0009.ply,170,170,170,170,0,0
OrangeKettlebell,0010,/gpfs/work3/0/prjs0839/data/UVG_CWI_DQPC/UVG-CWI-DQPC/OrangeKettlebell/cg/15fps/OrangeKettlebell_UVG-CWI-DQPC_CG_15_0_169_0010.ply,/gpfs/work3/0/prjs0839/data/UVG_CWI_DQPC/UVG-CWI-DQPC/OrangeKettlebell/he/15fps/OrangeKettlebell_UVG-CWI-DQPC_HE_15_0_169_0010.ply,170,170,170,170,0,0
OrangeKettlebell,0011,/gpfs/work3/0/prjs0839/data/UVG_CWI_DQPC/UVG-CWI-DQPC/OrangeKettlebell/cg/15fps/OrangeKettlebell_UVG-CWI-DQPC_CG_15_0_169_0011.ply,/gpfs/work3/0/prjs0839/data/UVG_CWI_DQPC/UVG-CWI-DQPC/OrangeKettlebell/he/15fps/OrangeKettlebell_UVG-CWI-DQPC_HE_15_0_169_0011.ply,170,170,170,170,0,0
OrangeKettlebell,0012,/gpfs/work3/0/prjs0839/data/UVG_CWI_DQPC/UVG-CWI-DQPC/OrangeKettlebell/cg/15fps/OrangeKettlebell_UVG-CWI-DQPC_CG_15_0_169_0012.ply,/gpfs/work3/0/prjs0839/data/UVG_CWI_DQPC/UVG-CWI-DQPC/OrangeKettlebell/he/15fps/OrangeKettlebell_UVG-CWI-DQPC_HE_15_0_169_0012.ply,170,170,170,170,0,0
OrangeKettlebell,0013,/gpfs/work3/0/prjs0839/data/UVG_CWI_DQPC/UVG-CWI-DQPC/OrangeKettlebell/cg/15fps/OrangeKettlebell_UVG-CWI-DQPC_CG_15_0_169_0013.ply,/gpfs/work3/0/prjs0839/data/UVG_CWI_DQPC/UVG-CWI-DQPC/OrangeKettlebell/he/15fps/OrangeKettlebell_UVG-CWI-DQPC_HE_15_0_169_0013.ply,170,170,170,170,0,0
OrangeKettlebell,0014,/gpfs/work3/0/prjs0839/data/UVG_CWI_DQPC/UVG-CWI-DQPC/OrangeKettlebell/cg/15fps/OrangeKettlebell_UVG-CWI-DQPC_CG_15_0_169_0014.ply,/gpfs/work3/0/prjs0839/data/UVG_CWI_DQPC/UVG-CWI-DQPC/OrangeKettlebell/he/15fps/OrangeKettlebell_UVG-CWI-DQPC_HE_15_0_169_0014.ply,170,170,170,170,0,0
OrangeKettlebell,0015,/gpfs/work3/0/prjs0839/data/UVG_CWI_DQPC/UVG-CWI-DQPC/OrangeKettlebell/cg/15fps/OrangeKettlebell_UVG-CWI-DQPC_CG_15_0_169_0015.ply,/gpfs/work3/0/prjs0839/data/UVG_CWI_DQPC/UVG-CWI-DQPC/OrangeKettlebell/he/15fps/OrangeKettlebell_UVG-CWI-DQPC_HE_15_0_169_0015.ply,170,170,170,170,0,0
OrangeKettlebell,0016,/gpfs/work3/0/prjs0839/data/UVG_CWI_DQPC/UVG-CWI-DQPC/OrangeKettlebell/cg/15fps/OrangeKettlebell_UVG-CWI-DQPC_CG_15_0_169_0016.ply,/gpfs/work3/0/prjs0839/data/UVG_CWI_DQPC/UVG-CWI-DQPC/OrangeKettlebell/he/15fps/OrangeKettlebell_UVG-CWI-DQPC_HE_15_0_169_0016.ply,170,170,170,170,0,0
OrangeKettlebell,0017,/gpfs/work3/0/prjs0839/data/UVG_CWI_DQPC/UVG-CWI-DQPC/OrangeKettlebell/cg/15fps/OrangeKettlebell_UVG-CWI-DQPC_CG_15_0_169_0017.ply,/gpfs/work3/0/prjs0839/data/UVG_CWI_DQPC/UVG-CWI-DQPC/OrangeKettlebell/he/15fps/OrangeKettlebell_UVG-CWI-DQPC_HE_15_0_169_0017.ply,170,170,170,170,0,0
OrangeKettlebell,0018,/gpfs/work3/0/prjs0839/data/UVG_CWI_DQPC/UVG-CWI-DQPC/OrangeKettlebell/cg/15fps/OrangeKettlebell_UVG-CWI-DQPC_CG_15_0_169_0018.ply,/gpfs/work3/0/prjs0839/data/UVG_CWI_DQPC/UVG-CWI-DQPC/OrangeKettlebell/he/15fps/OrangeKettlebell_UVG-CWI-DQPC_HE_15_0_169_0018.ply,170,170,170,170,0,0
OrangeKettlebell,0019,/gpfs/work3/0/prjs0839/data/UVG_CWI_DQPC/UVG-CWI-DQPC/OrangeKettlebell/cg/15fps/OrangeKettlebell_UVG-CWI-DQPC_CG_15_0_169_0019.ply,/gpfs/work3/0/prjs0839/data/UVG_CWI_DQPC/UVG-CWI-DQPC/OrangeKettlebell/he/15fps/OrangeKettlebell_UVG-CWI-DQPC_HE_15_0_169_0019.ply,170,170,170,170,0,0
OrangeKettlebell,0020,/gpfs/work3/0/prjs0839/data/UVG_CWI_DQPC/UVG-CWI-DQPC/OrangeKettlebell/cg/15fps/OrangeKettlebell_UVG-CWI-DQPC_CG_15_0_169_0020.ply,/gpfs/work3/0/prjs0839/data/UVG_CWI_DQPC/UVG-CWI-DQPC/OrangeKettlebell/he/15fps/OrangeKettlebell_UVG-CWI-DQPC_HE_15_0_169_0020.ply,170,170,170,170,0,0
OrangeKettlebell,0021,/gpfs/work3/0/prjs0839/data/UVG_CWI_DQPC/UVG-CWI-DQPC/OrangeKettlebell/cg/15fps/OrangeKettlebell_UVG-CWI-DQPC_CG_15_0_169_0021.ply,/gpfs/work3/0/prjs0839/data/UVG_CWI_DQPC/UVG-CWI-DQPC/OrangeKettlebell/he/15fps/OrangeKettlebell_UVG-CWI-DQPC_HE_15_0_169_0021.ply,170,170,170,170,0,0
OrangeKettlebell,0022,/gpfs/work3/0/prjs0839/data/UVG_CWI_DQPC/UVG-CWI-DQPC/OrangeKettlebell/cg/15fps/OrangeKettlebell_UVG-CWI-DQPC_CG_15_0_169_0022.ply,/gpfs/work3/0/prjs0839/data/UVG_CWI_DQPC/UVG-CWI-DQPC/OrangeKettlebell/he/15fps/OrangeKettlebell_UVG-CWI-DQPC_HE_15_0_169_0022.ply,170,170,170,170,0,0
OrangeKettlebell,0023,/gpfs/work3/0/prjs0839/data/UVG_CWI_DQPC/UVG-CWI-DQPC/OrangeKettlebell/cg/15fps/OrangeKettlebell_UVG-CWI-DQPC_CG_15_0_169_0023.ply,/gpfs/work3/0/prjs0839/data/UVG_CWI_DQPC/UVG-CWI-DQPC/OrangeKettlebell/he/15fps/OrangeKettlebell_UVG-CWI-DQPC_HE_15_0_169_0023.ply,170,170,170,170,0,0
OrangeKettlebell,0024,/gpfs/work3/0/prjs0839/data/UVG_CWI_DQPC/UVG-CWI-DQPC/OrangeKettlebell/cg/15fps/OrangeKettlebell_UVG-CWI-DQPC_CG_15_0_169_0024.ply,/gpfs/work3/0/prjs0839/data/UVG_CWI_DQPC/UVG-CWI-DQPC/OrangeKettlebell/he/15fps/OrangeKettlebell_UVG-CWI-DQPC_HE_15_0_169_0024.ply,170,170,170,170,0,0
OrangeKettlebell,0025,/gpfs/work3/0/prjs0839/data/UVG_CWI_DQPC/UVG-CWI-DQPC/OrangeKettlebell/cg/15fps/OrangeKettlebell_UVG-CWI-DQPC_CG_15_0_169_0025.ply,/gpfs/work3/0/prjs0839/data/UVG_CWI_DQPC/UVG-CWI-DQPC/OrangeKettlebell/he/15fps/OrangeKettlebell_UVG-CWI-DQPC_HE_15_0_169_0025.ply,170,170,170,170,0,0
OrangeKettlebell,0026,/gpfs/work3/0/prjs0839/data/UVG_CWI_DQPC/UVG-CWI-DQPC/OrangeKettlebell/cg/15fps/OrangeKettlebell_UVG-CWI-DQPC_CG_15_0_169_0026.ply,/gpfs/work3/0/prjs0839/data/UVG_CWI_DQPC/UVG-CWI-DQPC/OrangeKettlebell/he/15fps/OrangeKettlebell_UVG-CWI-DQPC_HE_15_0_169_0026.ply,170,170,170,170,0,0
OrangeKettlebell,0027,/gpfs/work3/0/prjs0839/data/UVG_CWI_DQPC/UVG-CWI-DQPC/OrangeKettlebell/cg/15fps/OrangeKettlebell_UVG-CWI-DQPC_CG_15_0_169_0027.ply,/gpfs/work3/0/prjs0839/data/UVG_CWI_DQPC/UVG-CWI-DQPC/OrangeKettlebell/he/15fps/OrangeKettlebell_UVG-CWI-DQPC_HE_15_0_169_0027.ply,170,170,170,170,0,0
OrangeKettlebell,0028,/gpfs/work3/0/prjs0839/data/UVG_CWI_DQPC/UVG-CWI-DQPC/OrangeKettlebell/cg/15fps/OrangeKettlebell_UVG-CWI-DQPC_CG_15_0_169_0028.ply,/gpfs/work3/0/prjs0839/data/UVG_CWI_DQPC/UVG-CWI-DQPC/OrangeKettlebell/he/15fps/OrangeKettlebell_UVG-CWI-DQPC_HE_15_0_169_0028.ply,170,170,170,170,0,0
OrangeKettlebell,0029,/gpfs/work3/0/prjs0839/data/UVG_CWI_DQPC/UVG-CWI-DQPC/OrangeKettlebell/cg/15fps/OrangeKettlebell_UVG-CWI-DQPC_CG_15_0_169_0029.ply,/gpfs/work3/0/prjs0839/data/UVG_CWI_DQPC/UVG-CWI-DQPC/OrangeKettlebell/he/15fps/OrangeKettlebell_UVG-CWI-DQPC_HE_15_0_169_0029.ply,170,170,170,170,0,0
OrangeKettlebell,0030,/gpfs/work3/0/prjs0839/data/UVG_CWI_DQPC/UVG-CWI-DQPC/OrangeKettlebell/cg/15fps/OrangeKettlebell_UVG-CWI-DQPC_CG_15_0_169_0030.ply,/gpfs/work3/0/prjs0839/data/UVG_CWI_DQPC/UVG-CWI-DQPC/OrangeKettlebell/he/15fps/OrangeKettlebell_UVG-CWI-DQPC_HE_15_0_169_0030.ply,170,170,170,170,0,0
OrangeKettlebell,0031,/gpfs/work3/0/prjs0839/data/UVG_CWI_DQPC/UVG-CWI-DQPC/OrangeKettlebell/cg/15fps/OrangeKettlebell_UVG-CWI-DQPC_CG_15_0_169_0031.ply,/gpfs/work3/0/prjs0839/data/UVG_CWI_DQPC/UVG-CWI-DQPC/OrangeKettlebell/he/15fps/OrangeKettlebell_UVG-CWI-DQPC_HE_15_0_169_0031.ply,170,170,170,170,0,0
OrangeKettlebell,0032,/gpfs/work3/0/prjs0839/data/UVG_CWI_DQPC/UVG-CWI-DQPC/OrangeKettlebell/cg/15fps/OrangeKettlebell_UVG-CWI-DQPC_CG_15_0_169_0032.ply,/gpfs/work3/0/prjs0839/data/UVG_CWI_DQPC/UVG-CWI-DQPC/OrangeKettlebell/he/15fps/OrangeKettlebell_UVG-CWI-DQPC_HE_15_0_169_0032.ply,170,170,170,170,0,0
OrangeKettlebell,0033,/gpfs/work3/0/prjs0839/data/UVG_CWI_DQPC/UVG-CWI-DQPC/OrangeKettlebell/cg/15fps/OrangeKettlebell_UVG-CWI-DQPC_CG_15_0_169_0033.ply,/gpfs/work3/0/prjs0839/data/UVG_CWI_DQPC/UVG-CWI-DQPC/OrangeKettlebell/he/15fps/OrangeKettlebell_UVG-CWI-DQPC_HE_15_0_169_0033.ply,170,170,170,170,0,0
OrangeKettlebell,0034,/gpfs/work3/0/prjs0839/data/UVG_CWI_DQPC/UVG-CWI-DQPC/OrangeKettlebell/cg/15fps/OrangeKettlebell_UVG-CWI-DQPC_CG_15_0_169_0034.ply,/gpfs/work3/0/prjs0839/data/UVG_CWI_DQPC/UVG-CWI-DQPC/OrangeKettlebell/he/15fps/OrangeKettlebell_UVG-CWI-DQPC_HE_15_0_169_0034.ply,170,170,170,170,0,0
OrangeKettlebell,0035,/gpfs/work3/0/prjs0839/data/UVG_CWI_DQPC/UVG-CWI-DQPC/OrangeKettlebell/cg/15fps/OrangeKettlebell_UVG-CWI-DQPC_CG_15_0_169_0035.ply,/gpfs/work3/0/prjs0839/data/UVG_CWI_DQPC/UVG-CWI-DQPC/OrangeKettlebell/he/15fps/OrangeKettlebell_UVG-CWI-DQPC_HE_15_0_169_0035.ply,170,170,170,170,0,0
OrangeKettlebell,0036,/gpfs/work3/0/prjs0839/data/UVG_CWI_DQPC/UVG-CWI-DQPC/OrangeKettlebell/cg/15fps/OrangeKettlebell_UVG-CWI-DQPC_CG_15_0_169_0036.ply,/gpfs/work3/0/prjs0839/data/UVG_CWI_DQPC/UVG-CWI-DQPC/OrangeKettlebell/he/15fps/OrangeKettlebell_UVG-CWI-DQPC_HE_15_0_169_0036.ply,170,170,170,170,0,0
OrangeKettlebell,0037,/gpfs/work3/0/prjs0839/data/UVG_CWI_DQPC/UVG-CWI-DQPC/OrangeKettlebell/cg/15fps/OrangeKettlebell_UVG-CWI-DQPC_CG_15_0_169_0037.ply,/gpfs/work3/0/prjs0839/data/UVG_CWI_DQPC/UVG-CWI-DQPC/OrangeKettlebell/he/15fps/OrangeKettlebell_UVG-CWI-DQPC_HE_15_0_169_0037.ply,170,170,170,170,0,0
OrangeKettlebell,0038,/gpfs/work3/0/prjs0839/data/UVG_CWI_DQPC/UVG-CWI-DQPC/OrangeKettlebell/cg/15fps/OrangeKettlebell_UVG-CWI-DQPC_CG_15_0_169_0038.ply,/gpfs/work3/0/prjs0839/data/UVG_CWI_DQPC/UVG-CWI-DQPC/OrangeKettlebell/he/15fps/OrangeKettlebell_UVG-CWI-DQPC_HE_15_0_169_0038.ply,170,170,170,170,0,0
OrangeKettlebell,0039,/gpfs/work3/0/prjs0839/data/UVG_CWI_DQPC/UVG-CWI-DQPC/OrangeKettlebell/cg/15fps/OrangeKettlebell_UVG-CWI-DQPC_CG_15_0_169_0039.ply,/gpfs/work3/0/prjs0839/data/UVG_CWI_DQPC/UVG-CWI-DQPC/OrangeKettlebell/he/15fps/OrangeKettlebell_UVG-CWI-DQPC_HE_15_0_169_0039.ply,170,170,170,170,0,0
OrangeKettlebell,0040,/gpfs/work3/0/prjs0839/data/UVG_CWI_DQPC/UVG-CWI-DQPC/OrangeKettlebell/cg/15fps/OrangeKettlebell_UVG-CWI-DQPC_CG_15_0_169_0040.ply,/gpfs/work3/0/prjs0839/data/UVG_CWI_DQPC/UVG-CWI-DQPC/OrangeKettlebell/he/15fps/OrangeKettlebell_UVG-CWI-DQPC_HE_15_0_169_0040.ply,170,170,170,170,0,0
OrangeKettlebell,0041,/gpfs/work3/0/prjs0839/data/UVG_CWI_DQPC/UVG-CWI-DQPC/OrangeKettlebell/cg/15fps/OrangeKettlebell_UVG-CWI-DQPC_CG_15_0_169_0041.ply,/gpfs/work3/0/prjs0839/data/UVG_CWI_DQPC/UVG-CWI-DQPC/OrangeKettlebell/he/15fps/OrangeKettlebell_UVG-CWI-DQPC_HE_15_0_169_0041.ply,170,170,170,170,0,0
OrangeKettlebell,0042,/gpfs/work3/0/prjs0839/data/UVG_CWI_DQPC/UVG-CWI-DQPC/OrangeKettlebell/cg/15fps/OrangeKettlebell_UVG-CWI-DQPC_CG_15_0_169_0042.ply,/gpfs/work3/0/prjs0839/data/UVG_CWI_DQPC/UVG-CWI-DQPC/OrangeKettlebell/he/15fps/OrangeKettlebell_UVG-CWI-DQPC_HE_15_0_169_0042.ply,170,170,170,170,0,0
OrangeKettlebell,0043,/gpfs/work3/0/prjs0839/data/UVG_CWI_DQPC/UVG-CWI-DQPC/OrangeKettlebell/cg/15fps/OrangeKettlebell_UVG-CWI-DQPC_CG_15_0_169_0043.ply,/gpfs/work3/0/prjs0839/data/UVG_CWI_DQPC/UVG-CWI-DQPC/OrangeKettlebell/he/15fps/OrangeKettlebell_UVG-CWI-DQPC_HE_15_0_169_0043.ply,170,170,170,170,0,0
OrangeKettlebell,0044,/gpfs/work3/0/prjs0839/data/UVG_CWI_DQPC/UVG-CWI-DQPC/OrangeKettlebell/cg/15fps/OrangeKettlebell_UVG-CWI-DQPC_CG_15_0_169_0044.ply,/gpfs/work3/0/prjs0839/data/UVG_CWI_DQPC/UVG-CWI-DQPC/OrangeKettlebell/he/15fps/OrangeKettlebell_UVG-CWI-DQPC_HE_15_0_169_0044.ply,170,170,170,170,0,0
OrangeKettlebell,0045,/gpfs/work3/0/prjs0839/data/UVG_CWI_DQPC/UVG-CWI-DQPC/OrangeKettlebell/cg/15fps/OrangeKettlebell_UVG-CWI-DQPC_CG_15_0_169_0045.ply,/gpfs/work3/0/prjs0839/data/UVG_CWI_DQPC/UVG-CWI-DQPC/OrangeKettlebell/he/15fps/OrangeKettlebell_UVG-CWI-DQPC_HE_15_0_169_0045.ply,170,170,170,170,0,0
OrangeKettlebell,0046,/gpfs/work3/0/prjs0839/data/UVG_CWI_DQPC/UVG-CWI-DQPC/OrangeKettlebell/cg/15fps/OrangeKettlebell_UVG-CWI-DQPC_CG_15_0_169_0046.ply,/gpfs/work3/0/prjs0839/data/UVG_CWI_DQPC/UVG-CWI-DQPC/OrangeKettlebell/he/15fps/OrangeKettlebell_UVG-CWI-DQPC_HE_15_0_169_0046.ply,170,170,170,170,0,0
OrangeKettlebell,0047,/gpfs/work3/0/prjs0839/data/UVG_CWI_DQPC/UVG-CWI-DQPC/OrangeKettlebell/cg/15fps/OrangeKettlebell_UVG-CWI-DQPC_CG_15_0_169_0047.ply,/gpfs/work3/0/prjs0839/data/UVG_CWI_DQPC/UVG-CWI-DQPC/OrangeKettlebell/he/15fps/OrangeKettlebell_UVG-CWI-DQPC_HE_15_0_169_0047.ply,170,170,170,170,0,0
OrangeKettlebell,0048,/gpfs/work3/0/prjs0839/data/UVG_CWI_DQPC/UVG-CWI-DQPC/OrangeKettlebell/cg/15fps/OrangeKettlebell_UVG-CWI-DQPC_CG_15_0_169_0048.ply,/gpfs/work3/0/prjs0839/data/UVG_CWI_DQPC/UVG-CWI-DQPC/OrangeKettlebell/he/15fps/OrangeKettlebell_UVG-CWI-DQPC_HE_15_0_169_0048.ply,170,170,170,170,0,0
OrangeKettlebell,0049,/gpfs/work3/0/prjs0839/data/UVG_CWI_DQPC/UVG-CWI-DQPC/OrangeKettlebell/cg/15fps/OrangeKettlebell_UVG-CWI-DQPC_CG_15_0_169_0049.ply,/gpfs/work3/0/prjs0839/data/UVG_CWI_DQPC/UVG-CWI-DQPC/OrangeKettlebell/he/15fps/OrangeKettlebell_UVG-CWI-DQPC_HE_15_0_169_0049.ply,170,170,170,170,0,0
OrangeKettlebell,0050,/gpfs/work3/0/prjs0839/data/UVG_CWI_DQPC/UVG-CWI-DQPC/OrangeKettlebell/cg/15fps/OrangeKettlebell_UVG-CWI-DQPC_CG_15_0_169_0050.ply,/gpfs/work3/0/prjs0839/data/UVG_CWI_DQPC/UVG-CWI-DQPC/OrangeKettlebell/he/15fps/OrangeKettlebell_UVG-CWI-DQPC_HE_15_0_169_0050.ply,170,170,170,170,0,0
OrangeKettlebell,0051,/gpfs/work3/0/prjs0839/data/UVG_CWI_DQPC/UVG-CWI-DQPC/OrangeKettlebell/cg/15fps/OrangeKettlebell_UVG-CWI-DQPC_CG_15_0_169_0051.ply,/gpfs/work3/0/prjs0839/data/UVG_CWI_DQPC/UVG-CWI-DQPC/OrangeKettlebell/he/15fps/OrangeKettlebell_UVG-CWI-DQPC_HE_15_0_169_0051.ply,170,170,170,170,0,0
OrangeKettlebell,0052,/gpfs/work3/0/prjs0839/data/UVG_CWI_DQPC/UVG-CWI-DQPC/OrangeKettlebell/cg/15fps/OrangeKettlebell_UVG-CWI-DQPC_CG_15_0_169_0052.ply,/gpfs/work3/0/prjs0839/data/UVG_CWI_DQPC/UVG-CWI-DQPC/OrangeKettlebell/he/15fps/OrangeKettlebell_UVG-CWI-DQPC_HE_15_0_169_0052.ply,170,170,170,170,0,0
OrangeKettlebell,0053,/gpfs/work3/0/prjs0839/data/UVG_CWI_DQPC/UVG-CWI-DQPC/OrangeKettlebell/cg/15fps/OrangeKettlebell_UVG-CWI-DQPC_CG_15_0_169_0053.ply,/gpfs/work3/0/prjs0839/data/UVG_CWI_DQPC/UVG-CWI-DQPC/OrangeKettlebell/he/15fps/OrangeKettlebell_UVG-CWI-DQPC_HE_15_0_169_0053.ply,170,170,170,170,0,0
OrangeKettlebell,0054,/gpfs/work3/0/prjs0839/data/UVG_CWI_DQPC/UVG-CWI-DQPC/OrangeKettlebell/cg/15fps/OrangeKettlebell_UVG-CWI-DQPC_CG_15_0_169_0054.ply,/gpfs/work3/0/prjs0839/data/UVG_CWI_DQPC/UVG-CWI-DQPC/OrangeKettlebell/he/15fps/OrangeKettlebell_UVG-CWI-DQPC_HE_15_0_169_0054.ply,170,170,170,170,0,0
OrangeKettlebell,0055,/gpfs/work3/0/prjs0839/data/UVG_CWI_DQPC/UVG-CWI-DQPC/OrangeKettlebell/cg/15fps/OrangeKettlebell_UVG-CWI-DQPC_CG_15_0_169_0055.ply,/gpfs/work3/0/prjs0839/data/UVG_CWI_DQPC/UVG-CWI-DQPC/OrangeKettlebell/he/15fps/OrangeKettlebell_UVG-CWI-DQPC_HE_15_0_169_0055.ply,170,170,170,170,0,0
OrangeKettlebell,0056,/gpfs/work3/0/prjs0839/data/UVG_CWI_DQPC/UVG-CWI-DQPC/OrangeKettlebell/cg/15fps/OrangeKettlebell_UVG-CWI-DQPC_CG_15_0_169_0056.ply,/gpfs/work3/0/prjs0839/data/UVG_CWI_DQPC/UVG-CWI-DQPC/OrangeKettlebell/he/15fps/OrangeKettlebell_UVG-CWI-DQPC_HE_15_0_169_0056.ply,170,170,170,170,0,0
OrangeKettlebell,0057,/gpfs/work3/0/prjs0839/data/UVG_CWI_DQPC/UVG-CWI-DQPC/OrangeKettlebell/cg/15fps/OrangeKettlebell_UVG-CWI-DQPC_CG_15_0_169_0057.ply,/gpfs/work3/0/prjs0839/data/UVG_CWI_DQPC/UVG-CWI-DQPC/OrangeKettlebell/he/15fps/OrangeKettlebell_UVG-CWI-DQPC_HE_15_0_169_0057.ply,170,170,170,170,0,0
OrangeKettlebell,0058,/gpfs/work3/0/prjs0839/data/UVG_CWI_DQPC/UVG-CWI-DQPC/OrangeKettlebell/cg/15fps/OrangeKettlebell_UVG-CWI-DQPC_CG_15_0_169_0058.ply,/gpfs/work3/0/prjs0839/data/UVG_CWI_DQPC/UVG-CWI-DQPC/OrangeKettlebell/he/15fps/OrangeKettlebell_UVG-CWI-DQPC_HE_15_0_169_0058.ply,170,170,170,170,0,0
OrangeKettlebell,0059,/gpfs/work3/0/prjs0839/data/UVG_CWI_DQPC/UVG-CWI-DQPC/OrangeKettlebell/cg/15fps/OrangeKettlebell_UVG-CWI-DQPC_CG_15_0_169_0059.ply,/gpfs/work3/0/prjs0839/data/UVG_CWI_DQPC/UVG-CWI-DQPC/OrangeKettlebell/he/15fps/OrangeKettlebell_UVG-CWI-DQPC_HE_15_0_169_0059.ply,170,170,170,170,0,0
OrangeKettlebell,0060,/gpfs/work3/0/prjs0839/data/UVG_CWI_DQPC/UVG-CWI-DQPC/OrangeKettlebell/cg/15fps/OrangeKettlebell_UVG-CWI-DQPC_CG_15_0_169_0060.ply,/gpfs/work3/0/prjs0839/data/UVG_CWI_DQPC/UVG-CWI-DQPC/OrangeKettlebell/he/15fps/OrangeKettlebell_UVG-CWI-DQPC_HE_15_0_169_0060.ply,170,170,170,170,0,0
OrangeKettlebell,0061,/gpfs/work3/0/prjs0839/data/UVG_CWI_DQPC/UVG-CWI-DQPC/OrangeKettlebell/cg/15fps/OrangeKettlebell_UVG-CWI-DQPC_CG_15_0_169_0061.ply,/gpfs/work3/0/prjs0839/data/UVG_CWI_DQPC/UVG-CWI-DQPC/OrangeKettlebell/he/15fps/OrangeKettlebell_UVG-CWI-DQPC_HE_15_0_169_0061.ply,170,170,170,170,0,0
OrangeKettlebell,0062,/gpfs/work3/0/prjs0839/data/UVG_CWI_DQPC/UVG-CWI-DQPC/OrangeKettlebell/cg/15fps/OrangeKettlebell_UVG-CWI-DQPC_CG_15_0_169_0062.ply,/gpfs/work3/0/prjs0839/data/UVG_CWI_DQPC/UVG-CWI-DQPC/OrangeKettlebell/he/15fps/OrangeKettlebell_UVG-CWI-DQPC_HE_15_0_169_0062.ply,170,170,170,170,0,0
OrangeKettlebell,0063,/gpfs/work3/0/prjs0839/data/UVG_CWI_DQPC/UVG-CWI-DQPC/OrangeKettlebell/cg/15fps/OrangeKettlebell_UVG-CWI-DQPC_CG_15_0_169_0063.ply,/gpfs/work3/0/prjs0839/data/UVG_CWI_DQPC/UVG-CWI-DQPC/OrangeKettlebell/he/15fps/OrangeKettlebell_UVG-CWI-DQPC_HE_15_0_169_0063.ply,170,170,170,170,0,0
OrangeKettlebell,0064,/gpfs/work3/0/prjs0839/data/UVG_CWI_DQPC/UVG-CWI-DQPC/OrangeKettlebell/cg/15fps/OrangeKettlebell_UVG-CWI-DQPC_CG_15_0_169_0064.ply,/gpfs/work3/0/prjs0839/data/UVG_CWI_DQPC/UVG-CWI-DQPC/OrangeKettlebell/he/15fps/OrangeKettlebell_UVG-CWI-DQPC_HE_15_0_169_0064.ply,170,170,170,170,0,0
OrangeKettlebell,0065,/gpfs/work3/0/prjs0839/data/UVG_CWI_DQPC/UVG-CWI-DQPC/OrangeKettlebell/cg/15fps/OrangeKettlebell_UVG-CWI-DQPC_CG_15_0_169_0065.ply,/gpfs/work3/0/prjs0839/data/UVG_CWI_DQPC/UVG-CWI-DQPC/OrangeKettlebell/he/15fps/OrangeKettlebell_UVG-CWI-DQPC_HE_15_0_169_0065.ply,170,170,170,170,0,0
OrangeKettlebell,0066,/gpfs/work3/0/prjs0839/data/UVG_CWI_DQPC/UVG-CWI-DQPC/OrangeKettlebell/cg/15fps/OrangeKettlebell_UVG-CWI-DQPC_CG_15_0_169_0066.ply,/gpfs/work3/0/prjs0839/data/UVG_CWI_DQPC/UVG-CWI-DQPC/OrangeKettlebell/he/15fps/OrangeKettlebell_UVG-CWI-DQPC_HE_15_0_169_0066.ply,170,170,170,170,0,0
OrangeKettlebell,0067,/gpfs/work3/0/prjs0839/data/UVG_CWI_DQPC/UVG-CWI-DQPC/OrangeKettlebell/cg/15fps/OrangeKettlebell_UVG-CWI-DQPC_CG_15_0_169_0067.ply,/gpfs/work3/0/prjs0839/data/UVG_CWI_DQPC/UVG-CWI-DQPC/OrangeKettlebell/he/15fps/OrangeKettlebell_UVG-CWI-DQPC_HE_15_0_169_0067.ply,170,170,170,170,0,0
OrangeKettlebell,0068,/gpfs/work3/0/prjs0839/data/UVG_CWI_DQPC/UVG-CWI-DQPC/OrangeKettlebell/cg/15fps/OrangeKettlebell_UVG-CWI-DQPC_CG_15_0_169_0068.ply,/gpfs/work3/0/prjs0839/data/UVG_CWI_DQPC/UVG-CWI-DQPC/OrangeKettlebell/he/15fps/OrangeKettlebell_UVG-CWI-DQPC_HE_15_0_169_0068.ply,170,170,170,170,0,0
OrangeKettlebell,0069,/gpfs/work3/0/prjs0839/data/UVG_CWI_DQPC/UVG-CWI-DQPC/OrangeKettlebell/cg/15fps/OrangeKettlebell_UVG-CWI-DQPC_CG_15_0_169_0069.ply,/gpfs/work3/0/prjs0839/data/UVG_CWI_DQPC/UVG-CWI-DQPC/OrangeKettlebell/he/15fps/OrangeKettlebell_UVG-CWI-DQPC_HE_15_0_169_0069.ply,170,170,170,170,0,0
OrangeKettlebell,0070,/gpfs/work3/0/prjs0839/data/UVG_CWI_DQPC/UVG-CWI-DQPC/OrangeKettlebell/cg/15fps/OrangeKettlebell_UVG-CWI-DQPC_CG_15_0_169_0070.ply,/gpfs/work3/0/prjs0839/data/UVG_CWI_DQPC/UVG-CWI-DQPC/OrangeKettlebell/he/15fps/OrangeKettlebell_UVG-CWI-DQPC_HE_15_0_169_0070.ply,170,170,170,170,0,0
OrangeKettlebell,0071,/gpfs/work3/0/prjs0839/data/UVG_CWI_DQPC/UVG-CWI-DQPC/OrangeKettlebell/cg/15fps/OrangeKettlebell_UVG-CWI-DQPC_CG_15_0_169_0071.ply,/gpfs/work3/0/prjs0839/data/UVG_CWI_DQPC/UVG-CWI-DQPC/OrangeKettlebell/he/15fps/OrangeKettlebell_UVG-CWI-DQPC_HE_15_0_169_0071.ply,170,170,170,170,0,0
OrangeKettlebell,0072,/gpfs/work3/0/prjs0839/data/UVG_CWI_DQPC/UVG-CWI-DQPC/OrangeKettlebell/cg/15fps/OrangeKettlebell_UVG-CWI-DQPC_CG_15_0_169_0072.ply,/gpfs/work3/0/prjs0839/data/UVG_CWI_DQPC/UVG-CWI-DQPC/OrangeKettlebell/he/15fps/OrangeKettlebell_UVG-CWI-DQPC_HE_15_0_169_0072.ply,170,170,170,170,0,0
OrangeKettlebell,0073,/gpfs/work3/0/prjs0839/data/UVG_CWI_DQPC/UVG-CWI-DQPC/OrangeKettlebell/cg/15fps/OrangeKettlebell_UVG-CWI-DQPC_CG_15_0_169_0073.ply,/gpfs/work3/0/prjs0839/data/UVG_CWI_DQPC/UVG-CWI-DQPC/OrangeKettlebell/he/15fps/OrangeKettlebell_UVG-CWI-DQPC_HE_15_0_169_0073.ply,170,170,170,170,0,0
OrangeKettlebell,0074,/gpfs/work3/0/prjs0839/data/UVG_CWI_DQPC/UVG-CWI-DQPC/OrangeKettlebell/cg/15fps/OrangeKettlebell_UVG-CWI-DQPC_CG_15_0_169_0074.ply,/gpfs/work3/0/prjs0839/data/UVG_CWI_DQPC/UVG-CWI-DQPC/OrangeKettlebell/he/15fps/OrangeKettlebell_UVG-CWI-DQPC_HE_15_0_169_0074.ply,170,170,170,170,0,0
OrangeKettlebell,0075,/gpfs/work3/0/prjs0839/data/UVG_CWI_DQPC/UVG-CWI-DQPC/OrangeKettlebell/cg/15fps/OrangeKettlebell_UVG-CWI-DQPC_CG_15_0_169_0075.ply,/gpfs/work3/0/prjs0839/data/UVG_CWI_DQPC/UVG-CWI-DQPC/OrangeKettlebell/he/15fps/OrangeKettlebell_UVG-CWI-DQPC_HE_15_0_169_0075.ply,170,170,170,170,0,0
OrangeKettlebell,0076,/gpfs/work3/0/prjs0839/data/UVG_CWI_DQPC/UVG-CWI-DQPC/OrangeKettlebell/cg/15fps/OrangeKettlebell_UVG-CWI-DQPC_CG_15_0_169_0076.ply,/gpfs/work3/0/prjs0839/data/UVG_CWI_DQPC/UVG-CWI-DQPC/OrangeKettlebell/he/15fps/OrangeKettlebell_UVG-CWI-DQPC_HE_15_0_169_0076.ply,170,170,170,170,0,0
OrangeKettlebell,0077,/gpfs/work3/0/prjs0839/data/UVG_CWI_DQPC/UVG-CWI-DQPC/OrangeKettlebell/cg/15fps/OrangeKettlebell_UVG-CWI-DQPC_CG_15_0_169_0077.ply,/gpfs/work3/0/prjs0839/data/UVG_CWI_DQPC/UVG-CWI-DQPC/OrangeKettlebell/he/15fps/OrangeKettlebell_UVG-CWI-DQPC_HE_15_0_169_0077.ply,170,170,170,170,0,0
OrangeKettlebell,0078,/gpfs/work3/0/prjs0839/data/UVG_CWI_DQPC/UVG-CWI-DQPC/OrangeKettlebell/cg/15fps/OrangeKettlebell_UVG-CWI-DQPC_CG_15_0_169_0078.ply,/gpfs/work3/0/prjs0839/data/UVG_CWI_DQPC/UVG-CWI-DQPC/OrangeKettlebell/he/15fps/OrangeKettlebell_UVG-CWI-DQPC_HE_15_0_169_0078.ply,170,170,170,170,0,0
OrangeKettlebell,0079,/gpfs/work3/0/prjs0839/data/UVG_CWI_DQPC/UVG-CWI-DQPC/OrangeKettlebell/cg/15fps/OrangeKettlebell_UVG-CWI-DQPC_CG_15_0_169_0079.ply,/gpfs/work3/0/prjs0839/data/UVG_CWI_DQPC/UVG-CWI-DQPC/OrangeKettlebell/he/15fps/OrangeKettlebell_UVG-CWI-DQPC_HE_15_0_169_0079.ply,170,170,170,170,0,0
OrangeKettlebell,0080,/gpfs/work3/0/prjs0839/data/UVG_CWI_DQPC/UVG-CWI-DQPC/OrangeKettlebell/cg/15fps/OrangeKettlebell_UVG-CWI-DQPC_CG_15_0_169_0080.ply,/gpfs/work3/0/prjs0839/data/UVG_CWI_DQPC/UVG-CWI-DQPC/OrangeKettlebell/he/15fps/OrangeKettlebell_UVG-CWI-DQPC_HE_15_0_169_0080.ply,170,170,170,170,0,0
OrangeKettlebell,0081,/gpfs/work3/0/prjs0839/data/UVG_CWI_DQPC/UVG-CWI-DQPC/OrangeKettlebell/cg/15fps/OrangeKettlebell_UVG-CWI-DQPC_CG_15_0_169_0081.ply,/gpfs/work3/0/prjs0839/data/UVG_CWI_DQPC/UVG-CWI-DQPC/OrangeKettlebell/he/15fps/OrangeKettlebell_UVG-CWI-DQPC_HE_15_0_169_0081.ply,170,170,170,170,0,0
OrangeKettlebell,0082,/gpfs/work3/0/prjs0839/data/UVG_CWI_DQPC/UVG-CWI-DQPC/OrangeKettlebell/cg/15fps/OrangeKettlebell_UVG-CWI-DQPC_CG_15_0_169_0082.ply,/gpfs/work3/0/prjs0839/data/UVG_CWI_DQPC/UVG-CWI-DQPC/OrangeKettlebell/he/15fps/OrangeKettlebell_UVG-CWI-DQPC_HE_15_0_169_0082.ply,170,170,170,170,0,0
OrangeKettlebell,0083,/gpfs/work3/0/prjs0839/data/UVG_CWI_DQPC/UVG-CWI-DQPC/OrangeKettlebell/cg/15fps/OrangeKettlebell_UVG-CWI-DQPC_CG_15_0_169_0083.ply,/gpfs/work3/0/prjs0839/data/UVG_CWI_DQPC/UVG-CWI-DQPC/OrangeKettlebell/he/15fps/OrangeKettlebell_UVG-CWI-DQPC_HE_15_0_169_0083.ply,170,170,170,170,0,0
OrangeKettlebell,0084,/gpfs/work3/0/prjs0839/data/UVG_CWI_DQPC/UVG-CWI-DQPC/OrangeKettlebell/cg/15fps/OrangeKettlebell_UVG-CWI-DQPC_CG_15_0_169_0084.ply,/gpfs/work3/0/prjs0839/data/UVG_CWI_DQPC/UVG-CWI-DQPC/OrangeKettlebell/he/15fps/OrangeKettlebell_UVG-CWI-DQPC_HE_15_0_169_0084.ply,170,170,170,170,0,0
OrangeKettlebell,0085,/gpfs/work3/0/prjs0839/data/UVG_CWI_DQPC/UVG-CWI-DQPC/OrangeKettlebell/cg/15fps/OrangeKettlebell_UVG-CWI-DQPC_CG_15_0_169_0085.ply,/gpfs/work3/0/prjs0839/data/UVG_CWI_DQPC/UVG-CWI-DQPC/OrangeKettlebell/he/15fps/OrangeKettlebell_UVG-CWI-DQPC_HE_15_0_169_0085.ply,170,170,170,170,0,0
OrangeKettlebell,0086,/gpfs/work3/0/prjs0839/data/UVG_CWI_DQPC/UVG-CWI-DQPC/OrangeKettlebell/cg/15fps/OrangeKettlebell_UVG-CWI-DQPC_CG_15_0_169_0086.ply,/gpfs/work3/0/prjs0839/data/UVG_CWI_DQPC/UVG-CWI-DQPC/OrangeKettlebell/he/15fps/OrangeKettlebell_UVG-CWI-DQPC_HE_15_0_169_0086.ply,170,170,170,170,0,0
OrangeKettlebell,0087,/gpfs/work3/0/prjs0839/data/UVG_CWI_DQPC/UVG-CWI-DQPC/OrangeKettlebell/cg/15fps/OrangeKettlebell_UVG-CWI-DQPC_CG_15_0_169_0087.ply,/gpfs/work3/0/prjs0839/data/UVG_CWI_DQPC/UVG-CWI-DQPC/OrangeKettlebell/he/15fps/OrangeKettlebell_UVG-CWI-DQPC_HE_15_0_169_0087.ply,170,170,170,170,0,0
OrangeKettlebell,0088,/gpfs/work3/0/prjs0839/data/UVG_CWI_DQPC/UVG-CWI-DQPC/OrangeKettlebell/cg/15fps/OrangeKettlebell_UVG-CWI-DQPC_CG_15_0_169_0088.ply,/gpfs/work3/0/prjs0839/data/UVG_CWI_DQPC/UVG-CWI-DQPC/OrangeKettlebell/he/15fps/OrangeKettlebell_UVG-CWI-DQPC_HE_15_0_169_0088.ply,170,170,170,170,0,0
OrangeKettlebell,0089,/gpfs/work3/0/prjs0839/data/UVG_CWI_DQPC/UVG-CWI-DQPC/OrangeKettlebell/cg/15fps/OrangeKettlebell_UVG-CWI-DQPC_CG_15_0_169_0089.ply,/gpfs/work3/0/prjs0839/data/UVG_CWI_DQPC/UVG-CWI-DQPC/OrangeKettlebell/he/15fps/OrangeKettlebell_UVG-CWI-DQPC_HE_15_0_169_0089.ply,170,170,170,170,0,0
OrangeKettlebell,0090,/gpfs/work3/0/prjs0839/data/UVG_CWI_DQPC/UVG-CWI-DQPC/OrangeKettlebell/cg/15fps/OrangeKettlebell_UVG-CWI-DQPC_CG_15_0_169_0090.ply,/gpfs/work3/0/prjs0839/data/UVG_CWI_DQPC/UVG-CWI-DQPC/OrangeKettlebell/he/15fps/OrangeKettlebell_UVG-CWI-DQPC_HE_15_0_169_0090.ply,170,170,170,170,0,0
OrangeKettlebell,0091,/gpfs/work3/0/prjs0839/data/UVG_CWI_DQPC/UVG-CWI-DQPC/OrangeKettlebell/cg/15fps/OrangeKettlebell_UVG-CWI-DQPC_CG_15_0_169_0091.ply,/gpfs/work3/0/prjs0839/data/UVG_CWI_DQPC/UVG-CWI-DQPC/OrangeKettlebell/he/15fps/OrangeKettlebell_UVG-CWI-DQPC_HE_15_0_169_0091.ply,170,170,170,170,0,0
OrangeKettlebell,0092,/gpfs/work3/0/prjs0839/data/UVG_CWI_DQPC/UVG-CWI-DQPC/OrangeKettlebell/cg/15fps/OrangeKettlebell_UVG-CWI-DQPC_CG_15_0_169_0092.ply,/gpfs/work3/0/prjs0839/data/UVG_CWI_DQPC/UVG-CWI-DQPC/OrangeKettlebell/he/15fps/OrangeKettlebell_UVG-CWI-DQPC_HE_15_0_169_0092.ply,170,170,170,170,0,0
OrangeKettlebell,0093,/gpfs/work3/0/prjs0839/data/UVG_CWI_DQPC/UVG-CWI-DQPC/OrangeKettlebell/cg/15fps/OrangeKettlebell_UVG-CWI-DQPC_CG_15_0_169_0093.ply,/gpfs/work3/0/prjs0839/data/UVG_CWI_DQPC/UVG-CWI-DQPC/OrangeKettlebell/he/15fps/OrangeKettlebell_UVG-CWI-DQPC_HE_15_0_169_0093.ply,170,170,170,170,0,0
OrangeKettlebell,0094,/gpfs/work3/0/prjs0839/data/UVG_CWI_DQPC/UVG-CWI-DQPC/OrangeKettlebell/cg/15fps/OrangeKettlebell_UVG-CWI-DQPC_CG_15_0_169_0094.ply,/gpfs/work3/0/prjs0839/data/UVG_CWI_DQPC/UVG-CWI-DQPC/OrangeKettlebell/he/15fps/OrangeKettlebell_UVG-CWI-DQPC_HE_15_0_169_0094.ply,170,170,170,170,0,0
OrangeKettlebell,0095,/gpfs/work3/0/prjs0839/data/UVG_CWI_DQPC/UVG-CWI-DQPC/OrangeKettlebell/cg/15fps/OrangeKettlebell_UVG-CWI-DQPC_CG_15_0_169_0095.ply,/gpfs/work3/0/prjs0839/data/UVG_CWI_DQPC/UVG-CWI-DQPC/OrangeKettlebell/he/15fps/OrangeKettlebell_UVG-CWI-DQPC_HE_15_0_169_0095.ply,170,170,170,170,0,0
OrangeKettlebell,0096,/gpfs/work3/0/prjs0839/data/UVG_CWI_DQPC/UVG-CWI-DQPC/OrangeKettlebell/cg/15fps/OrangeKettlebell_UVG-CWI-DQPC_CG_15_0_169_0096.ply,/gpfs/work3/0/prjs0839/data/UVG_CWI_DQPC/UVG-CWI-DQPC/OrangeKettlebell/he/15fps/OrangeKettlebell_UVG-CWI-DQPC_HE_15_0_169_0096.ply,170,170,170,170,0,0
OrangeKettlebell,0097,/gpfs/work3/0/prjs0839/data/UVG_CWI_DQPC/UVG-CWI-DQPC/OrangeKettlebell/cg/15fps/OrangeKettlebell_UVG-CWI-DQPC_CG_15_0_169_0097.ply,/gpfs/work3/0/prjs0839/data/UVG_CWI_DQPC/UVG-CWI-DQPC/OrangeKettlebell/he/15fps/OrangeKettlebell_UVG-CWI-DQPC_HE_15_0_169_0097.ply,170,170,170,170,0,0
OrangeKettlebell,0098,/gpfs/work3/0/prjs0839/data/UVG_CWI_DQPC/UVG-CWI-DQPC/OrangeKettlebell/cg/15fps/OrangeKettlebell_UVG-CWI-DQPC_CG_15_0_169_0098.ply,/gpfs/work3/0/prjs0839/data/UVG_CWI_DQPC/UVG-CWI-DQPC/OrangeKettlebell/he/15fps/OrangeKettlebell_UVG-CWI-DQPC_HE_15_0_169_0098.ply,170,170,170,170,0,0
OrangeKettlebell,0099,/gpfs/work3/0/prjs0839/data/UVG_CWI_DQPC/UVG-CWI-DQPC/OrangeKettlebell/cg/15fps/OrangeKettlebell_UVG-CWI-DQPC_CG_15_0_169_0099.ply,/gpfs/work3/0/prjs0839/data/UVG_CWI_DQPC/UVG-CWI-DQPC/OrangeKettlebell/he/15fps/OrangeKettlebell_UVG-CWI-DQPC_HE_15_0_169_0099.ply,170,170,170,170,0,0
OrangeKettlebell,0100,/gpfs/work3/0/prjs0839/data/UVG_CWI_DQPC/UVG-CWI-DQPC/OrangeKettlebell/cg/15fps/OrangeKettlebell_UVG-CWI-DQPC_CG_15_0_169_0100.ply,/gpfs/work3/0/prjs0839/data/UVG_CWI_DQPC/UVG-CWI-DQPC/OrangeKettlebell/he/15fps/OrangeKettlebell_UVG-CWI-DQPC_HE_15_0_169_0100.ply,170,170,170,170,0,0
OrangeKettlebell,0101,/gpfs/work3/0/prjs0839/data/UVG_CWI_DQPC/UVG-CWI-DQPC/OrangeKettlebell/cg/15fps/OrangeKettlebell_UVG-CWI-DQPC_CG_15_0_169_0101.ply,/gpfs/work3/0/prjs0839/data/UVG_CWI_DQPC/UVG-CWI-DQPC/OrangeKettlebell/he/15fps/OrangeKettlebell_UVG-CWI-DQPC_HE_15_0_169_0101.ply,170,170,170,170,0,0
OrangeKettlebell,0102,/gpfs/work3/0/prjs0839/data/UVG_CWI_DQPC/UVG-CWI-DQPC/OrangeKettlebell/cg/15fps/OrangeKettlebell_UVG-CWI-DQPC_CG_15_0_169_0102.ply,/gpfs/work3/0/prjs0839/data/UVG_CWI_DQPC/UVG-CWI-DQPC/OrangeKettlebell/he/15fps/OrangeKettlebell_UVG-CWI-DQPC_HE_15_0_169_0102.ply,170,170,170,170,0,0
OrangeKettlebell,0103,/gpfs/work3/0/prjs0839/data/UVG_CWI_DQPC/UVG-CWI-DQPC/OrangeKettlebell/cg/15fps/OrangeKettlebell_UVG-CWI-DQPC_CG_15_0_169_0103.ply,/gpfs/work3/0/prjs0839/data/UVG_CWI_DQPC/UVG-CWI-DQPC/OrangeKettlebell/he/15fps/OrangeKettlebell_UVG-CWI-DQPC_HE_15_0_169_0103.ply,170,170,170,170,0,0
OrangeKettlebell,0104,/gpfs/work3/0/prjs0839/data/UVG_CWI_DQPC/UVG-CWI-DQPC/OrangeKettlebell/cg/15fps/OrangeKettlebell_UVG-CWI-DQPC_CG_15_0_169_0104.ply,/gpfs/work3/0/prjs0839/data/UVG_CWI_DQPC/UVG-CWI-DQPC/OrangeKettlebell/he/15fps/OrangeKettlebell_UVG-CWI-DQPC_HE_15_0_169_0104.ply,170,170,170,170,0,0
OrangeKettlebell,0105,/gpfs/work3/0/prjs0839/data/UVG_CWI_DQPC/UVG-CWI-DQPC/OrangeKettlebell/cg/15fps/OrangeKettlebell_UVG-CWI-DQPC_CG_15_0_169_0105.ply,/gpfs/work3/0/prjs0839/data/UVG_CWI_DQPC/UVG-CWI-DQPC/OrangeKettlebell/he/15fps/OrangeKettlebell_UVG-CWI-DQPC_HE_15_0_169_0105.ply,170,170,170,170,0,0
OrangeKettlebell,0106,/gpfs/work3/0/prjs0839/data/UVG_CWI_DQPC/UVG-CWI-DQPC/OrangeKettlebell/cg/15fps/OrangeKettlebell_UVG-CWI-DQPC_CG_15_0_169_0106.ply,/gpfs/work3/0/prjs0839/data/UVG_CWI_DQPC/UVG-CWI-DQPC/OrangeKettlebell/he/15fps/OrangeKettlebell_UVG-CWI-DQPC_HE_15_0_169_0106.ply,170,170,170,170,0,0
OrangeKettlebell,0107,/gpfs/work3/0/prjs0839/data/UVG_CWI_DQPC/UVG-CWI-DQPC/OrangeKettlebell/cg/15fps/OrangeKettlebell_UVG-CWI-DQPC_CG_15_0_169_0107.ply,/gpfs/work3/0/prjs0839/data/UVG_CWI_DQPC/UVG-CWI-DQPC/OrangeKettlebell/he/15fps/OrangeKettlebell_UVG-CWI-DQPC_HE_15_0_169_0107.ply,170,170,170,170,0,0
OrangeKettlebell,0108,/gpfs/work3/0/prjs0839/data/UVG_CWI_DQPC/UVG-CWI-DQPC/OrangeKettlebell/cg/15fps/OrangeKettlebell_UVG-CWI-DQPC_CG_15_0_169_0108.ply,/gpfs/work3/0/prjs0839/data/UVG_CWI_DQPC/UVG-CWI-DQPC/OrangeKettlebell/he/15fps/OrangeKettlebell_UVG-CWI-DQPC_HE_15_0_169_0108.ply,170,170,170,170,0,0
OrangeKettlebell,0109,/gpfs/work3/0/prjs0839/data/UVG_CWI_DQPC/UVG-CWI-DQPC/OrangeKettlebell/cg/15fps/OrangeKettlebell_UVG-CWI-DQPC_CG_15_0_169_0109.ply,/gpfs/work3/0/prjs0839/data/UVG_CWI_DQPC/UVG-CWI-DQPC/OrangeKettlebell/he/15fps/OrangeKettlebell_UVG-CWI-DQPC_HE_15_0_169_0109.ply,170,170,170,170,0,0
OrangeKettlebell,0110,/gpfs/work3/0/prjs0839/data/UVG_CWI_DQPC/UVG-CWI-DQPC/OrangeKettlebell/cg/15fps/OrangeKettlebell_UVG-CWI-DQPC_CG_15_0_169_0110.ply,/gpfs/work3/0/prjs0839/data/UVG_CWI_DQPC/UVG-CWI-DQPC/OrangeKettlebell/he/15fps/OrangeKettlebell_UVG-CWI-DQPC_HE_15_0_169_0110.ply,170,170,170,170,0,0
OrangeKettlebell,0111,/gpfs/work3/0/prjs0839/data/UVG_CWI_DQPC/UVG-CWI-DQPC/OrangeKettlebell/cg/15fps/OrangeKettlebell_UVG-CWI-DQPC_CG_15_0_169_0111.ply,/gpfs/work3/0/prjs0839/data/UVG_CWI_DQPC/UVG-CWI-DQPC/OrangeKettlebell/he/15fps/OrangeKettlebell_UVG-CWI-DQPC_HE_15_0_169_0111.ply,170,170,170,170,0,0
OrangeKettlebell,0112,/gpfs/work3/0/prjs0839/data/UVG_CWI_DQPC/UVG-CWI-DQPC/OrangeKettlebell/cg/15fps/OrangeKettlebell_UVG-CWI-DQPC_CG_15_0_169_0112.ply,/gpfs/work3/0/prjs0839/data/UVG_CWI_DQPC/UVG-CWI-DQPC/OrangeKettlebell/he/15fps/OrangeKettlebell_UVG-CWI-DQPC_HE_15_0_169_0112.ply,170,170,170,170,0,0
OrangeKettlebell,0113,/gpfs/work3/0/prjs0839/data/UVG_CWI_DQPC/UVG-CWI-DQPC/OrangeKettlebell/cg/15fps/OrangeKettlebell_UVG-CWI-DQPC_CG_15_0_169_0113.ply,/gpfs/work3/0/prjs0839/data/UVG_CWI_DQPC/UVG-CWI-DQPC/OrangeKettlebell/he/15fps/OrangeKettlebell_UVG-CWI-DQPC_HE_15_0_169_0113.ply,170,170,170,170,0,0
OrangeKettlebell,0114,/gpfs/work3/0/prjs0839/data/UVG_CWI_DQPC/UVG-CWI-DQPC/OrangeKettlebell/cg/15fps/OrangeKettlebell_UVG-CWI-DQPC_CG_15_0_169_0114.ply,/gpfs/work3/0/prjs0839/data/UVG_CWI_DQPC/UVG-CWI-DQPC/OrangeKettlebell/he/15fps/OrangeKettlebell_UVG-CWI-DQPC_HE_15_0_169_0114.ply,170,170,170,170,0,0
OrangeKettlebell,0115,/gpfs/work3/0/prjs0839/data/UVG_CWI_DQPC/UVG-CWI-DQPC/OrangeKettlebell/cg/15fps/OrangeKettlebell_UVG-CWI-DQPC_CG_15_0_169_0115.ply,/gpfs/work3/0/prjs0839/data/UVG_CWI_DQPC/UVG-CWI-DQPC/OrangeKettlebell/he/15fps/OrangeKettlebell_UVG-CWI-DQPC_HE_15_0_169_0115.ply,170,170,170,170,0,0
OrangeKettlebell,0116,/gpfs/work3/0/prjs0839/data/UVG_CWI_DQPC/UVG-CWI-DQPC/OrangeKettlebell/cg/15fps/OrangeKettlebell_UVG-CWI-DQPC_CG_15_0_169_0116.ply,/gpfs/work3/0/prjs0839/data/UVG_CWI_DQPC/UVG-CWI-DQPC/OrangeKettlebell/he/15fps/OrangeKettlebell_UVG-CWI-DQPC_HE_15_0_169_0116.ply,170,170,170,170,0,0
OrangeKettlebell,0117,/gpfs/work3/0/prjs0839/data/UVG_CWI_DQPC/UVG-CWI-DQPC/OrangeKettlebell/cg/15fps/OrangeKettlebell_UVG-CWI-DQPC_CG_15_0_169_0117.ply,/gpfs/work3/0/prjs0839/data/UVG_CWI_DQPC/UVG-CWI-DQPC/OrangeKettlebell/he/15fps/OrangeKettlebell_UVG-CWI-DQPC_HE_15_0_169_0117.ply,170,170,170,170,0,0
OrangeKettlebell,0118,/gpfs/work3/0/prjs0839/data/UVG_CWI_DQPC/UVG-CWI-DQPC/OrangeKettlebell/cg/15fps/OrangeKettlebell_UVG-CWI-DQPC_CG_15_0_169_0118.ply,/gpfs/work3/0/prjs0839/data/UVG_CWI_DQPC/UVG-CWI-DQPC/OrangeKettlebell/he/15fps/OrangeKettlebell_UVG-CWI-DQPC_HE_15_0_169_0118.ply,170,170,170,170,0,0
OrangeKettlebell,0119,/gpfs/work3/0/prjs0839/data/UVG_CWI_DQPC/UVG-CWI-DQPC/OrangeKettlebell/cg/15fps/OrangeKettlebell_UVG-CWI-DQPC_CG_15_0_169_0119.ply,/gpfs/work3/0/prjs0839/data/UVG_CWI_DQPC/UVG-CWI-DQPC/OrangeKettlebell/he/15fps/OrangeKettlebell_UVG-CWI-DQPC_HE_15_0_169_0119.ply,170,170,170,170,0,0
OrangeKettlebell,0120,/gpfs/work3/0/prjs0839/data/UVG_CWI_DQPC/UVG-CWI-DQPC/OrangeKettlebell/cg/15fps/OrangeKettlebell_UVG-CWI-DQPC_CG_15_0_169_0120.ply,/gpfs/work3/0/prjs0839/data/UVG_CWI_DQPC/UVG-CWI-DQPC/OrangeKettlebell/he/15fps/OrangeKettlebell_UVG-CWI-DQPC_HE_15_0_169_0120.ply,170,170,170,170,0,0
OrangeKettlebell,0121,/gpfs/work3/0/prjs0839/data/UVG_CWI_DQPC/UVG-CWI-DQPC/OrangeKettlebell/cg/15fps/OrangeKettlebell_UVG-CWI-DQPC_CG_15_0_169_0121.ply,/gpfs/work3/0/prjs0839/data/UVG_CWI_DQPC/UVG-CWI-DQPC/OrangeKettlebell/he/15fps/OrangeKettlebell_UVG-CWI-DQPC_HE_15_0_169_0121.ply,170,170,170,170,0,0
OrangeKettlebell,0122,/gpfs/work3/0/prjs0839/data/UVG_CWI_DQPC/UVG-CWI-DQPC/OrangeKettlebell/cg/15fps/OrangeKettlebell_UVG-CWI-DQPC_CG_15_0_169_0122.ply,/gpfs/work3/0/prjs0839/data/UVG_CWI_DQPC/UVG-CWI-DQPC/OrangeKettlebell/he/15fps/OrangeKettlebell_UVG-CWI-DQPC_HE_15_0_169_0122.ply,170,170,170,170,0,0
OrangeKettlebell,0123,/gpfs/work3/0/prjs0839/data/UVG_CWI_DQPC/UVG-CWI-DQPC/OrangeKettlebell/cg/15fps/OrangeKettlebell_UVG-CWI-DQPC_CG_15_0_169_0123.ply,/gpfs/work3/0/prjs0839/data/UVG_CWI_DQPC/UVG-CWI-DQPC/OrangeKettlebell/he/15fps/OrangeKettlebell_UVG-CWI-DQPC_HE_15_0_169_0123.ply,170,170,170,170,0,0
OrangeKettlebell,0124,/gpfs/work3/0/prjs0839/data/UVG_CWI_DQPC/UVG-CWI-DQPC/OrangeKettlebell/cg/15fps/OrangeKettlebell_UVG-CWI-DQPC_CG_15_0_169_0124.ply,/gpfs/work3/0/prjs0839/data/UVG_CWI_DQPC/UVG-CWI-DQPC/OrangeKettlebell/he/15fps/OrangeKettlebell_UVG-CWI-DQPC_HE_15_0_169_0124.ply,170,170,170,170,0,0
OrangeKettlebell,0125,/gpfs/work3/0/prjs0839/data/UVG_CWI_DQPC/UVG-CWI-DQPC/OrangeKettlebell/cg/15fps/OrangeKettlebell_UVG-CWI-DQPC_CG_15_0_169_0125.ply,/gpfs/work3/0/prjs0839/data/UVG_CWI_DQPC/UVG-CWI-DQPC/OrangeKettlebell/he/15fps/OrangeKettlebell_UVG-CWI-DQPC_HE_15_0_169_0125.ply,170,170,170,170,0,0
OrangeKettlebell,0126,/gpfs/work3/0/prjs0839/data/UVG_CWI_DQPC/UVG-CWI-DQPC/OrangeKettlebell/cg/15fps/OrangeKettlebell_UVG-CWI-DQPC_CG_15_0_169_0126.ply,/gpfs/work3/0/prjs0839/data/UVG_CWI_DQPC/UVG-CWI-DQPC/OrangeKettlebell/he/15fps/OrangeKettlebell_UVG-CWI-DQPC_HE_15_0_169_0126.ply,170,170,170,170,0,0
OrangeKettlebell,0127,/gpfs/work3/0/prjs0839/data/UVG_CWI_DQPC/UVG-CWI-DQPC/OrangeKettlebell/cg/15fps/OrangeKettlebell_UVG-CWI-DQPC_CG_15_0_169_0127.ply,/gpfs/work3/0/prjs0839/data/UVG_CWI_DQPC/UVG-CWI-DQPC/OrangeKettlebell/he/15fps/OrangeKettlebell_UVG-CWI-DQPC_HE_15_0_169_0127.ply,170,170,170,170,0,0
OrangeKettlebell,0128,/gpfs/work3/0/prjs0839/data/UVG_CWI_DQPC/UVG-CWI-DQPC/OrangeKettlebell/cg/15fps/OrangeKettlebell_UVG-CWI-DQPC_CG_15_0_169_0128.ply,/gpfs/work3/0/prjs0839/data/UVG_CWI_DQPC/UVG-CWI-DQPC/OrangeKettlebell/he/15fps/OrangeKettlebell_UVG-CWI-DQPC_HE_15_0_169_0128.ply,170,170,170,170,0,0
OrangeKettlebell,0129,/gpfs/work3/0/prjs0839/data/UVG_CWI_DQPC/UVG-CWI-DQPC/OrangeKettlebell/cg/15fps/OrangeKettlebell_UVG-CWI-DQPC_CG_15_0_169_0129.ply,/gpfs/work3/0/prjs0839/data/UVG_CWI_DQPC/UVG-CWI-DQPC/OrangeKettlebell/he/15fps/OrangeKettlebell_UVG-CWI-DQPC_HE_15_0_169_0129.ply,170,170,170,170,0,0
OrangeKettlebell,0130,/gpfs/work3/0/prjs0839/data/UVG_CWI_DQPC/UVG-CWI-DQPC/OrangeKettlebell/cg/15fps/OrangeKettlebell_UVG-CWI-DQPC_CG_15_0_169_0130.ply,/gpfs/work3/0/prjs0839/data/UVG_CWI_DQPC/UVG-CWI-DQPC/OrangeKettlebell/he/15fps/OrangeKettlebell_UVG-CWI-DQPC_HE_15_0_169_0130.ply,170,170,170,170,0,0
OrangeKettlebell,0131,/gpfs/work3/0/prjs0839/data/UVG_CWI_DQPC/UVG-CWI-DQPC/OrangeKettlebell/cg/15fps/OrangeKettlebell_UVG-CWI-DQPC_CG_15_0_169_0131.ply,/gpfs/work3/0/prjs0839/data/UVG_CWI_DQPC/UVG-CWI-DQPC/OrangeKettlebell/he/15fps/OrangeKettlebell_UVG-CWI-DQPC_HE_15_0_169_0131.ply,170,170,170,170,0,0
OrangeKettlebell,0132,/gpfs/work3/0/prjs0839/data/UVG_CWI_DQPC/UVG-CWI-DQPC/OrangeKettlebell/cg/15fps/OrangeKettlebell_UVG-CWI-DQPC_CG_15_0_169_0132.ply,/gpfs/work3/0/prjs0839/data/UVG_CWI_DQPC/UVG-CWI-DQPC/OrangeKettlebell/he/15fps/OrangeKettlebell_UVG-CWI-DQPC_HE_15_0_169_0132.ply,170,170,170,170,0,0
OrangeKettlebell,0133,/gpfs/work3/0/prjs0839/data/UVG_CWI_DQPC/UVG-CWI-DQPC/OrangeKettlebell/cg/15fps/OrangeKettlebell_UVG-CWI-DQPC_CG_15_0_169_0133.ply,/gpfs/work3/0/prjs0839/data/UVG_CWI_DQPC/UVG-CWI-DQPC/OrangeKettlebell/he/15fps/OrangeKettlebell_UVG-CWI-DQPC_HE_15_0_169_0133.ply,170,170,170,170,0,0
OrangeKettlebell,0134,/gpfs/work3/0/prjs0839/data/UVG_CWI_DQPC/UVG-CWI-DQPC/OrangeKettlebell/cg/15fps/OrangeKettlebell_UVG-CWI-DQPC_CG_15_0_169_0134.ply,/gpfs/work3/0/prjs0839/data/UVG_CWI_DQPC/UVG-CWI-DQPC/OrangeKettlebell/he/15fps/OrangeKettlebell_UVG-CWI-DQPC_HE_15_0_169_0134.ply,170,170,170,170,0,0
OrangeKettlebell,0135,/gpfs/work3/0/prjs0839/data/UVG_CWI_DQPC/UVG-CWI-DQPC/OrangeKettlebell/cg/15fps/OrangeKettlebell_UVG-CWI-DQPC_CG_15_0_169_0135.ply,/gpfs/work3/0/prjs0839/data/UVG_CWI_DQPC/UVG-CWI-DQPC/OrangeKettlebell/he/15fps/OrangeKettlebell_UVG-CWI-DQPC_HE_15_0_169_0135.ply,170,170,170,170,0,0
OrangeKettlebell,0136,/gpfs/work3/0/prjs0839/data/UVG_CWI_DQPC/UVG-CWI-DQPC/OrangeKettlebell/cg/15fps/OrangeKettlebell_UVG-CWI-DQPC_CG_15_0_169_0136.ply,/gpfs/work3/0/prjs0839/data/UVG_CWI_DQPC/UVG-CWI-DQPC/OrangeKettlebell/he/15fps/OrangeKettlebell_UVG-CWI-DQPC_HE_15_0_169_0136.ply,170,170,170,170,0,0
OrangeKettlebell,0137,/gpfs/work3/0/prjs0839/data/UVG_CWI_DQPC/UVG-CWI-DQPC/OrangeKettlebell/cg/15fps/OrangeKettlebell_UVG-CWI-DQPC_CG_15_0_169_0137.ply,/gpfs/work3/0/prjs0839/data/UVG_CWI_DQPC/UVG-CWI-DQPC/OrangeKettlebell/he/15fps/OrangeKettlebell_UVG-CWI-DQPC_HE_15_0_169_0137.ply,170,170,170,170,0,0
OrangeKettlebell,0138,/gpfs/work3/0/prjs0839/data/UVG_CWI_DQPC/UVG-CWI-DQPC/OrangeKettlebell/cg/15fps/OrangeKettlebell_UVG-CWI-DQPC_CG_15_0_169_0138.ply,/gpfs/work3/0/prjs0839/data/UVG_CWI_DQPC/UVG-CWI-DQPC/OrangeKettlebell/he/15fps/OrangeKettlebell_UVG-CWI-DQPC_HE_15_0_169_0138.ply,170,170,170,170,0,0
OrangeKettlebell,0139,/gpfs/work3/0/prjs0839/data/UVG_CWI_DQPC/UVG-CWI-DQPC/OrangeKettlebell/cg/15fps/OrangeKettlebell_UVG-CWI-DQPC_CG_15_0_169_0139.ply,/gpfs/work3/0/prjs0839/data/UVG_CWI_DQPC/UVG-CWI-DQPC/OrangeKettlebell/he/15fps/OrangeKettlebell_UVG-CWI-DQPC_HE_15_0_169_0139.ply,170,170,170,170,0,0
OrangeKettlebell,0140,/gpfs/work3/0/prjs0839/data/UVG_CWI_DQPC/UVG-CWI-DQPC/OrangeKettlebell/cg/15fps/OrangeKettlebell_UVG-CWI-DQPC_CG_15_0_169_0140.ply,/gpfs/work3/0/prjs0839/data/UVG_CWI_DQPC/UVG-CWI-DQPC/OrangeKettlebell/he/15fps/OrangeKettlebell_UVG-CWI-DQPC_HE_15_0_169_0140.ply,170,170,170,170,0,0
OrangeKettlebell,0141,/gpfs/work3/0/prjs0839/data/UVG_CWI_DQPC/UVG-CWI-DQPC/OrangeKettlebell/cg/15fps/OrangeKettlebell_UVG-CWI-DQPC_CG_15_0_169_0141.ply,/gpfs/work3/0/prjs0839/data/UVG_CWI_DQPC/UVG-CWI-DQPC/OrangeKettlebell/he/15fps/OrangeKettlebell_UVG-CWI-DQPC_HE_15_0_169_0141.ply,170,170,170,170,0,0
OrangeKettlebell,0142,/gpfs/work3/0/prjs0839/data/UVG_CWI_DQPC/UVG-CWI-DQPC/OrangeKettlebell/cg/15fps/OrangeKettlebell_UVG-CWI-DQPC_CG_15_0_169_0142.ply,/gpfs/work3/0/prjs0839/data/UVG_CWI_DQPC/UVG-CWI-DQPC/OrangeKettlebell/he/15fps/OrangeKettlebell_UVG-CWI-DQPC_HE_15_0_169_0142.ply,170,170,170,170,0,0
OrangeKettlebell,0143,/gpfs/work3/0/prjs0839/data/UVG_CWI_DQPC/UVG-CWI-DQPC/OrangeKettlebell/cg/15fps/OrangeKettlebell_UVG-CWI-DQPC_CG_15_0_169_0143.ply,/gpfs/work3/0/prjs0839/data/UVG_CWI_DQPC/UVG-CWI-DQPC/OrangeKettlebell/he/15fps/OrangeKettlebell_UVG-CWI-DQPC_HE_15_0_169_0143.ply,170,170,170,170,0,0
OrangeKettlebell,0144,/gpfs/work3/0/prjs0839/data/UVG_CWI_DQPC/UVG-CWI-DQPC/OrangeKettlebell/cg/15fps/OrangeKettlebell_UVG-CWI-DQPC_CG_15_0_169_0144.ply,/gpfs/work3/0/prjs0839/data/UVG_CWI_DQPC/UVG-CWI-DQPC/OrangeKettlebell/he/15fps/OrangeKettlebell_UVG-CWI-DQPC_HE_15_0_169_0144.ply,170,170,170,170,0,0
OrangeKettlebell,0145,/gpfs/work3/0/prjs0839/data/UVG_CWI_DQPC/UVG-CWI-DQPC/OrangeKettlebell/cg/15fps/OrangeKettlebell_UVG-CWI-DQPC_CG_15_0_169_0145.ply,/gpfs/work3/0/prjs0839/data/UVG_CWI_DQPC/UVG-CWI-DQPC/OrangeKettlebell/he/15fps/OrangeKettlebell_UVG-CWI-DQPC_HE_15_0_169_0145.ply,170,170,170,170,0,0
OrangeKettlebell,0146,/gpfs/work3/0/prjs0839/data/UVG_CWI_DQPC/UVG-CWI-DQPC/OrangeKettlebell/cg/15fps/OrangeKettlebell_UVG-CWI-DQPC_CG_15_0_169_0146.ply,/gpfs/work3/0/prjs0839/data/UVG_CWI_DQPC/UVG-CWI-DQPC/OrangeKettlebell/he/15fps/OrangeKettlebell_UVG-CWI-DQPC_HE_15_0_169_0146.ply,170,170,170,170,0,0
OrangeKettlebell,0147,/gpfs/work3/0/prjs0839/data/UVG_CWI_DQPC/UVG-CWI-DQPC/OrangeKettlebell/cg/15fps/OrangeKettlebell_UVG-CWI-DQPC_CG_15_0_169_0147.ply,/gpfs/work3/0/prjs0839/data/UVG_CWI_DQPC/UVG-CWI-DQPC/OrangeKettlebell/he/15fps/OrangeKettlebell_UVG-CWI-DQPC_HE_15_0_169_0147.ply,170,170,170,170,0,0
OrangeKettlebell,0148,/gpfs/work3/0/prjs0839/data/UVG_CWI_DQPC/UVG-CWI-DQPC/OrangeKettlebell/cg/15fps/OrangeKettlebell_UVG-CWI-DQPC_CG_15_0_169_0148.ply,/gpfs/work3/0/prjs0839/data/UVG_CWI_DQPC/UVG-CWI-DQPC/OrangeKettlebell/he/15fps/OrangeKettlebell_UVG-CWI-DQPC_HE_15_0_169_0148.ply,170,170,170,170,0,0
OrangeKettlebell,0149,/gpfs/work3/0/prjs0839/data/UVG_CWI_DQPC/UVG-CWI-DQPC/OrangeKettlebell/cg/15fps/OrangeKettlebell_UVG-CWI-DQPC_CG_15_0_169_0149.ply,/gpfs/work3/0/prjs0839/data/UVG_CWI_DQPC/UVG-CWI-DQPC/OrangeKettlebell/he/15fps/OrangeKettlebell_UVG-CWI-DQPC_HE_15_0_169_0149.ply,170,170,170,170,0,0
OrangeKettlebell,0150,/gpfs/work3/0/prjs0839/data/UVG_CWI_DQPC/UVG-CWI-DQPC/OrangeKettlebell/cg/15fps/OrangeKettlebell_UVG-CWI-DQPC_CG_15_0_169_0150.ply,/gpfs/work3/0/prjs0839/data/UVG_CWI_DQPC/UVG-CWI-DQPC/OrangeKettlebell/he/15fps/OrangeKettlebell_UVG-CWI-DQPC_HE_15_0_169_0150.ply,170,170,170,170,0,0
OrangeKettlebell,0151,/gpfs/work3/0/prjs0839/data/UVG_CWI_DQPC/UVG-CWI-DQPC/OrangeKettlebell/cg/15fps/OrangeKettlebell_UVG-CWI-DQPC_CG_15_0_169_0151.ply,/gpfs/work3/0/prjs0839/data/UVG_CWI_DQPC/UVG-CWI-DQPC/OrangeKettlebell/he/15fps/OrangeKettlebell_UVG-CWI-DQPC_HE_15_0_169_0151.ply,170,170,170,170,0,0
OrangeKettlebell,0152,/gpfs/work3/0/prjs0839/data/UVG_CWI_DQPC/UVG-CWI-DQPC/OrangeKettlebell/cg/15fps/OrangeKettlebell_UVG-CWI-DQPC_CG_15_0_169_0152.ply,/gpfs/work3/0/prjs0839/data/UVG_CWI_DQPC/UVG-CWI-DQPC/OrangeKettlebell/he/15fps/OrangeKettlebell_UVG-CWI-DQPC_HE_15_0_169_0152.ply,170,170,170,170,0,0
OrangeKettlebell,0153,/gpfs/work3/0/prjs0839/data/UVG_CWI_DQPC/UVG-CWI-DQPC/OrangeKettlebell/cg/15fps/OrangeKettlebell_UVG-CWI-DQPC_CG_15_0_169_0153.ply,/gpfs/work3/0/prjs0839/data/UVG_CWI_DQPC/UVG-CWI-DQPC/OrangeKettlebell/he/15fps/OrangeKettlebell_UVG-CWI-DQPC_HE_15_0_169_0153.ply,170,170,170,170,0,0
OrangeKettlebell,0154,/gpfs/work3/0/prjs0839/data/UVG_CWI_DQPC/UVG-CWI-DQPC/OrangeKettlebell/cg/15fps/OrangeKettlebell_UVG-CWI-DQPC_CG_15_0_169_0154.ply,/gpfs/work3/0/prjs0839/data/UVG_CWI_DQPC/UVG-CWI-DQPC/OrangeKettlebell/he/15fps/OrangeKettlebell_UVG-CWI-DQPC_HE_15_0_169_0154.ply,170,170,170,170,0,0
OrangeKettlebell,0155,/gpfs/work3/0/prjs0839/data/UVG_CWI_DQPC/UVG-CWI-DQPC/OrangeKettlebell/cg/15fps/OrangeKettlebell_UVG-CWI-DQPC_CG_15_0_169_0155.ply,/gpfs/work3/0/prjs0839/data/UVG_CWI_DQPC/UVG-CWI-DQPC/OrangeKettlebell/he/15fps/OrangeKettlebell_UVG-CWI-DQPC_HE_15_0_169_0155.ply,170,170,170,170,0,0
OrangeKettlebell,0156,/gpfs/work3/0/prjs0839/data/UVG_CWI_DQPC/UVG-CWI-DQPC/OrangeKettlebell/cg/15fps/OrangeKettlebell_UVG-CWI-DQPC_CG_15_0_169_0156.ply,/gpfs/work3/0/prjs0839/data/UVG_CWI_DQPC/UVG-CWI-DQPC/OrangeKettlebell/he/15fps/OrangeKettlebell_UVG-CWI-DQPC_HE_15_0_169_0156.ply,170,170,170,170,0,0
OrangeKettlebell,0157,/gpfs/work3/0/prjs0839/data/UVG_CWI_DQPC/UVG-CWI-DQPC/OrangeKettlebell/cg/15fps/OrangeKettlebell_UVG-CWI-DQPC_CG_15_0_169_0157.ply,/gpfs/work3/0/prjs0839/data/UVG_CWI_DQPC/UVG-CWI-DQPC/OrangeKettlebell/he/15fps/OrangeKettlebell_UVG-CWI-DQPC_HE_15_0_169_0157.ply,170,170,170,170,0,0
OrangeKettlebell,0158,/gpfs/work3/0/prjs0839/data/UVG_CWI_DQPC/UVG-CWI-DQPC/OrangeKettlebell/cg/15fps/OrangeKettlebell_UVG-CWI-DQPC_CG_15_0_169_0158.ply,/gpfs/work3/0/prjs0839/data/UVG_CWI_DQPC/UVG-CWI-DQPC/OrangeKettlebell/he/15fps/OrangeKettlebell_UVG-CWI-DQPC_HE_15_0_169_0158.ply,170,170,170,170,0,0
OrangeKettlebell,0159,/gpfs/work3/0/prjs0839/data/UVG_CWI_DQPC/UVG-CWI-DQPC/OrangeKettlebell/cg/15fps/OrangeKettlebell_UVG-CWI-DQPC_CG_15_0_169_0159.ply,/gpfs/work3/0/prjs0839/data/UVG_CWI_DQPC/UVG-CWI-DQPC/OrangeKettlebell/he/15fps/OrangeKettlebell_UVG-CWI-DQPC_HE_15_0_169_0159.ply,170,170,170,170,0,0
OrangeKettlebell,0160,/gpfs/work3/0/prjs0839/data/UVG_CWI_DQPC/UVG-CWI-DQPC/OrangeKettlebell/cg/15fps/OrangeKettlebell_UVG-CWI-DQPC_CG_15_0_169_0160.ply,/gpfs/work3/0/prjs0839/data/UVG_CWI_DQPC/UVG-CWI-DQPC/OrangeKettlebell/he/15fps/OrangeKettlebell_UVG-CWI-DQPC_HE_15_0_169_0160.ply,170,170,170,170,0,0
OrangeKettlebell,0161,/gpfs/work3/0/prjs0839/data/UVG_CWI_DQPC/UVG-CWI-DQPC/OrangeKettlebell/cg/15fps/OrangeKettlebell_UVG-CWI-DQPC_CG_15_0_169_0161.ply,/gpfs/work3/0/prjs0839/data/UVG_CWI_DQPC/UVG-CWI-DQPC/OrangeKettlebell/he/15fps/OrangeKettlebell_UVG-CWI-DQPC_HE_15_0_169_0161.ply,170,170,170,170,0,0
OrangeKettlebell,0162,/gpfs/work3/0/prjs0839/data/UVG_CWI_DQPC/UVG-CWI-DQPC/OrangeKettlebell/cg/15fps/OrangeKettlebell_UVG-CWI-DQPC_CG_15_0_169_0162.ply,/gpfs/work3/0/prjs0839/data/UVG_CWI_DQPC/UVG-CWI-DQPC/OrangeKettlebell/he/15fps/OrangeKettlebell_UVG-CWI-DQPC_HE_15_0_169_0162.ply,170,170,170,170,0,0
OrangeKettlebell,0163,/gpfs/work3/0/prjs0839/data/UVG_CWI_DQPC/UVG-CWI-DQPC/OrangeKettlebell/cg/15fps/OrangeKettlebell_UVG-CWI-DQPC_CG_15_0_169_0163.ply,/gpfs/work3/0/prjs0839/data/UVG_CWI_DQPC/UVG-CWI-DQPC/OrangeKettlebell/he/15fps/OrangeKettlebell_UVG-CWI-DQPC_HE_15_0_169_0163.ply,170,170,170,170,0,0
OrangeKettlebell,0164,/gpfs/work3/0/prjs0839/data/UVG_CWI_DQPC/UVG-CWI-DQPC/OrangeKettlebell/cg/15fps/OrangeKettlebell_UVG-CWI-DQPC_CG_15_0_169_0164.ply,/gpfs/work3/0/prjs0839/data/UVG_CWI_DQPC/UVG-CWI-DQPC/OrangeKettlebell/he/15fps/OrangeKettlebell_UVG-CWI-DQPC_HE_15_0_169_0164.ply,170,170,170,170,0,0
OrangeKettlebell,0165,/gpfs/work3/0/prjs0839/data/UVG_CWI_DQPC/UVG-CWI-DQPC/OrangeKettlebell/cg/15fps/OrangeKettlebell_UVG-CWI-DQPC_CG_15_0_169_0165.ply,/gpfs/work3/0/prjs0839/data/UVG_CWI_DQPC/UVG-CWI-DQPC/OrangeKettlebell/he/15fps/OrangeKettlebell_UVG-CWI-DQPC_HE_15_0_169_0165.ply,170,170,170,170,0,0
OrangeKettlebell,0166,/gpfs/work3/0/prjs0839/data/UVG_CWI_DQPC/UVG-CWI-DQPC/OrangeKettlebell/cg/15fps/OrangeKettlebell_UVG-CWI-DQPC_CG_15_0_169_0166.ply,/gpfs/work3/0/prjs0839/data/UVG_CWI_DQPC/UVG-CWI-DQPC/OrangeKettlebell/he/15fps/OrangeKettlebell_UVG-CWI-DQPC_HE_15_0_169_0166.ply,170,170,170,170,0,0
OrangeKettlebell,0167,/gpfs/work3/0/prjs0839/data/UVG_CWI_DQPC/UVG-CWI-DQPC/OrangeKettlebell/cg/15fps/OrangeKettlebell_UVG-CWI-DQPC_CG_15_0_169_0167.ply,/gpfs/work3/0/prjs0839/data/UVG_CWI_DQPC/UVG-CWI-DQPC/OrangeKettlebell/he/15fps/OrangeKettlebell_UVG-CWI-DQPC_HE_15_0_169_0167.ply,170,170,170,170,0,0
OrangeKettlebell,0168,/gpfs/work3/0/prjs0839/data/UVG_CWI_DQPC/UVG-CWI-DQPC/OrangeKettlebell/cg/15fps/OrangeKettlebell_UVG-CWI-DQPC_CG_15_0_169_0168.ply,/gpfs/work3/0/prjs0839/data/UVG_CWI_DQPC/UVG-CWI-DQPC/OrangeKettlebell/he/15fps/OrangeKettlebell_UVG-CWI-DQPC_HE_15_0_169_0168.ply,170,170,170,170,0,0
OrangeKettlebell,0169,/gpfs/work3/0/prjs0839/data/UVG_CWI_DQPC/UVG-CWI-DQPC/OrangeKettlebell/cg/15fps/OrangeKettlebell_UVG-CWI-DQPC_CG_15_0_169_0169.ply,/gpfs/work3/0/prjs0839/data/UVG_CWI_DQPC/UVG-CWI-DQPC/OrangeKettlebell/he/15fps/OrangeKettlebell_UVG-CWI-DQPC_HE_15_0_169_0169.ply,170,170,170,170,0,0
PinkNoir,0000,/gpfs/work3/0/prjs0839/data/UVG_CWI_DQPC/UVG-CWI-DQPC/PinkNoir/cg/15fps/PinkNoir_UVG-CWI-DQPC_CG_15_0_200_0000.ply,/gpfs/work3/0/prjs0839/data/UVG_CWI_DQPC/UVG-CWI-DQPC/PinkNoir/he/15fps/PinkNoir_UVG-CWI-DQPC_HE_15_0_200_0000.ply,201,201,201,201,0,0
PinkNoir,0001,/gpfs/work3/0/prjs0839/data/UVG_CWI_DQPC/UVG-CWI-DQPC/PinkNoir/cg/15fps/PinkNoir_UVG-CWI-DQPC_CG_15_0_200_0001.ply,/gpfs/work3/0/prjs0839/data/UVG_CWI_DQPC/UVG-CWI-DQPC/PinkNoir/he/15fps/PinkNoir_UVG-CWI-DQPC_HE_15_0_200_0001.ply,201,201,201,201,0,0
PinkNoir,0002,/gpfs/work3/0/prjs0839/data/UVG_CWI_DQPC/UVG-CWI-DQPC/PinkNoir/cg/15fps/PinkNoir_UVG-CWI-DQPC_CG_15_0_200_0002.ply,/gpfs/work3/0/prjs0839/data/UVG_CWI_DQPC/UVG-CWI-DQPC/PinkNoir/he/15fps/PinkNoir_UVG-CWI-DQPC_HE_15_0_200_0002.ply,201,201,201,201,0,0
PinkNoir,0003,/gpfs/work3/0/prjs0839/data/UVG_CWI_DQPC/UVG-CWI-DQPC/PinkNoir/cg/15fps/PinkNoir_UVG-CWI-DQPC_CG_15_0_200_0003.ply,/gpfs/work3/0/prjs0839/data/UVG_CWI_DQPC/UVG-CWI-DQPC/PinkNoir/he/15fps/PinkNoir_UVG-CWI-DQPC_HE_15_0_200_0003.ply,201,201,201,201,0,0
PinkNoir,0004,/gpfs/work3/0/prjs0839/data/UVG_CWI_DQPC/UVG-CWI-DQPC/PinkNoir/cg/15fps/PinkNoir_UVG-CWI-DQPC_CG_15_0_200_0004.ply,/gpfs/work3/0/prjs0839/data/UVG_CWI_DQPC/UVG-CWI-DQPC/PinkNoir/he/15fps/PinkNoir_UVG-CWI-DQPC_HE_15_0_200_0004.ply,201,201,201,201,0,0
PinkNoir,0005,/gpfs/work3/0/prjs0839/data/UVG_CWI_DQPC/UVG-CWI-DQPC/PinkNoir/cg/15fps/PinkNoir_UVG-CWI-DQPC_CG_15_0_200_0005.ply,/gpfs/work3/0/prjs0839/data/UVG_CWI_DQPC/UVG-CWI-DQPC/PinkNoir/he/15fps/PinkNoir_UVG-CWI-DQPC_HE_15_0_200_0005.ply,201,201,201,201,0,0
PinkNoir,0006,/gpfs/work3/0/prjs0839/data/UVG_CWI_DQPC/UVG-CWI-DQPC/PinkNoir/cg/15fps/PinkNoir_UVG-CWI-DQPC_CG_15_0_200_0006.ply,/gpfs/work3/0/prjs0839/data/UVG_CWI_DQPC/UVG-CWI-DQPC/PinkNoir/he/15fps/PinkNoir_UVG-CWI-DQPC_HE_15_0_200_0006.ply,201,201,201,201,0,0
PinkNoir,0007,/gpfs/work3/0/prjs0839/data/UVG_CWI_DQPC/UVG-CWI-DQPC/PinkNoir/cg/15fps/PinkNoir_UVG-CWI-DQPC_CG_15_0_200_0007.ply,/gpfs/work3/0/prjs0839/data/UVG_CWI_DQPC/UVG-CWI-DQPC/PinkNoir/he/15fps/PinkNoir_UVG-CWI-DQPC_HE_15_0_200_0007.ply,201,201,201,201,0,0
PinkNoir,0008,/gpfs/work3/0/prjs0839/data/UVG_CWI_DQPC/UVG-CWI-DQPC/PinkNoir/cg/15fps/PinkNoir_UVG-CWI-DQPC_CG_15_0_200_0008.ply,/gpfs/work3/0/prjs0839/data/UVG_CWI_DQPC/UVG-CWI-DQPC/PinkNoir/he/15fps/PinkNoir_UVG-CWI-DQPC_HE_15_0_200_0008.ply,201,201,201,201,0,0
PinkNoir,0009,/gpfs/work3/0/prjs0839/data/UVG_CWI_DQPC/UVG-CWI-DQPC/PinkNoir/cg/15fps/PinkNoir_UVG-CWI-DQPC_CG_15_0_200_0009.ply,/gpfs/work3/0/prjs0839/data/UVG_CWI_DQPC/UVG-CWI-DQPC/PinkNoir/he/15fps/PinkNoir_UVG-CWI-DQPC_HE_15_0_200_0009.ply,201,201,201,201,0,0
PinkNoir,0010,/gpfs/work3/0/prjs0839/data/UVG_CWI_DQPC/UVG-CWI-DQPC/PinkNoir/cg/15fps/PinkNoir_UVG-CWI-DQPC_CG_15_0_200_0010.ply,/gpfs/work3/0/prjs0839/data/UVG_CWI_DQPC/UVG-CWI-DQPC/PinkNoir/he/15fps/PinkNoir_UVG-CWI-DQPC_HE_15_0_200_0010.ply,201,201,201,201,0,0
PinkNoir,0011,/gpfs/work3/0/prjs0839/data/UVG_CWI_DQPC/UVG-CWI-DQPC/PinkNoir/cg/15fps/PinkNoir_UVG-CWI-DQPC_CG_15_0_200_0011.ply,/gpfs/work3/0/prjs0839/data/UVG_CWI_DQPC/UVG-CWI-DQPC/PinkNoir/he/15fps/PinkNoir_UVG-CWI-DQPC_HE_15_0_200_0011.ply,201,201,201,201,0,0
PinkNoir,0012,/gpfs/work3/0/prjs0839/data/UVG_CWI_DQPC/UVG-CWI-DQPC/PinkNoir/cg/15fps/PinkNoir_UVG-CWI-DQPC_CG_15_0_200_0012.ply,/gpfs/work3/0/prjs0839/data/UVG_CWI_DQPC/UVG-CWI-DQPC/PinkNoir/he/15fps/PinkNoir_UVG-CWI-DQPC_HE_15_0_200_0012.ply,201,201,201,201,0,0
PinkNoir,0013,/gpfs/work3/0/prjs0839/data/UVG_CWI_DQPC/UVG-CWI-DQPC/PinkNoir/cg/15fps/PinkNoir_UVG-CWI-DQPC_CG_15_0_200_0013.ply,/gpfs/work3/0/prjs0839/data/UVG_CWI_DQPC/UVG-CWI-DQPC/PinkNoir/he/15fps/PinkNoir_UVG-CWI-DQPC_HE_15_0_200_0013.ply,201,201,201,201,0,0
PinkNoir,0014,/gpfs/work3/0/prjs0839/data/UVG_CWI_DQPC/UVG-CWI-DQPC/PinkNoir/cg/15fps/PinkNoir_UVG-CWI-DQPC_CG_15_0_200_0014.ply,/gpfs/work3/0/prjs0839/data/UVG_CWI_DQPC/UVG-CWI-DQPC/PinkNoir/he/15fps/PinkNoir_UVG-CWI-DQPC_HE_15_0_200_0014.ply,201,201,201,201,0,0
PinkNoir,0015,/gpfs/work3/0/prjs0839/data/UVG_CWI_DQPC/UVG-CWI-DQPC/PinkNoir/cg/15fps/PinkNoir_UVG-CWI-DQPC_CG_15_0_200_0015.ply,/gpfs/work3/0/prjs0839/data/UVG_CWI_DQPC/UVG-CWI-DQPC/PinkNoir/he/15fps/PinkNoir_UVG-CWI-DQPC_HE_15_0_200_0015.ply,201,201,201,201,0,0
PinkNoir,0016,/gpfs/work3/0/prjs0839/data/UVG_CWI_DQPC/UVG-CWI-DQPC/PinkNoir/cg/15fps/PinkNoir_UVG-CWI-DQPC_CG_15_0_200_0016.ply,/gpfs/work3/0/prjs0839/data/UVG_CWI_DQPC/UVG-CWI-DQPC/PinkNoir/he/15fps/PinkNoir_UVG-CWI-DQPC_HE_15_0_200_0016.ply,201,201,201,201,0,0
PinkNoir,0017,/gpfs/work3/0/prjs0839/data/UVG_CWI_DQPC/UVG-CWI-DQPC/PinkNoir/cg/15fps/PinkNoir_UVG-CWI-DQPC_CG_15_0_200_0017.ply,/gpfs/work3/0/prjs0839/data/UVG_CWI_DQPC/UVG-CWI-DQPC/PinkNoir/he/15fps/PinkNoir_UVG-CWI-DQPC_HE_15_0_200_0017.ply,201,201,201,201,0,0
PinkNoir,0018,/gpfs/work3/0/prjs0839/data/UVG_CWI_DQPC/UVG-CWI-DQPC/PinkNoir/cg/15fps/PinkNoir_UVG-CWI-DQPC_CG_15_0_200_0018.ply,/gpfs/work3/0/prjs0839/data/UVG_CWI_DQPC/UVG-CWI-DQPC/PinkNoir/he/15fps/PinkNoir_UVG-CWI-DQPC_HE_15_0_200_0018.ply,201,201,201,201,0,0
PinkNoir,0019,/gpfs/work3/0/prjs0839/data/UVG_CWI_DQPC/UVG-CWI-DQPC/PinkNoir/cg/15fps/PinkNoir_UVG-CWI-DQPC_CG_15_0_200_0019.ply,/gpfs/work3/0/prjs0839/data/UVG_CWI_DQPC/UVG-CWI-DQPC/PinkNoir/he/15fps/PinkNoir_UVG-CWI-DQPC_HE_15_0_200_0019.ply,201,201,201,201,0,0
PinkNoir,0020,/gpfs/work3/0/prjs0839/data/UVG_CWI_DQPC/UVG-CWI-DQPC/PinkNoir/cg/15fps/PinkNoir_UVG-CWI-DQPC_CG_15_0_200_0020.ply,/gpfs/work3/0/prjs0839/data/UVG_CWI_DQPC/UVG-CWI-DQPC/PinkNoir/he/15fps/PinkNoir_UVG-CWI-DQPC_HE_15_0_200_0020.ply,201,201,201,201,0,0
PinkNoir,0021,/gpfs/work3/0/prjs0839/data/UVG_CWI_DQPC/UVG-CWI-DQPC/PinkNoir/cg/15fps/PinkNoir_UVG-CWI-DQPC_CG_15_0_200_0021.ply,/gpfs/work3/0/prjs0839/data/UVG_CWI_DQPC/UVG-CWI-DQPC/PinkNoir/he/15fps/PinkNoir_UVG-CWI-DQPC_HE_15_0_200_0021.ply,201,201,201,201,0,0
PinkNoir,0022,/gpfs/work3/0/prjs0839/data/UVG_CWI_DQPC/UVG-CWI-DQPC/PinkNoir/cg/15fps/PinkNoir_UVG-CWI-DQPC_CG_15_0_200_0022.ply,/gpfs/work3/0/prjs0839/data/UVG_CWI_DQPC/UVG-CWI-DQPC/PinkNoir/he/15fps/PinkNoir_UVG-CWI-DQPC_HE_15_0_200_0022.ply,201,201,201,201,0,0
PinkNoir,0023,/gpfs/work3/0/prjs0839/data/UVG_CWI_DQPC/UVG-CWI-DQPC/PinkNoir/cg/15fps/PinkNoir_UVG-CWI-DQPC_CG_15_0_200_0023.ply,/gpfs/work3/0/prjs0839/data/UVG_CWI_DQPC/UVG-CWI-DQPC/PinkNoir/he/15fps/PinkNoir_UVG-CWI-DQPC_HE_15_0_200_0023.ply,201,201,201,201,0,0
PinkNoir,0024,/gpfs/work3/0/prjs0839/data/UVG_CWI_DQPC/UVG-CWI-DQPC/PinkNoir/cg/15fps/PinkNoir_UVG-CWI-DQPC_CG_15_0_200_0024.ply,/gpfs/work3/0/prjs0839/data/UVG_CWI_DQPC/UVG-CWI-DQPC/PinkNoir/he/15fps/PinkNoir_UVG-CWI-DQPC_HE_15_0_200_0024.ply,201,201,201,201,0,0
PinkNoir,0025,/gpfs/work3/0/prjs0839/data/UVG_CWI_DQPC/UVG-CWI-DQPC/PinkNoir/cg/15fps/PinkNoir_UVG-CWI-DQPC_CG_15_0_200_0025.ply,/gpfs/work3/0/prjs0839/data/UVG_CWI_DQPC/UVG-CWI-DQPC/PinkNoir/he/15fps/PinkNoir_UVG-CWI-DQPC_HE_15_0_200_0025.ply,201,201,201,201,0,0
PinkNoir,0026,/gpfs/work3/0/prjs0839/data/UVG_CWI_DQPC/UVG-CWI-DQPC/PinkNoir/cg/15fps/PinkNoir_UVG-CWI-DQPC_CG_15_0_200_0026.ply,/gpfs/work3/0/prjs0839/data/UVG_CWI_DQPC/UVG-CWI-DQPC/PinkNoir/he/15fps/PinkNoir_UVG-CWI-DQPC_HE_15_0_200_0026.ply,201,201,201,201,0,0
PinkNoir,0027,/gpfs/work3/0/prjs0839/data/UVG_CWI_DQPC/UVG-CWI-DQPC/PinkNoir/cg/15fps/PinkNoir_UVG-CWI-DQPC_CG_15_0_200_0027.ply,/gpfs/work3/0/prjs0839/data/UVG_CWI_DQPC/UVG-CWI-DQPC/PinkNoir/he/15fps/PinkNoir_UVG-CWI-DQPC_HE_15_0_200_0027.ply,201,201,201,201,0,0
PinkNoir,0028,/gpfs/work3/0/prjs0839/data/UVG_CWI_DQPC/UVG-CWI-DQPC/PinkNoir/cg/15fps/PinkNoir_UVG-CWI-DQPC_CG_15_0_200_0028.ply,/gpfs/work3/0/prjs0839/data/UVG_CWI_DQPC/UVG-CWI-DQPC/PinkNoir/he/15fps/PinkNoir_UVG-CWI-DQPC_HE_15_0_200_0028.ply,201,201,201,201,0,0
PinkNoir,0029,/gpfs/work3/0/prjs0839/data/UVG_CWI_DQPC/UVG-CWI-DQPC/PinkNoir/cg/15fps/PinkNoir_UVG-CWI-DQPC_CG_15_0_200_0029.ply,/gpfs/work3/0/prjs0839/data/UVG_CWI_DQPC/UVG-CWI-DQPC/PinkNoir/he/15fps/PinkNoir_UVG-CWI-DQPC_HE_15_0_200_0029.ply,201,201,201,201,0,0
PinkNoir,0030,/gpfs/work3/0/prjs0839/data/UVG_CWI_DQPC/UVG-CWI-DQPC/PinkNoir/cg/15fps/PinkNoir_UVG-CWI-DQPC_CG_15_0_200_0030.ply,/gpfs/work3/0/prjs0839/data/UVG_CWI_DQPC/UVG-CWI-DQPC/PinkNoir/he/15fps/PinkNoir_UVG-CWI-DQPC_HE_15_0_200_0030.ply,201,201,201,201,0,0
PinkNoir,0031,/gpfs/work3/0/prjs0839/data/UVG_CWI_DQPC/UVG-CWI-DQPC/PinkNoir/cg/15fps/PinkNoir_UVG-CWI-DQPC_CG_15_0_200_0031.ply,/gpfs/work3/0/prjs0839/data/UVG_CWI_DQPC/UVG-CWI-DQPC/PinkNoir/he/15fps/PinkNoir_UVG-CWI-DQPC_HE_15_0_200_0031.ply,201,201,201,201,0,0
PinkNoir,0032,/gpfs/work3/0/prjs0839/data/UVG_CWI_DQPC/UVG-CWI-DQPC/PinkNoir/cg/15fps/PinkNoir_UVG-CWI-DQPC_CG_15_0_200_0032.ply,/gpfs/work3/0/prjs0839/data/UVG_CWI_DQPC/UVG-CWI-DQPC/PinkNoir/he/15fps/PinkNoir_UVG-CWI-DQPC_HE_15_0_200_0032.ply,201,201,201,201,0,0
PinkNoir,0033,/gpfs/work3/0/prjs0839/data/UVG_CWI_DQPC/UVG-CWI-DQPC/PinkNoir/cg/15fps/PinkNoir_UVG-CWI-DQPC_CG_15_0_200_0033.ply,/gpfs/work3/0/prjs0839/data/UVG_CWI_DQPC/UVG-CWI-DQPC/PinkNoir/he/15fps/PinkNoir_UVG-CWI-DQPC_HE_15_0_200_0033.ply,201,201,201,201,0,0
PinkNoir,0034,/gpfs/work3/0/prjs0839/data/UVG_CWI_DQPC/UVG-CWI-DQPC/PinkNoir/cg/15fps/PinkNoir_UVG-CWI-DQPC_CG_15_0_200_0034.ply,/gpfs/work3/0/prjs0839/data/UVG_CWI_DQPC/UVG-CWI-DQPC/PinkNoir/he/15fps/PinkNoir_UVG-CWI-DQPC_HE_15_0_200_0034.ply,201,201,201,201,0,0
PinkNoir,0035,/gpfs/work3/0/prjs0839/data/UVG_CWI_DQPC/UVG-CWI-DQPC/PinkNoir/cg/15fps/PinkNoir_UVG-CWI-DQPC_CG_15_0_200_0035.ply,/gpfs/work3/0/prjs0839/data/UVG_CWI_DQPC/UVG-CWI-DQPC/PinkNoir/he/15fps/PinkNoir_UVG-CWI-DQPC_HE_15_0_200_0035.ply,201,201,201,201,0,0
PinkNoir,0036,/gpfs/work3/0/prjs0839/data/UVG_CWI_DQPC/UVG-CWI-DQPC/PinkNoir/cg/15fps/PinkNoir_UVG-CWI-DQPC_CG_15_0_200_0036.ply,/gpfs/work3/0/prjs0839/data/UVG_CWI_DQPC/UVG-CWI-DQPC/PinkNoir/he/15fps/PinkNoir_UVG-CWI-DQPC_HE_15_0_200_0036.ply,201,201,201,201,0,0
PinkNoir,0037,/gpfs/work3/0/prjs0839/data/UVG_CWI_DQPC/UVG-CWI-DQPC/PinkNoir/cg/15fps/PinkNoir_UVG-CWI-DQPC_CG_15_0_200_0037.ply,/gpfs/work3/0/prjs0839/data/UVG_CWI_DQPC/UVG-CWI-DQPC/PinkNoir/he/15fps/PinkNoir_UVG-CWI-DQPC_HE_15_0_200_0037.ply,201,201,201,201,0,0
PinkNoir,0038,/gpfs/work3/0/prjs0839/data/UVG_CWI_DQPC/UVG-CWI-DQPC/PinkNoir/cg/15fps/PinkNoir_UVG-CWI-DQPC_CG_15_0_200_0038.ply,/gpfs/work3/0/prjs0839/data/UVG_CWI_DQPC/UVG-CWI-DQPC/PinkNoir/he/15fps/PinkNoir_UVG-CWI-DQPC_HE_15_0_200_0038.ply,201,201,201,201,0,0
PinkNoir,0039,/gpfs/work3/0/prjs0839/data/UVG_CWI_DQPC/UVG-CWI-DQPC/PinkNoir/cg/15fps/PinkNoir_UVG-CWI-DQPC_CG_15_0_200_0039.ply,/gpfs/work3/0/prjs0839/data/UVG_CWI_DQPC/UVG-CWI-DQPC/PinkNoir/he/15fps/PinkNoir_UVG-CWI-DQPC_HE_15_0_200_0039.ply,201,201,201,201,0,0
PinkNoir,0040,/gpfs/work3/0/prjs0839/data/UVG_CWI_DQPC/UVG-CWI-DQPC/PinkNoir/cg/15fps/PinkNoir_UVG-CWI-DQPC_CG_15_0_200_0040.ply,/gpfs/work3/0/prjs0839/data/UVG_CWI_DQPC/UVG-CWI-DQPC/PinkNoir/he/15fps/PinkNoir_UVG-CWI-DQPC_HE_15_0_200_0040.ply,201,201,201,201,0,0
PinkNoir,0041,/gpfs/work3/0/prjs0839/data/UVG_CWI_DQPC/UVG-CWI-DQPC/PinkNoir/cg/15fps/PinkNoir_UVG-CWI-DQPC_CG_15_0_200_0041.ply,/gpfs/work3/0/prjs0839/data/UVG_CWI_DQPC/UVG-CWI-DQPC/PinkNoir/he/15fps/PinkNoir_UVG-CWI-DQPC_HE_15_0_200_0041.ply,201,201,201,201,0,0
PinkNoir,0042,/gpfs/work3/0/prjs0839/data/UVG_CWI_DQPC/UVG-CWI-DQPC/PinkNoir/cg/15fps/PinkNoir_UVG-CWI-DQPC_CG_15_0_200_0042.ply,/gpfs/work3/0/prjs0839/data/UVG_CWI_DQPC/UVG-CWI-DQPC/PinkNoir/he/15fps/PinkNoir_UVG-CWI-DQPC_HE_15_0_200_0042.ply,201,201,201,201,0,0
PinkNoir,0043,/gpfs/work3/0/prjs0839/data/UVG_CWI_DQPC/UVG-CWI-DQPC/PinkNoir/cg/15fps/PinkNoir_UVG-CWI-DQPC_CG_15_0_200_0043.ply,/gpfs/work3/0/prjs0839/data/UVG_CWI_DQPC/UVG-CWI-DQPC/PinkNoir/he/15fps/PinkNoir_UVG-CWI-DQPC_HE_15_0_200_0043.ply,201,201,201,201,0,0
PinkNoir,0044,/gpfs/work3/0/prjs0839/data/UVG_CWI_DQPC/UVG-CWI-DQPC/PinkNoir/cg/15fps/PinkNoir_UVG-CWI-DQPC_CG_15_0_200_0044.ply,/gpfs/work3/0/prjs0839/data/UVG_CWI_DQPC/UVG-CWI-DQPC/PinkNoir/he/15fps/PinkNoir_UVG-CWI-DQPC_HE_15_0_200_0044.ply,201,201,201,201,0,0
PinkNoir,0045,/gpfs/work3/0/prjs0839/data/UVG_CWI_DQPC/UVG-CWI-DQPC/PinkNoir/cg/15fps/PinkNoir_UVG-CWI-DQPC_CG_15_0_200_0045.ply,/gpfs/work3/0/prjs0839/data/UVG_CWI_DQPC/UVG-CWI-DQPC/PinkNoir/he/15fps/PinkNoir_UVG-CWI-DQPC_HE_15_0_200_0045.ply,201,201,201,201,0,0
PinkNoir,0046,/gpfs/work3/0/prjs0839/data/UVG_CWI_DQPC/UVG-CWI-DQPC/PinkNoir/cg/15fps/PinkNoir_UVG-CWI-DQPC_CG_15_0_200_0046.ply,/gpfs/work3/0/prjs0839/data/UVG_CWI_DQPC/UVG-CWI-DQPC/PinkNoir/he/15fps/PinkNoir_UVG-CWI-DQPC_HE_15_0_200_0046.ply,201,201,201,201,0,0
PinkNoir,0047,/gpfs/work3/0/prjs0839/data/UVG_CWI_DQPC/UVG-CWI-DQPC/PinkNoir/cg/15fps/PinkNoir_UVG-CWI-DQPC_CG_15_0_200_0047.ply,/gpfs/work3/0/prjs0839/data/UVG_CWI_DQPC/UVG-CWI-DQPC/PinkNoir/he/15fps/PinkNoir_UVG-CWI-DQPC_HE_15_0_200_0047.ply,201,201,201,201,0,0
PinkNoir,0048,/gpfs/work3/0/prjs0839/data/UVG_CWI_DQPC/UVG-CWI-DQPC/PinkNoir/cg/15fps/PinkNoir_UVG-CWI-DQPC_CG_15_0_200_0048.ply,/gpfs/work3/0/prjs0839/data/UVG_CWI_DQPC/UVG-CWI-DQPC/PinkNoir/he/15fps/PinkNoir_UVG-CWI-DQPC_HE_15_0_200_0048.ply,201,201,201,201,0,0
PinkNoir,0049,/gpfs/work3/0/prjs0839/data/UVG_CWI_DQPC/UVG-CWI-DQPC/PinkNoir/cg/15fps/PinkNoir_UVG-CWI-DQPC_CG_15_0_200_0049.ply,/gpfs/work3/0/prjs0839/data/UVG_CWI_DQPC/UVG-CWI-DQPC/PinkNoir/he/15fps/PinkNoir_UVG-CWI-DQPC_HE_15_0_200_0049.ply,201,201,201,201,0,0
PinkNoir,0050,/gpfs/work3/0/prjs0839/data/UVG_CWI_DQPC/UVG-CWI-DQPC/PinkNoir/cg/15fps/PinkNoir_UVG-CWI-DQPC_CG_15_0_200_0050.ply,/gpfs/work3/0/prjs0839/data/UVG_CWI_DQPC/UVG-CWI-DQPC/PinkNoir/he/15fps/PinkNoir_UVG-CWI-DQPC_HE_15_0_200_0050.ply,201,201,201,201,0,0
PinkNoir,0051,/gpfs/work3/0/prjs0839/data/UVG_CWI_DQPC/UVG-CWI-DQPC/PinkNoir/cg/15fps/PinkNoir_UVG-CWI-DQPC_CG_15_0_200_0051.ply,/gpfs/work3/0/prjs0839/data/UVG_CWI_DQPC/UVG-CWI-DQPC/PinkNoir/he/15fps/PinkNoir_UVG-CWI-DQPC_HE_15_0_200_0051.ply,201,201,201,201,0,0
PinkNoir,0052,/gpfs/work3/0/prjs0839/data/UVG_CWI_DQPC/UVG-CWI-DQPC/PinkNoir/cg/15fps/PinkNoir_UVG-CWI-DQPC_CG_15_0_200_0052.ply,/gpfs/work3/0/prjs0839/data/UVG_CWI_DQPC/UVG-CWI-DQPC/PinkNoir/he/15fps/PinkNoir_UVG-CWI-DQPC_HE_15_0_200_0052.ply,201,201,201,201,0,0
PinkNoir,0053,/gpfs/work3/0/prjs0839/data/UVG_CWI_DQPC/UVG-CWI-DQPC/PinkNoir/cg/15fps/PinkNoir_UVG-CWI-DQPC_CG_15_0_200_0053.ply,/gpfs/work3/0/prjs0839/data/UVG_CWI_DQPC/UVG-CWI-DQPC/PinkNoir/he/15fps/PinkNoir_UVG-CWI-DQPC_HE_15_0_200_0053.ply,201,201,201,201,0,0
PinkNoir,0054,/gpfs/work3/0/prjs0839/data/UVG_CWI_DQPC/UVG-CWI-DQPC/PinkNoir/cg/15fps/PinkNoir_UVG-CWI-DQPC_CG_15_0_200_0054.ply,/gpfs/work3/0/prjs0839/data/UVG_CWI_DQPC/UVG-CWI-DQPC/PinkNoir/he/15fps/PinkNoir_UVG-CWI-DQPC_HE_15_0_200_0054.ply,201,201,201,201,0,0
PinkNoir,0055,/gpfs/work3/0/prjs0839/data/UVG_CWI_DQPC/UVG-CWI-DQPC/PinkNoir/cg/15fps/PinkNoir_UVG-CWI-DQPC_CG_15_0_200_0055.ply,/gpfs/work3/0/prjs0839/data/UVG_CWI_DQPC/UVG-CWI-DQPC/PinkNoir/he/15fps/PinkNoir_UVG-CWI-DQPC_HE_15_0_200_0055.ply,201,201,201,201,0,0
PinkNoir,0056,/gpfs/work3/0/prjs0839/data/UVG_CWI_DQPC/UVG-CWI-DQPC/PinkNoir/cg/15fps/PinkNoir_UVG-CWI-DQPC_CG_15_0_200_0056.ply,/gpfs/work3/0/prjs0839/data/UVG_CWI_DQPC/UVG-CWI-DQPC/PinkNoir/he/15fps/PinkNoir_UVG-CWI-DQPC_HE_15_0_200_0056.ply,201,201,201,201,0,0
PinkNoir,0057,/gpfs/work3/0/prjs0839/data/UVG_CWI_DQPC/UVG-CWI-DQPC/PinkNoir/cg/15fps/PinkNoir_UVG-CWI-DQPC_CG_15_0_200_0057.ply,/gpfs/work3/0/prjs0839/data/UVG_CWI_DQPC/UVG-CWI-DQPC/PinkNoir/he/15fps/PinkNoir_UVG-CWI-DQPC_HE_15_0_200_0057.ply,201,201,201,201,0,0
PinkNoir,0058,/gpfs/work3/0/prjs0839/data/UVG_CWI_DQPC/UVG-CWI-DQPC/PinkNoir/cg/15fps/PinkNoir_UVG-CWI-DQPC_CG_15_0_200_0058.ply,/gpfs/work3/0/prjs0839/data/UVG_CWI_DQPC/UVG-CWI-DQPC/PinkNoir/he/15fps/PinkNoir_UVG-CWI-DQPC_HE_15_0_200_0058.ply,201,201,201,201,0,0
PinkNoir,0059,/gpfs/work3/0/prjs0839/data/UVG_CWI_DQPC/UVG-CWI-DQPC/PinkNoir/cg/15fps/PinkNoir_UVG-CWI-DQPC_CG_15_0_200_0059.ply,/gpfs/work3/0/prjs0839/data/UVG_CWI_DQPC/UVG-CWI-DQPC/PinkNoir/he/15fps/PinkNoir_UVG-CWI-DQPC_HE_15_0_200_0059.ply,201,201,201,201,0,0
PinkNoir,0060,/gpfs/work3/0/prjs0839/data/UVG_CWI_DQPC/UVG-CWI-DQPC/PinkNoir/cg/15fps/PinkNoir_UVG-CWI-DQPC_CG_15_0_200_0060.ply,/gpfs/work3/0/prjs0839/data/UVG_CWI_DQPC/UVG-CWI-DQPC/PinkNoir/he/15fps/PinkNoir_UVG-CWI-DQPC_HE_15_0_200_0060.ply,201,201,201,201,0,0
PinkNoir,0061,/gpfs/work3/0/prjs0839/data/UVG_CWI_DQPC/UVG-CWI-DQPC/PinkNoir/cg/15fps/PinkNoir_UVG-CWI-DQPC_CG_15_0_200_0061.ply,/gpfs/work3/0/prjs0839/data/UVG_CWI_DQPC/UVG-CWI-DQPC/PinkNoir/he/15fps/PinkNoir_UVG-CWI-DQPC_HE_15_0_200_0061.ply,201,201,201,201,0,0
PinkNoir,0062,/gpfs/work3/0/prjs0839/data/UVG_CWI_DQPC/UVG-CWI-DQPC/PinkNoir/cg/15fps/PinkNoir_UVG-CWI-DQPC_CG_15_0_200_0062.ply,/gpfs/work3/0/prjs0839/data/UVG_CWI_DQPC/UVG-CWI-DQPC/PinkNoir/he/15fps/PinkNoir_UVG-CWI-DQPC_HE_15_0_200_0062.ply,201,201,201,201,0,0
PinkNoir,0063,/gpfs/work3/0/prjs0839/data/UVG_CWI_DQPC/UVG-CWI-DQPC/PinkNoir/cg/15fps/PinkNoir_UVG-CWI-DQPC_CG_15_0_200_0063.ply,/gpfs/work3/0/prjs0839/data/UVG_CWI_DQPC/UVG-CWI-DQPC/PinkNoir/he/15fps/PinkNoir_UVG-CWI-DQPC_HE_15_0_200_0063.ply,201,201,201,201,0,0
PinkNoir,0064,/gpfs/work3/0/prjs0839/data/UVG_CWI_DQPC/UVG-CWI-DQPC/PinkNoir/cg/15fps/PinkNoir_UVG-CWI-DQPC_CG_15_0_200_0064.ply,/gpfs/work3/0/prjs0839/data/UVG_CWI_DQPC/UVG-CWI-DQPC/PinkNoir/he/15fps/PinkNoir_UVG-CWI-DQPC_HE_15_0_200_0064.ply,201,201,201,201,0,0
PinkNoir,0065,/gpfs/work3/0/prjs0839/data/UVG_CWI_DQPC/UVG-CWI-DQPC/PinkNoir/cg/15fps/PinkNoir_UVG-CWI-DQPC_CG_15_0_200_0065.ply,/gpfs/work3/0/prjs0839/data/UVG_CWI_DQPC/UVG-CWI-DQPC/PinkNoir/he/15fps/PinkNoir_UVG-CWI-DQPC_HE_15_0_200_0065.ply,201,201,201,201,0,0
PinkNoir,0066,/gpfs/work3/0/prjs0839/data/UVG_CWI_DQPC/UVG-CWI-DQPC/PinkNoir/cg/15fps/PinkNoir_UVG-CWI-DQPC_CG_15_0_200_0066.ply,/gpfs/work3/0/prjs0839/data/UVG_CWI_DQPC/UVG-CWI-DQPC/PinkNoir/he/15fps/PinkNoir_UVG-CWI-DQPC_HE_15_0_200_0066.ply,201,201,201,201,0,0
PinkNoir,0067,/gpfs/work3/0/prjs0839/data/UVG_CWI_DQPC/UVG-CWI-DQPC/PinkNoir/cg/15fps/PinkNoir_UVG-CWI-DQPC_CG_15_0_200_0067.ply,/gpfs/work3/0/prjs0839/data/UVG_CWI_DQPC/UVG-CWI-DQPC/PinkNoir/he/15fps/PinkNoir_UVG-CWI-DQPC_HE_15_0_200_0067.ply,201,201,201,201,0,0
PinkNoir,0068,/gpfs/work3/0/prjs0839/data/UVG_CWI_DQPC/UVG-CWI-DQPC/PinkNoir/cg/15fps/PinkNoir_UVG-CWI-DQPC_CG_15_0_200_0068.ply,/gpfs/work3/0/prjs0839/data/UVG_CWI_DQPC/UVG-CWI-DQPC/PinkNoir/he/15fps/PinkNoir_UVG-CWI-DQPC_HE_15_0_200_0068.ply,201,201,201,201,0,0
PinkNoir,0069,/gpfs/work3/0/prjs0839/data/UVG_CWI_DQPC/UVG-CWI-DQPC/PinkNoir/cg/15fps/PinkNoir_UVG-CWI-DQPC_CG_15_0_200_0069.ply,/gpfs/work3/0/prjs0839/data/UVG_CWI_DQPC/UVG-CWI-DQPC/PinkNoir/he/15fps/PinkNoir_UVG-CWI-DQPC_HE_15_0_200_0069.ply,201,201,201,201,0,0
PinkNoir,0070,/gpfs/work3/0/prjs0839/data/UVG_CWI_DQPC/UVG-CWI-DQPC/PinkNoir/cg/15fps/PinkNoir_UVG-CWI-DQPC_CG_15_0_200_0070.ply,/gpfs/work3/0/prjs0839/data/UVG_CWI_DQPC/UVG-CWI-DQPC/PinkNoir/he/15fps/PinkNoir_UVG-CWI-DQPC_HE_15_0_200_0070.ply,201,201,201,201,0,0
PinkNoir,0071,/gpfs/work3/0/prjs0839/data/UVG_CWI_DQPC/UVG-CWI-DQPC/PinkNoir/cg/15fps/PinkNoir_UVG-CWI-DQPC_CG_15_0_200_0071.ply,/gpfs/work3/0/prjs0839/data/UVG_CWI_DQPC/UVG-CWI-DQPC/PinkNoir/he/15fps/PinkNoir_UVG-CWI-DQPC_HE_15_0_200_0071.ply,201,201,201,201,0,0
PinkNoir,0072,/gpfs/work3/0/prjs0839/data/UVG_CWI_DQPC/UVG-CWI-DQPC/PinkNoir/cg/15fps/PinkNoir_UVG-CWI-DQPC_CG_15_0_200_0072.ply,/gpfs/work3/0/prjs0839/data/UVG_CWI_DQPC/UVG-CWI-DQPC/PinkNoir/he/15fps/PinkNoir_UVG-CWI-DQPC_HE_15_0_200_0072.ply,201,201,201,201,0,0
PinkNoir,0073,/gpfs/work3/0/prjs0839/data/UVG_CWI_DQPC/UVG-CWI-DQPC/PinkNoir/cg/15fps/PinkNoir_UVG-CWI-DQPC_CG_15_0_200_0073.ply,/gpfs/work3/0/prjs0839/data/UVG_CWI_DQPC/UVG-CWI-DQPC/PinkNoir/he/15fps/PinkNoir_UVG-CWI-DQPC_HE_15_0_200_0073.ply,201,201,201,201,0,0
PinkNoir,0074,/gpfs/work3/0/prjs0839/data/UVG_CWI_DQPC/UVG-CWI-DQPC/PinkNoir/cg/15fps/PinkNoir_UVG-CWI-DQPC_CG_15_0_200_0074.ply,/gpfs/work3/0/prjs0839/data/UVG_CWI_DQPC/UVG-CWI-DQPC/PinkNoir/he/15fps/PinkNoir_UVG-CWI-DQPC_HE_15_0_200_0074.ply,201,201,201,201,0,0
PinkNoir,0075,/gpfs/work3/0/prjs0839/data/UVG_CWI_DQPC/UVG-CWI-DQPC/PinkNoir/cg/15fps/PinkNoir_UVG-CWI-DQPC_CG_15_0_200_0075.ply,/gpfs/work3/0/prjs0839/data/UVG_CWI_DQPC/UVG-CWI-DQPC/PinkNoir/he/15fps/PinkNoir_UVG-CWI-DQPC_HE_15_0_200_0075.ply,201,201,201,201,0,0
PinkNoir,0076,/gpfs/work3/0/prjs0839/data/UVG_CWI_DQPC/UVG-CWI-DQPC/PinkNoir/cg/15fps/PinkNoir_UVG-CWI-DQPC_CG_15_0_200_0076.ply,/gpfs/work3/0/prjs0839/data/UVG_CWI_DQPC/UVG-CWI-DQPC/PinkNoir/he/15fps/PinkNoir_UVG-CWI-DQPC_HE_15_0_200_0076.ply,201,201,201,201,0,0
PinkNoir,0077,/gpfs/work3/0/prjs0839/data/UVG_CWI_DQPC/UVG-CWI-DQPC/PinkNoir/cg/15fps/PinkNoir_UVG-CWI-DQPC_CG_15_0_200_0077.ply,/gpfs/work3/0/prjs0839/data/UVG_CWI_DQPC/UVG-CWI-DQPC/PinkNoir/he/15fps/PinkNoir_UVG-CWI-DQPC_HE_15_0_200_0077.ply,201,201,201,201,0,0
PinkNoir,0078,/gpfs/work3/0/prjs0839/data/UVG_CWI_DQPC/UVG-CWI-DQPC/PinkNoir/cg/15fps/PinkNoir_UVG-CWI-DQPC_CG_15_0_200_0078.ply,/gpfs/work3/0/prjs0839/data/UVG_CWI_DQPC/UVG-CWI-DQPC/PinkNoir/he/15fps/PinkNoir_UVG-CWI-DQPC_HE_15_0_200_0078.ply,201,201,201,201,0,0
PinkNoir,0079,/gpfs/work3/0/prjs0839/data/UVG_CWI_DQPC/UVG-CWI-DQPC/PinkNoir/cg/15fps/PinkNoir_UVG-CWI-DQPC_CG_15_0_200_0079.ply,/gpfs/work3/0/prjs0839/data/UVG_CWI_DQPC/UVG-CWI-DQPC/PinkNoir/he/15fps/PinkNoir_UVG-CWI-DQPC_HE_15_0_200_0079.ply,201,201,201,201,0,0
PinkNoir,0080,/gpfs/work3/0/prjs0839/data/UVG_CWI_DQPC/UVG-CWI-DQPC/PinkNoir/cg/15fps/PinkNoir_UVG-CWI-DQPC_CG_15_0_200_0080.ply,/gpfs/work3/0/prjs0839/data/UVG_CWI_DQPC/UVG-CWI-DQPC/PinkNoir/he/15fps/PinkNoir_UVG-CWI-DQPC_HE_15_0_200_0080.ply,201,201,201,201,0,0
PinkNoir,0081,/gpfs/work3/0/prjs0839/data/UVG_CWI_DQPC/UVG-CWI-DQPC/PinkNoir/cg/15fps/PinkNoir_UVG-CWI-DQPC_CG_15_0_200_0081.ply,/gpfs/work3/0/prjs0839/data/UVG_CWI_DQPC/UVG-CWI-DQPC/PinkNoir/he/15fps/PinkNoir_UVG-CWI-DQPC_HE_15_0_200_0081.ply,201,201,201,201,0,0
PinkNoir,0082,/gpfs/work3/0/prjs0839/data/UVG_CWI_DQPC/UVG-CWI-DQPC/PinkNoir/cg/15fps/PinkNoir_UVG-CWI-DQPC_CG_15_0_200_0082.ply,/gpfs/work3/0/prjs0839/data/UVG_CWI_DQPC/UVG-CWI-DQPC/PinkNoir/he/15fps/PinkNoir_UVG-CWI-DQPC_HE_15_0_200_0082.ply,201,201,201,201,0,0
PinkNoir,0083,/gpfs/work3/0/prjs0839/data/UVG_CWI_DQPC/UVG-CWI-DQPC/PinkNoir/cg/15fps/PinkNoir_UVG-CWI-DQPC_CG_15_0_200_0083.ply,/gpfs/work3/0/prjs0839/data/UVG_CWI_DQPC/UVG-CWI-DQPC/PinkNoir/he/15fps/PinkNoir_UVG-CWI-DQPC_HE_15_0_200_0083.ply,201,201,201,201,0,0
PinkNoir,0084,/gpfs/work3/0/prjs0839/data/UVG_CWI_DQPC/UVG-CWI-DQPC/PinkNoir/cg/15fps/PinkNoir_UVG-CWI-DQPC_CG_15_0_200_0084.ply,/gpfs/work3/0/prjs0839/data/UVG_CWI_DQPC/UVG-CWI-DQPC/PinkNoir/he/15fps/PinkNoir_UVG-CWI-DQPC_HE_15_0_200_0084.ply,201,201,201,201,0,0
PinkNoir,0085,/gpfs/work3/0/prjs0839/data/UVG_CWI_DQPC/UVG-CWI-DQPC/PinkNoir/cg/15fps/PinkNoir_UVG-CWI-DQPC_CG_15_0_200_0085.ply,/gpfs/work3/0/prjs0839/data/UVG_CWI_DQPC/UVG-CWI-DQPC/PinkNoir/he/15fps/PinkNoir_UVG-CWI-DQPC_HE_15_0_200_0085.ply,201,201,201,201,0,0
PinkNoir,0086,/gpfs/work3/0/prjs0839/data/UVG_CWI_DQPC/UVG-CWI-DQPC/PinkNoir/cg/15fps/PinkNoir_UVG-CWI-DQPC_CG_15_0_200_0086.ply,/gpfs/work3/0/prjs0839/data/UVG_CWI_DQPC/UVG-CWI-DQPC/PinkNoir/he/15fps/PinkNoir_UVG-CWI-DQPC_HE_15_0_200_0086.ply,201,201,201,201,0,0
PinkNoir,0087,/gpfs/work3/0/prjs0839/data/UVG_CWI_DQPC/UVG-CWI-DQPC/PinkNoir/cg/15fps/PinkNoir_UVG-CWI-DQPC_CG_15_0_200_0087.ply,/gpfs/work3/0/prjs0839/data/UVG_CWI_DQPC/UVG-CWI-DQPC/PinkNoir/he/15fps/PinkNoir_UVG-CWI-DQPC_HE_15_0_200_0087.ply,201,201,201,201,0,0
PinkNoir,0088,/gpfs/work3/0/prjs0839/data/UVG_CWI_DQPC/UVG-CWI-DQPC/PinkNoir/cg/15fps/PinkNoir_UVG-CWI-DQPC_CG_15_0_200_0088.ply,/gpfs/work3/0/prjs0839/data/UVG_CWI_DQPC/UVG-CWI-DQPC/PinkNoir/he/15fps/PinkNoir_UVG-CWI-DQPC_HE_15_0_200_0088.ply,201,201,201,201,0,0
PinkNoir,0089,/gpfs/work3/0/prjs0839/data/UVG_CWI_DQPC/UVG-CWI-DQPC/PinkNoir/cg/15fps/PinkNoir_UVG-CWI-DQPC_CG_15_0_200_0089.ply,/gpfs/work3/0/prjs0839/data/UVG_CWI_DQPC/UVG-CWI-DQPC/PinkNoir/he/15fps/PinkNoir_UVG-CWI-DQPC_HE_15_0_200_0089.ply,201,201,201,201,0,0
PinkNoir,0090,/gpfs/work3/0/prjs0839/data/UVG_CWI_DQPC/UVG-CWI-DQPC/PinkNoir/cg/15fps/PinkNoir_UVG-CWI-DQPC_CG_15_0_200_0090.ply,/gpfs/work3/0/prjs0839/data/UVG_CWI_DQPC/UVG-CWI-DQPC/PinkNoir/he/15fps/PinkNoir_UVG-CWI-DQPC_HE_15_0_200_0090.ply,201,201,201,201,0,0
PinkNoir,0091,/gpfs/work3/0/prjs0839/data/UVG_CWI_DQPC/UVG-CWI-DQPC/PinkNoir/cg/15fps/PinkNoir_UVG-CWI-DQPC_CG_15_0_200_0091.ply,/gpfs/work3/0/prjs0839/data/UVG_CWI_DQPC/UVG-CWI-DQPC/PinkNoir/he/15fps/PinkNoir_UVG-CWI-DQPC_HE_15_0_200_0091.ply,201,201,201,201,0,0
PinkNoir,0092,/gpfs/work3/0/prjs0839/data/UVG_CWI_DQPC/UVG-CWI-DQPC/PinkNoir/cg/15fps/PinkNoir_UVG-CWI-DQPC_CG_15_0_200_0092.ply,/gpfs/work3/0/prjs0839/data/UVG_CWI_DQPC/UVG-CWI-DQPC/PinkNoir/he/15fps/PinkNoir_UVG-CWI-DQPC_HE_15_0_200_0092.ply,201,201,201,201,0,0
PinkNoir,0093,/gpfs/work3/0/prjs0839/data/UVG_CWI_DQPC/UVG-CWI-DQPC/PinkNoir/cg/15fps/PinkNoir_UVG-CWI-DQPC_CG_15_0_200_0093.ply,/gpfs/work3/0/prjs0839/data/UVG_CWI_DQPC/UVG-CWI-DQPC/PinkNoir/he/15fps/PinkNoir_UVG-CWI-DQPC_HE_15_0_200_0093.ply,201,201,201,201,0,0
PinkNoir,0094,/gpfs/work3/0/prjs0839/data/UVG_CWI_DQPC/UVG-CWI-DQPC/PinkNoir/cg/15fps/PinkNoir_UVG-CWI-DQPC_CG_15_0_200_0094.ply,/gpfs/work3/0/prjs0839/data/UVG_CWI_DQPC/UVG-CWI-DQPC/PinkNoir/he/15fps/PinkNoir_UVG-CWI-DQPC_HE_15_0_200_0094.ply,201,201,201,201,0,0
PinkNoir,0095,/gpfs/work3/0/prjs0839/data/UVG_CWI_DQPC/UVG-CWI-DQPC/PinkNoir/cg/15fps/PinkNoir_UVG-CWI-DQPC_CG_15_0_200_0095.ply,/gpfs/work3/0/prjs0839/data/UVG_CWI_DQPC/UVG-CWI-DQPC/PinkNoir/he/15fps/PinkNoir_UVG-CWI-DQPC_HE_15_0_200_0095.ply,201,201,201,201,0,0
PinkNoir,0096,/gpfs/work3/0/prjs0839/data/UVG_CWI_DQPC/UVG-CWI-DQPC/PinkNoir/cg/15fps/PinkNoir_UVG-CWI-DQPC_CG_15_0_200_0096.ply,/gpfs/work3/0/prjs0839/data/UVG_CWI_DQPC/UVG-CWI-DQPC/PinkNoir/he/15fps/PinkNoir_UVG-CWI-DQPC_HE_15_0_200_0096.ply,201,201,201,201,0,0
PinkNoir,0097,/gpfs/work3/0/prjs0839/data/UVG_CWI_DQPC/UVG-CWI-DQPC/PinkNoir/cg/15fps/PinkNoir_UVG-CWI-DQPC_CG_15_0_200_0097.ply,/gpfs/work3/0/prjs0839/data/UVG_CWI_DQPC/UVG-CWI-DQPC/PinkNoir/he/15fps/PinkNoir_UVG-CWI-DQPC_HE_15_0_200_0097.ply,201,201,201,201,0,0
PinkNoir,0098,/gpfs/work3/0/prjs0839/data/UVG_CWI_DQPC/UVG-CWI-DQPC/PinkNoir/cg/15fps/PinkNoir_UVG-CWI-DQPC_CG_15_0_200_0098.ply,/gpfs/work3/0/prjs0839/data/UVG_CWI_DQPC/UVG-CWI-DQPC/PinkNoir/he/15fps/PinkNoir_UVG-CWI-DQPC_HE_15_0_200_0098.ply,201,201,201,201,0,0
PinkNoir,0099,/gpfs/work3/0/prjs0839/data/UVG_CWI_DQPC/UVG-CWI-DQPC/PinkNoir/cg/15fps/PinkNoir_UVG-CWI-DQPC_CG_15_0_200_0099.ply,/gpfs/work3/0/prjs0839/data/UVG_CWI_DQPC/UVG-CWI-DQPC/PinkNoir/he/15fps/PinkNoir_UVG-CWI-DQPC_HE_15_0_200_0099.ply,201,201,201,201,0,0
PinkNoir,0100,/gpfs/work3/0/prjs0839/data/UVG_CWI_DQPC/UVG-CWI-DQPC/PinkNoir/cg/15fps/PinkNoir_UVG-CWI-DQPC_CG_15_0_200_0100.ply,/gpfs/work3/0/prjs0839/data/UVG_CWI_DQPC/UVG-CWI-DQPC/PinkNoir/he/15fps/PinkNoir_UVG-CWI-DQPC_HE_15_0_200_0100.ply,201,201,201,201,0,0
PinkNoir,0101,/gpfs/work3/0/prjs0839/data/UVG_CWI_DQPC/UVG-CWI-DQPC/PinkNoir/cg/15fps/PinkNoir_UVG-CWI-DQPC_CG_15_0_200_0101.ply,/gpfs/work3/0/prjs0839/data/UVG_CWI_DQPC/UVG-CWI-DQPC/PinkNoir/he/15fps/PinkNoir_UVG-CWI-DQPC_HE_15_0_200_0101.ply,201,201,201,201,0,0
PinkNoir,0102,/gpfs/work3/0/prjs0839/data/UVG_CWI_DQPC/UVG-CWI-DQPC/PinkNoir/cg/15fps/PinkNoir_UVG-CWI-DQPC_CG_15_0_200_0102.ply,/gpfs/work3/0/prjs0839/data/UVG_CWI_DQPC/UVG-CWI-DQPC/PinkNoir/he/15fps/PinkNoir_UVG-CWI-DQPC_HE_15_0_200_0102.ply,201,201,201,201,0,0
PinkNoir,0103,/gpfs/work3/0/prjs0839/data/UVG_CWI_DQPC/UVG-CWI-DQPC/PinkNoir/cg/15fps/PinkNoir_UVG-CWI-DQPC_CG_15_0_200_0103.ply,/gpfs/work3/0/prjs0839/data/UVG_CWI_DQPC/UVG-CWI-DQPC/PinkNoir/he/15fps/PinkNoir_UVG-CWI-DQPC_HE_15_0_200_0103.ply,201,201,201,201,0,0
PinkNoir,0104,/gpfs/work3/0/prjs0839/data/UVG_CWI_DQPC/UVG-CWI-DQPC/PinkNoir/cg/15fps/PinkNoir_UVG-CWI-DQPC_CG_15_0_200_0104.ply,/gpfs/work3/0/prjs0839/data/UVG_CWI_DQPC/UVG-CWI-DQPC/PinkNoir/he/15fps/PinkNoir_UVG-CWI-DQPC_HE_15_0_200_0104.ply,201,201,201,201,0,0
PinkNoir,0105,/gpfs/work3/0/prjs0839/data/UVG_CWI_DQPC/UVG-CWI-DQPC/PinkNoir/cg/15fps/PinkNoir_UVG-CWI-DQPC_CG_15_0_200_0105.ply,/gpfs/work3/0/prjs0839/data/UVG_CWI_DQPC/UVG-CWI-DQPC/PinkNoir/he/15fps/PinkNoir_UVG-CWI-DQPC_HE_15_0_200_0105.ply,201,201,201,201,0,0
PinkNoir,0106,/gpfs/work3/0/prjs0839/data/UVG_CWI_DQPC/UVG-CWI-DQPC/PinkNoir/cg/15fps/PinkNoir_UVG-CWI-DQPC_CG_15_0_200_0106.ply,/gpfs/work3/0/prjs0839/data/UVG_CWI_DQPC/UVG-CWI-DQPC/PinkNoir/he/15fps/PinkNoir_UVG-CWI-DQPC_HE_15_0_200_0106.ply,201,201,201,201,0,0
PinkNoir,0107,/gpfs/work3/0/prjs0839/data/UVG_CWI_DQPC/UVG-CWI-DQPC/PinkNoir/cg/15fps/PinkNoir_UVG-CWI-DQPC_CG_15_0_200_0107.ply,/gpfs/work3/0/prjs0839/data/UVG_CWI_DQPC/UVG-CWI-DQPC/PinkNoir/he/15fps/PinkNoir_UVG-CWI-DQPC_HE_15_0_200_0107.ply,201,201,201,201,0,0
PinkNoir,0108,/gpfs/work3/0/prjs0839/data/UVG_CWI_DQPC/UVG-CWI-DQPC/PinkNoir/cg/15fps/PinkNoir_UVG-CWI-DQPC_CG_15_0_200_0108.ply,/gpfs/work3/0/prjs0839/data/UVG_CWI_DQPC/UVG-CWI-DQPC/PinkNoir/he/15fps/PinkNoir_UVG-CWI-DQPC_HE_15_0_200_0108.ply,201,201,201,201,0,0
PinkNoir,0109,/gpfs/work3/0/prjs0839/data/UVG_CWI_DQPC/UVG-CWI-DQPC/PinkNoir/cg/15fps/PinkNoir_UVG-CWI-DQPC_CG_15_0_200_0109.ply,/gpfs/work3/0/prjs0839/data/UVG_CWI_DQPC/UVG-CWI-DQPC/PinkNoir/he/15fps/PinkNoir_UVG-CWI-DQPC_HE_15_0_200_0109.ply,201,201,201,201,0,0
PinkNoir,0110,/gpfs/work3/0/prjs0839/data/UVG_CWI_DQPC/UVG-CWI-DQPC/PinkNoir/cg/15fps/PinkNoir_UVG-CWI-DQPC_CG_15_0_200_0110.ply,/gpfs/work3/0/prjs0839/data/UVG_CWI_DQPC/UVG-CWI-DQPC/PinkNoir/he/15fps/PinkNoir_UVG-CWI-DQPC_HE_15_0_200_0110.ply,201,201,201,201,0,0
PinkNoir,0111,/gpfs/work3/0/prjs0839/data/UVG_CWI_DQPC/UVG-CWI-DQPC/PinkNoir/cg/15fps/PinkNoir_UVG-CWI-DQPC_CG_15_0_200_0111.ply,/gpfs/work3/0/prjs0839/data/UVG_CWI_DQPC/UVG-CWI-DQPC/PinkNoir/he/15fps/PinkNoir_UVG-CWI-DQPC_HE_15_0_200_0111.ply,201,201,201,201,0,0
PinkNoir,0112,/gpfs/work3/0/prjs0839/data/UVG_CWI_DQPC/UVG-CWI-DQPC/PinkNoir/cg/15fps/PinkNoir_UVG-CWI-DQPC_CG_15_0_200_0112.ply,/gpfs/work3/0/prjs0839/data/UVG_CWI_DQPC/UVG-CWI-DQPC/PinkNoir/he/15fps/PinkNoir_UVG-CWI-DQPC_HE_15_0_200_0112.ply,201,201,201,201,0,0
PinkNoir,0113,/gpfs/work3/0/prjs0839/data/UVG_CWI_DQPC/UVG-CWI-DQPC/PinkNoir/cg/15fps/PinkNoir_UVG-CWI-DQPC_CG_15_0_200_0113.ply,/gpfs/work3/0/prjs0839/data/UVG_CWI_DQPC/UVG-CWI-DQPC/PinkNoir/he/15fps/PinkNoir_UVG-CWI-DQPC_HE_15_0_200_0113.ply,201,201,201,201,0,0
PinkNoir,0114,/gpfs/work3/0/prjs0839/data/UVG_CWI_DQPC/UVG-CWI-DQPC/PinkNoir/cg/15fps/PinkNoir_UVG-CWI-DQPC_CG_15_0_200_0114.ply,/gpfs/work3/0/prjs0839/data/UVG_CWI_DQPC/UVG-CWI-DQPC/PinkNoir/he/15fps/PinkNoir_UVG-CWI-DQPC_HE_15_0_200_0114.ply,201,201,201,201,0,0
PinkNoir,0115,/gpfs/work3/0/prjs0839/data/UVG_CWI_DQPC/UVG-CWI-DQPC/PinkNoir/cg/15fps/PinkNoir_UVG-CWI-DQPC_CG_15_0_200_0115.ply,/gpfs/work3/0/prjs0839/data/UVG_CWI_DQPC/UVG-CWI-DQPC/PinkNoir/he/15fps/PinkNoir_UVG-CWI-DQPC_HE_15_0_200_0115.ply,201,201,201,201,0,0
PinkNoir,0116,/gpfs/work3/0/prjs0839/data/UVG_CWI_DQPC/UVG-CWI-DQPC/PinkNoir/cg/15fps/PinkNoir_UVG-CWI-DQPC_CG_15_0_200_0116.ply,/gpfs/work3/0/prjs0839/data/UVG_CWI_DQPC/UVG-CWI-DQPC/PinkNoir/he/15fps/PinkNoir_UVG-CWI-DQPC_HE_15_0_200_0116.ply,201,201,201,201,0,0
PinkNoir,0117,/gpfs/work3/0/prjs0839/data/UVG_CWI_DQPC/UVG-CWI-DQPC/PinkNoir/cg/15fps/PinkNoir_UVG-CWI-DQPC_CG_15_0_200_0117.ply,/gpfs/work3/0/prjs0839/data/UVG_CWI_DQPC/UVG-CWI-DQPC/PinkNoir/he/15fps/PinkNoir_UVG-CWI-DQPC_HE_15_0_200_0117.ply,201,201,201,201,0,0
PinkNoir,0118,/gpfs/work3/0/prjs0839/data/UVG_CWI_DQPC/UVG-CWI-DQPC/PinkNoir/cg/15fps/PinkNoir_UVG-CWI-DQPC_CG_15_0_200_0118.ply,/gpfs/work3/0/prjs0839/data/UVG_CWI_DQPC/UVG-CWI-DQPC/PinkNoir/he/15fps/PinkNoir_UVG-CWI-DQPC_HE_15_0_200_0118.ply,201,201,201,201,0,0
PinkNoir,0119,/gpfs/work3/0/prjs0839/data/UVG_CWI_DQPC/UVG-CWI-DQPC/PinkNoir/cg/15fps/PinkNoir_UVG-CWI-DQPC_CG_15_0_200_0119.ply,/gpfs/work3/0/prjs0839/data/UVG_CWI_DQPC/UVG-CWI-DQPC/PinkNoir/he/15fps/PinkNoir_UVG-CWI-DQPC_HE_15_0_200_0119.ply,201,201,201,201,0,0
PinkNoir,0120,/gpfs/work3/0/prjs0839/data/UVG_CWI_DQPC/UVG-CWI-DQPC/PinkNoir/cg/15fps/PinkNoir_UVG-CWI-DQPC_CG_15_0_200_0120.ply,/gpfs/work3/0/prjs0839/data/UVG_CWI_DQPC/UVG-CWI-DQPC/PinkNoir/he/15fps/PinkNoir_UVG-CWI-DQPC_HE_15_0_200_0120.ply,201,201,201,201,0,0
PinkNoir,0121,/gpfs/work3/0/prjs0839/data/UVG_CWI_DQPC/UVG-CWI-DQPC/PinkNoir/cg/15fps/PinkNoir_UVG-CWI-DQPC_CG_15_0_200_0121.ply,/gpfs/work3/0/prjs0839/data/UVG_CWI_DQPC/UVG-CWI-DQPC/PinkNoir/he/15fps/PinkNoir_UVG-CWI-DQPC_HE_15_0_200_0121.ply,201,201,201,201,0,0
PinkNoir,0122,/gpfs/work3/0/prjs0839/data/UVG_CWI_DQPC/UVG-CWI-DQPC/PinkNoir/cg/15fps/PinkNoir_UVG-CWI-DQPC_CG_15_0_200_0122.ply,/gpfs/work3/0/prjs0839/data/UVG_CWI_DQPC/UVG-CWI-DQPC/PinkNoir/he/15fps/PinkNoir_UVG-CWI-DQPC_HE_15_0_200_0122.ply,201,201,201,201,0,0
PinkNoir,0123,/gpfs/work3/0/prjs0839/data/UVG_CWI_DQPC/UVG-CWI-DQPC/PinkNoir/cg/15fps/PinkNoir_UVG-CWI-DQPC_CG_15_0_200_0123.ply,/gpfs/work3/0/prjs0839/data/UVG_CWI_DQPC/UVG-CWI-DQPC/PinkNoir/he/15fps/PinkNoir_UVG-CWI-DQPC_HE_15_0_200_0123.ply,201,201,201,201,0,0
PinkNoir,0124,/gpfs/work3/0/prjs0839/data/UVG_CWI_DQPC/UVG-CWI-DQPC/PinkNoir/cg/15fps/PinkNoir_UVG-CWI-DQPC_CG_15_0_200_0124.ply,/gpfs/work3/0/prjs0839/data/UVG_CWI_DQPC/UVG-CWI-DQPC/PinkNoir/he/15fps/PinkNoir_UVG-CWI-DQPC_HE_15_0_200_0124.ply,201,201,201,201,0,0
PinkNoir,0125,/gpfs/work3/0/prjs0839/data/UVG_CWI_DQPC/UVG-CWI-DQPC/PinkNoir/cg/15fps/PinkNoir_UVG-CWI-DQPC_CG_15_0_200_0125.ply,/gpfs/work3/0/prjs0839/data/UVG_CWI_DQPC/UVG-CWI-DQPC/PinkNoir/he/15fps/PinkNoir_UVG-CWI-DQPC_HE_15_0_200_0125.ply,201,201,201,201,0,0
PinkNoir,0126,/gpfs/work3/0/prjs0839/data/UVG_CWI_DQPC/UVG-CWI-DQPC/PinkNoir/cg/15fps/PinkNoir_UVG-CWI-DQPC_CG_15_0_200_0126.ply,/gpfs/work3/0/prjs0839/data/UVG_CWI_DQPC/UVG-CWI-DQPC/PinkNoir/he/15fps/PinkNoir_UVG-CWI-DQPC_HE_15_0_200_0126.ply,201,201,201,201,0,0
PinkNoir,0127,/gpfs/work3/0/prjs0839/data/UVG_CWI_DQPC/UVG-CWI-DQPC/PinkNoir/cg/15fps/PinkNoir_UVG-CWI-DQPC_CG_15_0_200_0127.ply,/gpfs/work3/0/prjs0839/data/UVG_CWI_DQPC/UVG-CWI-DQPC/PinkNoir/he/15fps/PinkNoir_UVG-CWI-DQPC_HE_15_0_200_0127.ply,201,201,201,201,0,0
PinkNoir,0128,/gpfs/work3/0/prjs0839/data/UVG_CWI_DQPC/UVG-CWI-DQPC/PinkNoir/cg/15fps/PinkNoir_UVG-CWI-DQPC_CG_15_0_200_0128.ply,/gpfs/work3/0/prjs0839/data/UVG_CWI_DQPC/UVG-CWI-DQPC/PinkNoir/he/15fps/PinkNoir_UVG-CWI-DQPC_HE_15_0_200_0128.ply,201,201,201,201,0,0
PinkNoir,0129,/gpfs/work3/0/prjs0839/data/UVG_CWI_DQPC/UVG-CWI-DQPC/PinkNoir/cg/15fps/PinkNoir_UVG-CWI-DQPC_CG_15_0_200_0129.ply,/gpfs/work3/0/prjs0839/data/UVG_CWI_DQPC/UVG-CWI-DQPC/PinkNoir/he/15fps/PinkNoir_UVG-CWI-DQPC_HE_15_0_200_0129.ply,201,201,201,201,0,0
PinkNoir,0130,/gpfs/work3/0/prjs0839/data/UVG_CWI_DQPC/UVG-CWI-DQPC/PinkNoir/cg/15fps/PinkNoir_UVG-CWI-DQPC_CG_15_0_200_0130.ply,/gpfs/work3/0/prjs0839/data/UVG_CWI_DQPC/UVG-CWI-DQPC/PinkNoir/he/15fps/PinkNoir_UVG-CWI-DQPC_HE_15_0_200_0130.ply,201,201,201,201,0,0
PinkNoir,0131,/gpfs/work3/0/prjs0839/data/UVG_CWI_DQPC/UVG-CWI-DQPC/PinkNoir/cg/15fps/PinkNoir_UVG-CWI-DQPC_CG_15_0_200_0131.ply,/gpfs/work3/0/prjs0839/data/UVG_CWI_DQPC/UVG-CWI-DQPC/PinkNoir/he/15fps/PinkNoir_UVG-CWI-DQPC_HE_15_0_200_0131.ply,201,201,201,201,0,0
PinkNoir,0132,/gpfs/work3/0/prjs0839/data/UVG_CWI_DQPC/UVG-CWI-DQPC/PinkNoir/cg/15fps/PinkNoir_UVG-CWI-DQPC_CG_15_0_200_0132.ply,/gpfs/work3/0/prjs0839/data/UVG_CWI_DQPC/UVG-CWI-DQPC/PinkNoir/he/15fps/PinkNoir_UVG-CWI-DQPC_HE_15_0_200_0132.ply,201,201,201,201,0,0
PinkNoir,0133,/gpfs/work3/0/prjs0839/data/UVG_CWI_DQPC/UVG-CWI-DQPC/PinkNoir/cg/15fps/PinkNoir_UVG-CWI-DQPC_CG_15_0_200_0133.ply,/gpfs/work3/0/prjs0839/data/UVG_CWI_DQPC/UVG-CWI-DQPC/PinkNoir/he/15fps/PinkNoir_UVG-CWI-DQPC_HE_15_0_200_0133.ply,201,201,201,201,0,0
PinkNoir,0134,/gpfs/work3/0/prjs0839/data/UVG_CWI_DQPC/UVG-CWI-DQPC/PinkNoir/cg/15fps/PinkNoir_UVG-CWI-DQPC_CG_15_0_200_0134.ply,/gpfs/work3/0/prjs0839/data/UVG_CWI_DQPC/UVG-CWI-DQPC/PinkNoir/he/15fps/PinkNoir_UVG-CWI-DQPC_HE_15_0_200_0134.ply,201,201,201,201,0,0
PinkNoir,0135,/gpfs/work3/0/prjs0839/data/UVG_CWI_DQPC/UVG-CWI-DQPC/PinkNoir/cg/15fps/PinkNoir_UVG-CWI-DQPC_CG_15_0_200_0135.ply,/gpfs/work3/0/prjs0839/data/UVG_CWI_DQPC/UVG-CWI-DQPC/PinkNoir/he/15fps/PinkNoir_UVG-CWI-DQPC_HE_15_0_200_0135.ply,201,201,201,201,0,0
PinkNoir,0136,/gpfs/work3/0/prjs0839/data/UVG_CWI_DQPC/UVG-CWI-DQPC/PinkNoir/cg/15fps/PinkNoir_UVG-CWI-DQPC_CG_15_0_200_0136.ply,/gpfs/work3/0/prjs0839/data/UVG_CWI_DQPC/UVG-CWI-DQPC/PinkNoir/he/15fps/PinkNoir_UVG-CWI-DQPC_HE_15_0_200_0136.ply,201,201,201,201,0,0
PinkNoir,0137,/gpfs/work3/0/prjs0839/data/UVG_CWI_DQPC/UVG-CWI-DQPC/PinkNoir/cg/15fps/PinkNoir_UVG-CWI-DQPC_CG_15_0_200_0137.ply,/gpfs/work3/0/prjs0839/data/UVG_CWI_DQPC/UVG-CWI-DQPC/PinkNoir/he/15fps/PinkNoir_UVG-CWI-DQPC_HE_15_0_200_0137.ply,201,201,201,201,0,0
PinkNoir,0138,/gpfs/work3/0/prjs0839/data/UVG_CWI_DQPC/UVG-CWI-DQPC/PinkNoir/cg/15fps/PinkNoir_UVG-CWI-DQPC_CG_15_0_200_0138.ply,/gpfs/work3/0/prjs0839/data/UVG_CWI_DQPC/UVG-CWI-DQPC/PinkNoir/he/15fps/PinkNoir_UVG-CWI-DQPC_HE_15_0_200_0138.ply,201,201,201,201,0,0
PinkNoir,0139,/gpfs/work3/0/prjs0839/data/UVG_CWI_DQPC/UVG-CWI-DQPC/PinkNoir/cg/15fps/PinkNoir_UVG-CWI-DQPC_CG_15_0_200_0139.ply,/gpfs/work3/0/prjs0839/data/UVG_CWI_DQPC/UVG-CWI-DQPC/PinkNoir/he/15fps/PinkNoir_UVG-CWI-DQPC_HE_15_0_200_0139.ply,201,201,201,201,0,0
PinkNoir,0140,/gpfs/work3/0/prjs0839/data/UVG_CWI_DQPC/UVG-CWI-DQPC/PinkNoir/cg/15fps/PinkNoir_UVG-CWI-DQPC_CG_15_0_200_0140.ply,/gpfs/work3/0/prjs0839/data/UVG_CWI_DQPC/UVG-CWI-DQPC/PinkNoir/he/15fps/PinkNoir_UVG-CWI-DQPC_HE_15_0_200_0140.ply,201,201,201,201,0,0
PinkNoir,0141,/gpfs/work3/0/prjs0839/data/UVG_CWI_DQPC/UVG-CWI-DQPC/PinkNoir/cg/15fps/PinkNoir_UVG-CWI-DQPC_CG_15_0_200_0141.ply,/gpfs/work3/0/prjs0839/data/UVG_CWI_DQPC/UVG-CWI-DQPC/PinkNoir/he/15fps/PinkNoir_UVG-CWI-DQPC_HE_15_0_200_0141.ply,201,201,201,201,0,0
PinkNoir,0142,/gpfs/work3/0/prjs0839/data/UVG_CWI_DQPC/UVG-CWI-DQPC/PinkNoir/cg/15fps/PinkNoir_UVG-CWI-DQPC_CG_15_0_200_0142.ply,/gpfs/work3/0/prjs0839/data/UVG_CWI_DQPC/UVG-CWI-DQPC/PinkNoir/he/15fps/PinkNoir_UVG-CWI-DQPC_HE_15_0_200_0142.ply,201,201,201,201,0,0
PinkNoir,0143,/gpfs/work3/0/prjs0839/data/UVG_CWI_DQPC/UVG-CWI-DQPC/PinkNoir/cg/15fps/PinkNoir_UVG-CWI-DQPC_CG_15_0_200_0143.ply,/gpfs/work3/0/prjs0839/data/UVG_CWI_DQPC/UVG-CWI-DQPC/PinkNoir/he/15fps/PinkNoir_UVG-CWI-DQPC_HE_15_0_200_0143.ply,201,201,201,201,0,0
PinkNoir,0144,/gpfs/work3/0/prjs0839/data/UVG_CWI_DQPC/UVG-CWI-DQPC/PinkNoir/cg/15fps/PinkNoir_UVG-CWI-DQPC_CG_15_0_200_0144.ply,/gpfs/work3/0/prjs0839/data/UVG_CWI_DQPC/UVG-CWI-DQPC/PinkNoir/he/15fps/PinkNoir_UVG-CWI-DQPC_HE_15_0_200_0144.ply,201,201,201,201,0,0
PinkNoir,0145,/gpfs/work3/0/prjs0839/data/UVG_CWI_DQPC/UVG-CWI-DQPC/PinkNoir/cg/15fps/PinkNoir_UVG-CWI-DQPC_CG_15_0_200_0145.ply,/gpfs/work3/0/prjs0839/data/UVG_CWI_DQPC/UVG-CWI-DQPC/PinkNoir/he/15fps/PinkNoir_UVG-CWI-DQPC_HE_15_0_200_0145.ply,201,201,201,201,0,0
PinkNoir,0146,/gpfs/work3/0/prjs0839/data/UVG_CWI_DQPC/UVG-CWI-DQPC/PinkNoir/cg/15fps/PinkNoir_UVG-CWI-DQPC_CG_15_0_200_0146.ply,/gpfs/work3/0/prjs0839/data/UVG_CWI_DQPC/UVG-CWI-DQPC/PinkNoir/he/15fps/PinkNoir_UVG-CWI-DQPC_HE_15_0_200_0146.ply,201,201,201,201,0,0
PinkNoir,0147,/gpfs/work3/0/prjs0839/data/UVG_CWI_DQPC/UVG-CWI-DQPC/PinkNoir/cg/15fps/PinkNoir_UVG-CWI-DQPC_CG_15_0_200_0147.ply,/gpfs/work3/0/prjs0839/data/UVG_CWI_DQPC/UVG-CWI-DQPC/PinkNoir/he/15fps/PinkNoir_UVG-CWI-DQPC_HE_15_0_200_0147.ply,201,201,201,201,0,0
PinkNoir,0148,/gpfs/work3/0/prjs0839/data/UVG_CWI_DQPC/UVG-CWI-DQPC/PinkNoir/cg/15fps/PinkNoir_UVG-CWI-DQPC_CG_15_0_200_0148.ply,/gpfs/work3/0/prjs0839/data/UVG_CWI_DQPC/UVG-CWI-DQPC/PinkNoir/he/15fps/PinkNoir_UVG-CWI-DQPC_HE_15_0_200_0148.ply,201,201,201,201,0,0
PinkNoir,0149,/gpfs/work3/0/prjs0839/data/UVG_CWI_DQPC/UVG-CWI-DQPC/PinkNoir/cg/15fps/PinkNoir_UVG-CWI-DQPC_CG_15_0_200_0149.ply,/gpfs/work3/0/prjs0839/data/UVG_CWI_DQPC/UVG-CWI-DQPC/PinkNoir/he/15fps/PinkNoir_UVG-CWI-DQPC_HE_15_0_200_0149.ply,201,201,201,201,0,0
PinkNoir,0150,/gpfs/work3/0/prjs0839/data/UVG_CWI_DQPC/UVG-CWI-DQPC/PinkNoir/cg/15fps/PinkNoir_UVG-CWI-DQPC_CG_15_0_200_0150.ply,/gpfs/work3/0/prjs0839/data/UVG_CWI_DQPC/UVG-CWI-DQPC/PinkNoir/he/15fps/PinkNoir_UVG-CWI-DQPC_HE_15_0_200_0150.ply,201,201,201,201,0,0
PinkNoir,0151,/gpfs/work3/0/prjs0839/data/UVG_CWI_DQPC/UVG-CWI-DQPC/PinkNoir/cg/15fps/PinkNoir_UVG-CWI-DQPC_CG_15_0_200_0151.ply,/gpfs/work3/0/prjs0839/data/UVG_CWI_DQPC/UVG-CWI-DQPC/PinkNoir/he/15fps/PinkNoir_UVG-CWI-DQPC_HE_15_0_200_0151.ply,201,201,201,201,0,0
PinkNoir,0152,/gpfs/work3/0/prjs0839/data/UVG_CWI_DQPC/UVG-CWI-DQPC/PinkNoir/cg/15fps/PinkNoir_UVG-CWI-DQPC_CG_15_0_200_0152.ply,/gpfs/work3/0/prjs0839/data/UVG_CWI_DQPC/UVG-CWI-DQPC/PinkNoir/he/15fps/PinkNoir_UVG-CWI-DQPC_HE_15_0_200_0152.ply,201,201,201,201,0,0
PinkNoir,0153,/gpfs/work3/0/prjs0839/data/UVG_CWI_DQPC/UVG-CWI-DQPC/PinkNoir/cg/15fps/PinkNoir_UVG-CWI-DQPC_CG_15_0_200_0153.ply,/gpfs/work3/0/prjs0839/data/UVG_CWI_DQPC/UVG-CWI-DQPC/PinkNoir/he/15fps/PinkNoir_UVG-CWI-DQPC_HE_15_0_200_0153.ply,201,201,201,201,0,0
PinkNoir,0154,/gpfs/work3/0/prjs0839/data/UVG_CWI_DQPC/UVG-CWI-DQPC/PinkNoir/cg/15fps/PinkNoir_UVG-CWI-DQPC_CG_15_0_200_0154.ply,/gpfs/work3/0/prjs0839/data/UVG_CWI_DQPC/UVG-CWI-DQPC/PinkNoir/he/15fps/PinkNoir_UVG-CWI-DQPC_HE_15_0_200_0154.ply,201,201,201,201,0,0
PinkNoir,0155,/gpfs/work3/0/prjs0839/data/UVG_CWI_DQPC/UVG-CWI-DQPC/PinkNoir/cg/15fps/PinkNoir_UVG-CWI-DQPC_CG_15_0_200_0155.ply,/gpfs/work3/0/prjs0839/data/UVG_CWI_DQPC/UVG-CWI-DQPC/PinkNoir/he/15fps/PinkNoir_UVG-CWI-DQPC_HE_15_0_200_0155.ply,201,201,201,201,0,0
PinkNoir,0156,/gpfs/work3/0/prjs0839/data/UVG_CWI_DQPC/UVG-CWI-DQPC/PinkNoir/cg/15fps/PinkNoir_UVG-CWI-DQPC_CG_15_0_200_0156.ply,/gpfs/work3/0/prjs0839/data/UVG_CWI_DQPC/UVG-CWI-DQPC/PinkNoir/he/15fps/PinkNoir_UVG-CWI-DQPC_HE_15_0_200_0156.ply,201,201,201,201,0,0
PinkNoir,0157,/gpfs/work3/0/prjs0839/data/UVG_CWI_DQPC/UVG-CWI-DQPC/PinkNoir/cg/15fps/PinkNoir_UVG-CWI-DQPC_CG_15_0_200_0157.ply,/gpfs/work3/0/prjs0839/data/UVG_CWI_DQPC/UVG-CWI-DQPC/PinkNoir/he/15fps/PinkNoir_UVG-CWI-DQPC_HE_15_0_200_0157.ply,201,201,201,201,0,0
PinkNoir,0158,/gpfs/work3/0/prjs0839/data/UVG_CWI_DQPC/UVG-CWI-DQPC/PinkNoir/cg/15fps/PinkNoir_UVG-CWI-DQPC_CG_15_0_200_0158.ply,/gpfs/work3/0/prjs0839/data/UVG_CWI_DQPC/UVG-CWI-DQPC/PinkNoir/he/15fps/PinkNoir_UVG-CWI-DQPC_HE_15_0_200_0158.ply,201,201,201,201,0,0
PinkNoir,0159,/gpfs/work3/0/prjs0839/data/UVG_CWI_DQPC/UVG-CWI-DQPC/PinkNoir/cg/15fps/PinkNoir_UVG-CWI-DQPC_CG_15_0_200_0159.ply,/gpfs/work3/0/prjs0839/data/UVG_CWI_DQPC/UVG-CWI-DQPC/PinkNoir/he/15fps/PinkNoir_UVG-CWI-DQPC_HE_15_0_200_0159.ply,201,201,201,201,0,0
PinkNoir,0160,/gpfs/work3/0/prjs0839/data/UVG_CWI_DQPC/UVG-CWI-DQPC/PinkNoir/cg/15fps/PinkNoir_UVG-CWI-DQPC_CG_15_0_200_0160.ply,/gpfs/work3/0/prjs0839/data/UVG_CWI_DQPC/UVG-CWI-DQPC/PinkNoir/he/15fps/PinkNoir_UVG-CWI-DQPC_HE_15_0_200_0160.ply,201,201,201,201,0,0
PinkNoir,0161,/gpfs/work3/0/prjs0839/data/UVG_CWI_DQPC/UVG-CWI-DQPC/PinkNoir/cg/15fps/PinkNoir_UVG-CWI-DQPC_CG_15_0_200_0161.ply,/gpfs/work3/0/prjs0839/data/UVG_CWI_DQPC/UVG-CWI-DQPC/PinkNoir/he/15fps/PinkNoir_UVG-CWI-DQPC_HE_15_0_200_0161.ply,201,201,201,201,0,0
PinkNoir,0162,/gpfs/work3/0/prjs0839/data/UVG_CWI_DQPC/UVG-CWI-DQPC/PinkNoir/cg/15fps/PinkNoir_UVG-CWI-DQPC_CG_15_0_200_0162.ply,/gpfs/work3/0/prjs0839/data/UVG_CWI_DQPC/UVG-CWI-DQPC/PinkNoir/he/15fps/PinkNoir_UVG-CWI-DQPC_HE_15_0_200_0162.ply,201,201,201,201,0,0
PinkNoir,0163,/gpfs/work3/0/prjs0839/data/UVG_CWI_DQPC/UVG-CWI-DQPC/PinkNoir/cg/15fps/PinkNoir_UVG-CWI-DQPC_CG_15_0_200_0163.ply,/gpfs/work3/0/prjs0839/data/UVG_CWI_DQPC/UVG-CWI-DQPC/PinkNoir/he/15fps/PinkNoir_UVG-CWI-DQPC_HE_15_0_200_0163.ply,201,201,201,201,0,0
PinkNoir,0164,/gpfs/work3/0/prjs0839/data/UVG_CWI_DQPC/UVG-CWI-DQPC/PinkNoir/cg/15fps/PinkNoir_UVG-CWI-DQPC_CG_15_0_200_0164.ply,/gpfs/work3/0/prjs0839/data/UVG_CWI_DQPC/UVG-CWI-DQPC/PinkNoir/he/15fps/PinkNoir_UVG-CWI-DQPC_HE_15_0_200_0164.ply,201,201,201,201,0,0
PinkNoir,0165,/gpfs/work3/0/prjs0839/data/UVG_CWI_DQPC/UVG-CWI-DQPC/PinkNoir/cg/15fps/PinkNoir_UVG-CWI-DQPC_CG_15_0_200_0165.ply,/gpfs/work3/0/prjs0839/data/UVG_CWI_DQPC/UVG-CWI-DQPC/PinkNoir/he/15fps/PinkNoir_UVG-CWI-DQPC_HE_15_0_200_0165.ply,201,201,201,201,0,0
PinkNoir,0166,/gpfs/work3/0/prjs0839/data/UVG_CWI_DQPC/UVG-CWI-DQPC/PinkNoir/cg/15fps/PinkNoir_UVG-CWI-DQPC_CG_15_0_200_0166.ply,/gpfs/work3/0/prjs0839/data/UVG_CWI_DQPC/UVG-CWI-DQPC/PinkNoir/he/15fps/PinkNoir_UVG-CWI-DQPC_HE_15_0_200_0166.ply,201,201,201,201,0,0
PinkNoir,0167,/gpfs/work3/0/prjs0839/data/UVG_CWI_DQPC/UVG-CWI-DQPC/PinkNoir/cg/15fps/PinkNoir_UVG-CWI-DQPC_CG_15_0_200_0167.ply,/gpfs/work3/0/prjs0839/data/UVG_CWI_DQPC/UVG-CWI-DQPC/PinkNoir/he/15fps/PinkNoir_UVG-CWI-DQPC_HE_15_0_200_0167.ply,201,201,201,201,0,0
PinkNoir,0168,/gpfs/work3/0/prjs0839/data/UVG_CWI_DQPC/UVG-CWI-DQPC/PinkNoir/cg/15fps/PinkNoir_UVG-CWI-DQPC_CG_15_0_200_0168.ply,/gpfs/work3/0/prjs0839/data/UVG_CWI_DQPC/UVG-CWI-DQPC/PinkNoir/he/15fps/PinkNoir_UVG-CWI-DQPC_HE_15_0_200_0168.ply,201,201,201,201,0,0
PinkNoir,0169,/gpfs/work3/0/prjs0839/data/UVG_CWI_DQPC/UVG-CWI-DQPC/PinkNoir/cg/15fps/PinkNoir_UVG-CWI-DQPC_CG_15_0_200_0169.ply,/gpfs/work3/0/prjs0839/data/UVG_CWI_DQPC/UVG-CWI-DQPC/PinkNoir/he/15fps/PinkNoir_UVG-CWI-DQPC_HE_15_0_200_0169.ply,201,201,201,201,0,0
PinkNoir,0170,/gpfs/work3/0/prjs0839/data/UVG_CWI_DQPC/UVG-CWI-DQPC/PinkNoir/cg/15fps/PinkNoir_UVG-CWI-DQPC_CG_15_0_200_0170.ply,/gpfs/work3/0/prjs0839/data/UVG_CWI_DQPC/UVG-CWI-DQPC/PinkNoir/he/15fps/PinkNoir_UVG-CWI-DQPC_HE_15_0_200_0170.ply,201,201,201,201,0,0
PinkNoir,0171,/gpfs/work3/0/prjs0839/data/UVG_CWI_DQPC/UVG-CWI-DQPC/PinkNoir/cg/15fps/PinkNoir_UVG-CWI-DQPC_CG_15_0_200_0171.ply,/gpfs/work3/0/prjs0839/data/UVG_CWI_DQPC/UVG-CWI-DQPC/PinkNoir/he/15fps/PinkNoir_UVG-CWI-DQPC_HE_15_0_200_0171.ply,201,201,201,201,0,0
PinkNoir,0172,/gpfs/work3/0/prjs0839/data/UVG_CWI_DQPC/UVG-CWI-DQPC/PinkNoir/cg/15fps/PinkNoir_UVG-CWI-DQPC_CG_15_0_200_0172.ply,/gpfs/work3/0/prjs0839/data/UVG_CWI_DQPC/UVG-CWI-DQPC/PinkNoir/he/15fps/PinkNoir_UVG-CWI-DQPC_HE_15_0_200_0172.ply,201,201,201,201,0,0
PinkNoir,0173,/gpfs/work3/0/prjs0839/data/UVG_CWI_DQPC/UVG-CWI-DQPC/PinkNoir/cg/15fps/PinkNoir_UVG-CWI-DQPC_CG_15_0_200_0173.ply,/gpfs/work3/0/prjs0839/data/UVG_CWI_DQPC/UVG-CWI-DQPC/PinkNoir/he/15fps/PinkNoir_UVG-CWI-DQPC_HE_15_0_200_0173.ply,201,201,201,201,0,0
PinkNoir,0174,/gpfs/work3/0/prjs0839/data/UVG_CWI_DQPC/UVG-CWI-DQPC/PinkNoir/cg/15fps/PinkNoir_UVG-CWI-DQPC_CG_15_0_200_0174.ply,/gpfs/work3/0/prjs0839/data/UVG_CWI_DQPC/UVG-CWI-DQPC/PinkNoir/he/15fps/PinkNoir_UVG-CWI-DQPC_HE_15_0_200_0174.ply,201,201,201,201,0,0
PinkNoir,0175,/gpfs/work3/0/prjs0839/data/UVG_CWI_DQPC/UVG-CWI-DQPC/PinkNoir/cg/15fps/PinkNoir_UVG-CWI-DQPC_CG_15_0_200_0175.ply,/gpfs/work3/0/prjs0839/data/UVG_CWI_DQPC/UVG-CWI-DQPC/PinkNoir/he/15fps/PinkNoir_UVG-CWI-DQPC_HE_15_0_200_0175.ply,201,201,201,201,0,0
PinkNoir,0176,/gpfs/work3/0/prjs0839/data/UVG_CWI_DQPC/UVG-CWI-DQPC/PinkNoir/cg/15fps/PinkNoir_UVG-CWI-DQPC_CG_15_0_200_0176.ply,/gpfs/work3/0/prjs0839/data/UVG_CWI_DQPC/UVG-CWI-DQPC/PinkNoir/he/15fps/PinkNoir_UVG-CWI-DQPC_HE_15_0_200_0176.ply,201,201,201,201,0,0
PinkNoir,0177,/gpfs/work3/0/prjs0839/data/UVG_CWI_DQPC/UVG-CWI-DQPC/PinkNoir/cg/15fps/PinkNoir_UVG-CWI-DQPC_CG_15_0_200_0177.ply,/gpfs/work3/0/prjs0839/data/UVG_CWI_DQPC/UVG-CWI-DQPC/PinkNoir/he/15fps/PinkNoir_UVG-CWI-DQPC_HE_15_0_200_0177.ply,201,201,201,201,0,0
PinkNoir,0178,/gpfs/work3/0/prjs0839/data/UVG_CWI_DQPC/UVG-CWI-DQPC/PinkNoir/cg/15fps/PinkNoir_UVG-CWI-DQPC_CG_15_0_200_0178.ply,/gpfs/work3/0/prjs0839/data/UVG_CWI_DQPC/UVG-CWI-DQPC/PinkNoir/he/15fps/PinkNoir_UVG-CWI-DQPC_HE_15_0_200_0178.ply,201,201,201,201,0,0
PinkNoir,0179,/gpfs/work3/0/prjs0839/data/UVG_CWI_DQPC/UVG-CWI-DQPC/PinkNoir/cg/15fps/PinkNoir_UVG-CWI-DQPC_CG_15_0_200_0179.ply,/gpfs/work3/0/prjs0839/data/UVG_CWI_DQPC/UVG-CWI-DQPC/PinkNoir/he/15fps/PinkNoir_UVG-CWI-DQPC_HE_15_0_200_0179.ply,201,201,201,201,0,0
PinkNoir,0180,/gpfs/work3/0/prjs0839/data/UVG_CWI_DQPC/UVG-CWI-DQPC/PinkNoir/cg/15fps/PinkNoir_UVG-CWI-DQPC_CG_15_0_200_0180.ply,/gpfs/work3/0/prjs0839/data/UVG_CWI_DQPC/UVG-CWI-DQPC/PinkNoir/he/15fps/PinkNoir_UVG-CWI-DQPC_HE_15_0_200_0180.ply,201,201,201,201,0,0
PinkNoir,0181,/gpfs/work3/0/prjs0839/data/UVG_CWI_DQPC/UVG-CWI-DQPC/PinkNoir/cg/15fps/PinkNoir_UVG-CWI-DQPC_CG_15_0_200_0181.ply,/gpfs/work3/0/prjs0839/data/UVG_CWI_DQPC/UVG-CWI-DQPC/PinkNoir/he/15fps/PinkNoir_UVG-CWI-DQPC_HE_15_0_200_0181.ply,201,201,201,201,0,0
PinkNoir,0182,/gpfs/work3/0/prjs0839/data/UVG_CWI_DQPC/UVG-CWI-DQPC/PinkNoir/cg/15fps/PinkNoir_UVG-CWI-DQPC_CG_15_0_200_0182.ply,/gpfs/work3/0/prjs0839/data/UVG_CWI_DQPC/UVG-CWI-DQPC/PinkNoir/he/15fps/PinkNoir_UVG-CWI-DQPC_HE_15_0_200_0182.ply,201,201,201,201,0,0
PinkNoir,0183,/gpfs/work3/0/prjs0839/data/UVG_CWI_DQPC/UVG-CWI-DQPC/PinkNoir/cg/15fps/PinkNoir_UVG-CWI-DQPC_CG_15_0_200_0183.ply,/gpfs/work3/0/prjs0839/data/UVG_CWI_DQPC/UVG-CWI-DQPC/PinkNoir/he/15fps/PinkNoir_UVG-CWI-DQPC_HE_15_0_200_0183.ply,201,201,201,201,0,0
PinkNoir,0184,/gpfs/work3/0/prjs0839/data/UVG_CWI_DQPC/UVG-CWI-DQPC/PinkNoir/cg/15fps/PinkNoir_UVG-CWI-DQPC_CG_15_0_200_0184.ply,/gpfs/work3/0/prjs0839/data/UVG_CWI_DQPC/UVG-CWI-DQPC/PinkNoir/he/15fps/PinkNoir_UVG-CWI-DQPC_HE_15_0_200_0184.ply,201,201,201,201,0,0
PinkNoir,0185,/gpfs/work3/0/prjs0839/data/UVG_CWI_DQPC/UVG-CWI-DQPC/PinkNoir/cg/15fps/PinkNoir_UVG-CWI-DQPC_CG_15_0_200_0185.ply,/gpfs/work3/0/prjs0839/data/UVG_CWI_DQPC/UVG-CWI-DQPC/PinkNoir/he/15fps/PinkNoir_UVG-CWI-DQPC_HE_15_0_200_0185.ply,201,201,201,201,0,0
PinkNoir,0186,/gpfs/work3/0/prjs0839/data/UVG_CWI_DQPC/UVG-CWI-DQPC/PinkNoir/cg/15fps/PinkNoir_UVG-CWI-DQPC_CG_15_0_200_0186.ply,/gpfs/work3/0/prjs0839/data/UVG_CWI_DQPC/UVG-CWI-DQPC/PinkNoir/he/15fps/PinkNoir_UVG-CWI-DQPC_HE_15_0_200_0186.ply,201,201,201,201,0,0
PinkNoir,0187,/gpfs/work3/0/prjs0839/data/UVG_CWI_DQPC/UVG-CWI-DQPC/PinkNoir/cg/15fps/PinkNoir_UVG-CWI-DQPC_CG_15_0_200_0187.ply,/gpfs/work3/0/prjs0839/data/UVG_CWI_DQPC/UVG-CWI-DQPC/PinkNoir/he/15fps/PinkNoir_UVG-CWI-DQPC_HE_15_0_200_0187.ply,201,201,201,201,0,0
PinkNoir,0188,/gpfs/work3/0/prjs0839/data/UVG_CWI_DQPC/UVG-CWI-DQPC/PinkNoir/cg/15fps/PinkNoir_UVG-CWI-DQPC_CG_15_0_200_0188.ply,/gpfs/work3/0/prjs0839/data/UVG_CWI_DQPC/UVG-CWI-DQPC/PinkNoir/he/15fps/PinkNoir_UVG-CWI-DQPC_HE_15_0_200_0188.ply,201,201,201,201,0,0
PinkNoir,0189,/gpfs/work3/0/prjs0839/data/UVG_CWI_DQPC/UVG-CWI-DQPC/PinkNoir/cg/15fps/PinkNoir_UVG-CWI-DQPC_CG_15_0_200_0189.ply,/gpfs/work3/0/prjs0839/data/UVG_CWI_DQPC/UVG-CWI-DQPC/PinkNoir/he/15fps/PinkNoir_UVG-CWI-DQPC_HE_15_0_200_0189.ply,201,201,201,201,0,0
PinkNoir,0190,/gpfs/work3/0/prjs0839/data/UVG_CWI_DQPC/UVG-CWI-DQPC/PinkNoir/cg/15fps/PinkNoir_UVG-CWI-DQPC_CG_15_0_200_0190.ply,/gpfs/work3/0/prjs0839/data/UVG_CWI_DQPC/UVG-CWI-DQPC/PinkNoir/he/15fps/PinkNoir_UVG-CWI-DQPC_HE_15_0_200_0190.ply,201,201,201,201,0,0
PinkNoir,0191,/gpfs/work3/0/prjs0839/data/UVG_CWI_DQPC/UVG-CWI-DQPC/PinkNoir/cg/15fps/PinkNoir_UVG-CWI-DQPC_CG_15_0_200_0191.ply,/gpfs/work3/0/prjs0839/data/UVG_CWI_DQPC/UVG-CWI-DQPC/PinkNoir/he/15fps/PinkNoir_UVG-CWI-DQPC_HE_15_0_200_0191.ply,201,201,201,201,0,0
PinkNoir,0192,/gpfs/work3/0/prjs0839/data/UVG_CWI_DQPC/UVG-CWI-DQPC/PinkNoir/cg/15fps/PinkNoir_UVG-CWI-DQPC_CG_15_0_200_0192.ply,/gpfs/work3/0/prjs0839/data/UVG_CWI_DQPC/UVG-CWI-DQPC/PinkNoir/he/15fps/PinkNoir_UVG-CWI-DQPC_HE_15_0_200_0192.ply,201,201,201,201,0,0
PinkNoir,0193,/gpfs/work3/0/prjs0839/data/UVG_CWI_DQPC/UVG-CWI-DQPC/PinkNoir/cg/15fps/PinkNoir_UVG-CWI-DQPC_CG_15_0_200_0193.ply,/gpfs/work3/0/prjs0839/data/UVG_CWI_DQPC/UVG-CWI-DQPC/PinkNoir/he/15fps/PinkNoir_UVG-CWI-DQPC_HE_15_0_200_0193.ply,201,201,201,201,0,0
PinkNoir,0194,/gpfs/work3/0/prjs0839/data/UVG_CWI_DQPC/UVG-CWI-DQPC/PinkNoir/cg/15fps/PinkNoir_UVG-CWI-DQPC_CG_15_0_200_0194.ply,/gpfs/work3/0/prjs0839/data/UVG_CWI_DQPC/UVG-CWI-DQPC/PinkNoir/he/15fps/PinkNoir_UVG-CWI-DQPC_HE_15_0_200_0194.ply,201,201,201,201,0,0
PinkNoir,0195,/gpfs/work3/0/prjs0839/data/UVG_CWI_DQPC/UVG-CWI-DQPC/PinkNoir/cg/15fps/PinkNoir_UVG-CWI-DQPC_CG_15_0_200_0195.ply,/gpfs/work3/0/prjs0839/data/UVG_CWI_DQPC/UVG-CWI-DQPC/PinkNoir/he/15fps/PinkNoir_UVG-CWI-DQPC_HE_15_0_200_0195.ply,201,201,201,201,0,0
PinkNoir,0196,/gpfs/work3/0/prjs0839/data/UVG_CWI_DQPC/UVG-CWI-DQPC/PinkNoir/cg/15fps/PinkNoir_UVG-CWI-DQPC_CG_15_0_200_0196.ply,/gpfs/work3/0/prjs0839/data/UVG_CWI_DQPC/UVG-CWI-DQPC/PinkNoir/he/15fps/PinkNoir_UVG-CWI-DQPC_HE_15_0_200_0196.ply,201,201,201,201,0,0
PinkNoir,0197,/gpfs/work3/0/prjs0839/data/UVG_CWI_DQPC/UVG-CWI-DQPC/PinkNoir/cg/15fps/PinkNoir_UVG-CWI-DQPC_CG_15_0_200_0197.ply,/gpfs/work3/0/prjs0839/data/UVG_CWI_DQPC/UVG-CWI-DQPC/PinkNoir/he/15fps/PinkNoir_UVG-CWI-DQPC_HE_15_0_200_0197.ply,201,201,201,201,0,0
PinkNoir,0198,/gpfs/work3/0/prjs0839/data/UVG_CWI_DQPC/UVG-CWI-DQPC/PinkNoir/cg/15fps/PinkNoir_UVG-CWI-DQPC_CG_15_0_200_0198.ply,/gpfs/work3/0/prjs0839/data/UVG_CWI_DQPC/UVG-CWI-DQPC/PinkNoir/he/15fps/PinkNoir_UVG-CWI-DQPC_HE_15_0_200_0198.ply,201,201,201,201,0,0
PinkNoir,0199,/gpfs/work3/0/prjs0839/data/UVG_CWI_DQPC/UVG-CWI-DQPC/PinkNoir/cg/15fps/PinkNoir_UVG-CWI-DQPC_CG_15_0_200_0199.ply,/gpfs/work3/0/prjs0839/data/UVG_CWI_DQPC/UVG-CWI-DQPC/PinkNoir/he/15fps/PinkNoir_UVG-CWI-DQPC_HE_15_0_200_0199.ply,201,201,201,201,0,0
PinkNoir,0200,/gpfs/work3/0/prjs0839/data/UVG_CWI_DQPC/UVG-CWI-DQPC/PinkNoir/cg/15fps/PinkNoir_UVG-CWI-DQPC_CG_15_0_200_0200.ply,/gpfs/work3/0/prjs0839/data/UVG_CWI_DQPC/UVG-CWI-DQPC/PinkNoir/he/15fps/PinkNoir_UVG-CWI-DQPC_HE_15_0_200_0200.ply,201,201,201,201,0,0
TicTacToe,0000,/gpfs/work3/0/prjs0839/data/UVG_CWI_DQPC/UVG-CWI-DQPC/TicTacToe/cg/15fps/TicTacToe_UVG-CWI-DQPC_CG_15_0_164_0000.ply,/gpfs/work3/0/prjs0839/data/UVG_CWI_DQPC/UVG-CWI-DQPC/TicTacToe/he/15fps/TicTacToe_UVG-CWI-DQPC_HE_15_0_164_0000.ply,165,165,165,165,0,0
TicTacToe,0001,/gpfs/work3/0/prjs0839/data/UVG_CWI_DQPC/UVG-CWI-DQPC/TicTacToe/cg/15fps/TicTacToe_UVG-CWI-DQPC_CG_15_0_164_0001.ply,/gpfs/work3/0/prjs0839/data/UVG_CWI_DQPC/UVG-CWI-DQPC/TicTacToe/he/15fps/TicTacToe_UVG-CWI-DQPC_HE_15_0_164_0001.ply,165,165,165,165,0,0
TicTacToe,0002,/gpfs/work3/0/prjs0839/data/UVG_CWI_DQPC/UVG-CWI-DQPC/TicTacToe/cg/15fps/TicTacToe_UVG-CWI-DQPC_CG_15_0_164_0002.ply,/gpfs/work3/0/prjs0839/data/UVG_CWI_DQPC/UVG-CWI-DQPC/TicTacToe/he/15fps/TicTacToe_UVG-CWI-DQPC_HE_15_0_164_0002.ply,165,165,165,165,0,0
TicTacToe,0003,/gpfs/work3/0/prjs0839/data/UVG_CWI_DQPC/UVG-CWI-DQPC/TicTacToe/cg/15fps/TicTacToe_UVG-CWI-DQPC_CG_15_0_164_0003.ply,/gpfs/work3/0/prjs0839/data/UVG_CWI_DQPC/UVG-CWI-DQPC/TicTacToe/he/15fps/TicTacToe_UVG-CWI-DQPC_HE_15_0_164_0003.ply,165,165,165,165,0,0
TicTacToe,0004,/gpfs/work3/0/prjs0839/data/UVG_CWI_DQPC/UVG-CWI-DQPC/TicTacToe/cg/15fps/TicTacToe_UVG-CWI-DQPC_CG_15_0_164_0004.ply,/gpfs/work3/0/prjs0839/data/UVG_CWI_DQPC/UVG-CWI-DQPC/TicTacToe/he/15fps/TicTacToe_UVG-CWI-DQPC_HE_15_0_164_0004.ply,165,165,165,165,0,0
TicTacToe,0005,/gpfs/work3/0/prjs0839/data/UVG_CWI_DQPC/UVG-CWI-DQPC/TicTacToe/cg/15fps/TicTacToe_UVG-CWI-DQPC_CG_15_0_164_0005.ply,/gpfs/work3/0/prjs0839/data/UVG_CWI_DQPC/UVG-CWI-DQPC/TicTacToe/he/15fps/TicTacToe_UVG-CWI-DQPC_HE_15_0_164_0005.ply,165,165,165,165,0,0
TicTacToe,0006,/gpfs/work3/0/prjs0839/data/UVG_CWI_DQPC/UVG-CWI-DQPC/TicTacToe/cg/15fps/TicTacToe_UVG-CWI-DQPC_CG_15_0_164_0006.ply,/gpfs/work3/0/prjs0839/data/UVG_CWI_DQPC/UVG-CWI-DQPC/TicTacToe/he/15fps/TicTacToe_UVG-CWI-DQPC_HE_15_0_164_0006.ply,165,165,165,165,0,0
TicTacToe,0007,/gpfs/work3/0/prjs0839/data/UVG_CWI_DQPC/UVG-CWI-DQPC/TicTacToe/cg/15fps/TicTacToe_UVG-CWI-DQPC_CG_15_0_164_0007.ply,/gpfs/work3/0/prjs0839/data/UVG_CWI_DQPC/UVG-CWI-DQPC/TicTacToe/he/15fps/TicTacToe_UVG-CWI-DQPC_HE_15_0_164_0007.ply,165,165,165,165,0,0
TicTacToe,0008,/gpfs/work3/0/prjs0839/data/UVG_CWI_DQPC/UVG-CWI-DQPC/TicTacToe/cg/15fps/TicTacToe_UVG-CWI-DQPC_CG_15_0_164_0008.ply,/gpfs/work3/0/prjs0839/data/UVG_CWI_DQPC/UVG-CWI-DQPC/TicTacToe/he/15fps/TicTacToe_UVG-CWI-DQPC_HE_15_0_164_0008.ply,165,165,165,165,0,0
TicTacToe,0009,/gpfs/work3/0/prjs0839/data/UVG_CWI_DQPC/UVG-CWI-DQPC/TicTacToe/cg/15fps/TicTacToe_UVG-CWI-DQPC_CG_15_0_164_0009.ply,/gpfs/work3/0/prjs0839/data/UVG_CWI_DQPC/UVG-CWI-DQPC/TicTacToe/he/15fps/TicTacToe_UVG-CWI-DQPC_HE_15_0_164_0009.ply,165,165,165,165,0,0
TicTacToe,0010,/gpfs/work3/0/prjs0839/data/UVG_CWI_DQPC/UVG-CWI-DQPC/TicTacToe/cg/15fps/TicTacToe_UVG-CWI-DQPC_CG_15_0_164_0010.ply,/gpfs/work3/0/prjs0839/data/UVG_CWI_DQPC/UVG-CWI-DQPC/TicTacToe/he/15fps/TicTacToe_UVG-CWI-DQPC_HE_15_0_164_0010.ply,165,165,165,165,0,0
TicTacToe,0011,/gpfs/work3/0/prjs0839/data/UVG_CWI_DQPC/UVG-CWI-DQPC/TicTacToe/cg/15fps/TicTacToe_UVG-CWI-DQPC_CG_15_0_164_0011.ply,/gpfs/work3/0/prjs0839/data/UVG_CWI_DQPC/UVG-CWI-DQPC/TicTacToe/he/15fps/TicTacToe_UVG-CWI-DQPC_HE_15_0_164_0011.ply,165,165,165,165,0,0
TicTacToe,0012,/gpfs/work3/0/prjs0839/data/UVG_CWI_DQPC/UVG-CWI-DQPC/TicTacToe/cg/15fps/TicTacToe_UVG-CWI-DQPC_CG_15_0_164_0012.ply,/gpfs/work3/0/prjs0839/data/UVG_CWI_DQPC/UVG-CWI-DQPC/TicTacToe/he/15fps/TicTacToe_UVG-CWI-DQPC_HE_15_0_164_0012.ply,165,165,165,165,0,0
TicTacToe,0013,/gpfs/work3/0/prjs0839/data/UVG_CWI_DQPC/UVG-CWI-DQPC/TicTacToe/cg/15fps/TicTacToe_UVG-CWI-DQPC_CG_15_0_164_0013.ply,/gpfs/work3/0/prjs0839/data/UVG_CWI_DQPC/UVG-CWI-DQPC/TicTacToe/he/15fps/TicTacToe_UVG-CWI-DQPC_HE_15_0_164_0013.ply,165,165,165,165,0,0
TicTacToe,0014,/gpfs/work3/0/prjs0839/data/UVG_CWI_DQPC/UVG-CWI-DQPC/TicTacToe/cg/15fps/TicTacToe_UVG-CWI-DQPC_CG_15_0_164_0014.ply,/gpfs/work3/0/prjs0839/data/UVG_CWI_DQPC/UVG-CWI-DQPC/TicTacToe/he/15fps/TicTacToe_UVG-CWI-DQPC_HE_15_0_164_0014.ply,165,165,165,165,0,0
TicTacToe,0015,/gpfs/work3/0/prjs0839/data/UVG_CWI_DQPC/UVG-CWI-DQPC/TicTacToe/cg/15fps/TicTacToe_UVG-CWI-DQPC_CG_15_0_164_0015.ply,/gpfs/work3/0/prjs0839/data/UVG_CWI_DQPC/UVG-CWI-DQPC/TicTacToe/he/15fps/TicTacToe_UVG-CWI-DQPC_HE_15_0_164_0015.ply,165,165,165,165,0,0
TicTacToe,0016,/gpfs/work3/0/prjs0839/data/UVG_CWI_DQPC/UVG-CWI-DQPC/TicTacToe/cg/15fps/TicTacToe_UVG-CWI-DQPC_CG_15_0_164_0016.ply,/gpfs/work3/0/prjs0839/data/UVG_CWI_DQPC/UVG-CWI-DQPC/TicTacToe/he/15fps/TicTacToe_UVG-CWI-DQPC_HE_15_0_164_0016.ply,165,165,165,165,0,0
TicTacToe,0017,/gpfs/work3/0/prjs0839/data/UVG_CWI_DQPC/UVG-CWI-DQPC/TicTacToe/cg/15fps/TicTacToe_UVG-CWI-DQPC_CG_15_0_164_0017.ply,/gpfs/work3/0/prjs0839/data/UVG_CWI_DQPC/UVG-CWI-DQPC/TicTacToe/he/15fps/TicTacToe_UVG-CWI-DQPC_HE_15_0_164_0017.ply,165,165,165,165,0,0
TicTacToe,0018,/gpfs/work3/0/prjs0839/data/UVG_CWI_DQPC/UVG-CWI-DQPC/TicTacToe/cg/15fps/TicTacToe_UVG-CWI-DQPC_CG_15_0_164_0018.ply,/gpfs/work3/0/prjs0839/data/UVG_CWI_DQPC/UVG-CWI-DQPC/TicTacToe/he/15fps/TicTacToe_UVG-CWI-DQPC_HE_15_0_164_0018.ply,165,165,165,165,0,0
TicTacToe,0019,/gpfs/work3/0/prjs0839/data/UVG_CWI_DQPC/UVG-CWI-DQPC/TicTacToe/cg/15fps/TicTacToe_UVG-CWI-DQPC_CG_15_0_164_0019.ply,/gpfs/work3/0/prjs0839/data/UVG_CWI_DQPC/UVG-CWI-DQPC/TicTacToe/he/15fps/TicTacToe_UVG-CWI-DQPC_HE_15_0_164_0019.ply,165,165,165,165,0,0
TicTacToe,0020,/gpfs/work3/0/prjs0839/data/UVG_CWI_DQPC/UVG-CWI-DQPC/TicTacToe/cg/15fps/TicTacToe_UVG-CWI-DQPC_CG_15_0_164_0020.ply,/gpfs/work3/0/prjs0839/data/UVG_CWI_DQPC/UVG-CWI-DQPC/TicTacToe/he/15fps/TicTacToe_UVG-CWI-DQPC_HE_15_0_164_0020.ply,165,165,165,165,0,0
TicTacToe,0021,/gpfs/work3/0/prjs0839/data/UVG_CWI_DQPC/UVG-CWI-DQPC/TicTacToe/cg/15fps/TicTacToe_UVG-CWI-DQPC_CG_15_0_164_0021.ply,/gpfs/work3/0/prjs0839/data/UVG_CWI_DQPC/UVG-CWI-DQPC/TicTacToe/he/15fps/TicTacToe_UVG-CWI-DQPC_HE_15_0_164_0021.ply,165,165,165,165,0,0
TicTacToe,0022,/gpfs/work3/0/prjs0839/data/UVG_CWI_DQPC/UVG-CWI-DQPC/TicTacToe/cg/15fps/TicTacToe_UVG-CWI-DQPC_CG_15_0_164_0022.ply,/gpfs/work3/0/prjs0839/data/UVG_CWI_DQPC/UVG-CWI-DQPC/TicTacToe/he/15fps/TicTacToe_UVG-CWI-DQPC_HE_15_0_164_0022.ply,165,165,165,165,0,0
TicTacToe,0023,/gpfs/work3/0/prjs0839/data/UVG_CWI_DQPC/UVG-CWI-DQPC/TicTacToe/cg/15fps/TicTacToe_UVG-CWI-DQPC_CG_15_0_164_0023.ply,/gpfs/work3/0/prjs0839/data/UVG_CWI_DQPC/UVG-CWI-DQPC/TicTacToe/he/15fps/TicTacToe_UVG-CWI-DQPC_HE_15_0_164_0023.ply,165,165,165,165,0,0
TicTacToe,0024,/gpfs/work3/0/prjs0839/data/UVG_CWI_DQPC/UVG-CWI-DQPC/TicTacToe/cg/15fps/TicTacToe_UVG-CWI-DQPC_CG_15_0_164_0024.ply,/gpfs/work3/0/prjs0839/data/UVG_CWI_DQPC/UVG-CWI-DQPC/TicTacToe/he/15fps/TicTacToe_UVG-CWI-DQPC_HE_15_0_164_0024.ply,165,165,165,165,0,0
TicTacToe,0025,/gpfs/work3/0/prjs0839/data/UVG_CWI_DQPC/UVG-CWI-DQPC/TicTacToe/cg/15fps/TicTacToe_UVG-CWI-DQPC_CG_15_0_164_0025.ply,/gpfs/work3/0/prjs0839/data/UVG_CWI_DQPC/UVG-CWI-DQPC/TicTacToe/he/15fps/TicTacToe_UVG-CWI-DQPC_HE_15_0_164_0025.ply,165,165,165,165,0,0
TicTacToe,0026,/gpfs/work3/0/prjs0839/data/UVG_CWI_DQPC/UVG-CWI-DQPC/TicTacToe/cg/15fps/TicTacToe_UVG-CWI-DQPC_CG_15_0_164_0026.ply,/gpfs/work3/0/prjs0839/data/UVG_CWI_DQPC/UVG-CWI-DQPC/TicTacToe/he/15fps/TicTacToe_UVG-CWI-DQPC_HE_15_0_164_0026.ply,165,165,165,165,0,0
TicTacToe,0027,/gpfs/work3/0/prjs0839/data/UVG_CWI_DQPC/UVG-CWI-DQPC/TicTacToe/cg/15fps/TicTacToe_UVG-CWI-DQPC_CG_15_0_164_0027.ply,/gpfs/work3/0/prjs0839/data/UVG_CWI_DQPC/UVG-CWI-DQPC/TicTacToe/he/15fps/TicTacToe_UVG-CWI-DQPC_HE_15_0_164_0027.ply,165,165,165,165,0,0
TicTacToe,0028,/gpfs/work3/0/prjs0839/data/UVG_CWI_DQPC/UVG-CWI-DQPC/TicTacToe/cg/15fps/TicTacToe_UVG-CWI-DQPC_CG_15_0_164_0028.ply,/gpfs/work3/0/prjs0839/data/UVG_CWI_DQPC/UVG-CWI-DQPC/TicTacToe/he/15fps/TicTacToe_UVG-CWI-DQPC_HE_15_0_164_0028.ply,165,165,165,165,0,0
TicTacToe,0029,/gpfs/work3/0/prjs0839/data/UVG_CWI_DQPC/UVG-CWI-DQPC/TicTacToe/cg/15fps/TicTacToe_UVG-CWI-DQPC_CG_15_0_164_0029.ply,/gpfs/work3/0/prjs0839/data/UVG_CWI_DQPC/UVG-CWI-DQPC/TicTacToe/he/15fps/TicTacToe_UVG-CWI-DQPC_HE_15_0_164_0029.ply,165,165,165,165,0,0
TicTacToe,0030,/gpfs/work3/0/prjs0839/data/UVG_CWI_DQPC/UVG-CWI-DQPC/TicTacToe/cg/15fps/TicTacToe_UVG-CWI-DQPC_CG_15_0_164_0030.ply,/gpfs/work3/0/prjs0839/data/UVG_CWI_DQPC/UVG-CWI-DQPC/TicTacToe/he/15fps/TicTacToe_UVG-CWI-DQPC_HE_15_0_164_0030.ply,165,165,165,165,0,0
TicTacToe,0031,/gpfs/work3/0/prjs0839/data/UVG_CWI_DQPC/UVG-CWI-DQPC/TicTacToe/cg/15fps/TicTacToe_UVG-CWI-DQPC_CG_15_0_164_0031.ply,/gpfs/work3/0/prjs0839/data/UVG_CWI_DQPC/UVG-CWI-DQPC/TicTacToe/he/15fps/TicTacToe_UVG-CWI-DQPC_HE_15_0_164_0031.ply,165,165,165,165,0,0
TicTacToe,0032,/gpfs/work3/0/prjs0839/data/UVG_CWI_DQPC/UVG-CWI-DQPC/TicTacToe/cg/15fps/TicTacToe_UVG-CWI-DQPC_CG_15_0_164_0032.ply,/gpfs/work3/0/prjs0839/data/UVG_CWI_DQPC/UVG-CWI-DQPC/TicTacToe/he/15fps/TicTacToe_UVG-CWI-DQPC_HE_15_0_164_0032.ply,165,165,165,165,0,0
TicTacToe,0033,/gpfs/work3/0/prjs0839/data/UVG_CWI_DQPC/UVG-CWI-DQPC/TicTacToe/cg/15fps/TicTacToe_UVG-CWI-DQPC_CG_15_0_164_0033.ply,/gpfs/work3/0/prjs0839/data/UVG_CWI_DQPC/UVG-CWI-DQPC/TicTacToe/he/15fps/TicTacToe_UVG-CWI-DQPC_HE_15_0_164_0033.ply,165,165,165,165,0,0
TicTacToe,0034,/gpfs/work3/0/prjs0839/data/UVG_CWI_DQPC/UVG-CWI-DQPC/TicTacToe/cg/15fps/TicTacToe_UVG-CWI-DQPC_CG_15_0_164_0034.ply,/gpfs/work3/0/prjs0839/data/UVG_CWI_DQPC/UVG-CWI-DQPC/TicTacToe/he/15fps/TicTacToe_UVG-CWI-DQPC_HE_15_0_164_0034.ply,165,165,165,165,0,0
TicTacToe,0035,/gpfs/work3/0/prjs0839/data/UVG_CWI_DQPC/UVG-CWI-DQPC/TicTacToe/cg/15fps/TicTacToe_UVG-CWI-DQPC_CG_15_0_164_0035.ply,/gpfs/work3/0/prjs0839/data/UVG_CWI_DQPC/UVG-CWI-DQPC/TicTacToe/he/15fps/TicTacToe_UVG-CWI-DQPC_HE_15_0_164_0035.ply,165,165,165,165,0,0
TicTacToe,0036,/gpfs/work3/0/prjs0839/data/UVG_CWI_DQPC/UVG-CWI-DQPC/TicTacToe/cg/15fps/TicTacToe_UVG-CWI-DQPC_CG_15_0_164_0036.ply,/gpfs/work3/0/prjs0839/data/UVG_CWI_DQPC/UVG-CWI-DQPC/TicTacToe/he/15fps/TicTacToe_UVG-CWI-DQPC_HE_15_0_164_0036.ply,165,165,165,165,0,0
TicTacToe,0037,/gpfs/work3/0/prjs0839/data/UVG_CWI_DQPC/UVG-CWI-DQPC/TicTacToe/cg/15fps/TicTacToe_UVG-CWI-DQPC_CG_15_0_164_0037.ply,/gpfs/work3/0/prjs0839/data/UVG_CWI_DQPC/UVG-CWI-DQPC/TicTacToe/he/15fps/TicTacToe_UVG-CWI-DQPC_HE_15_0_164_0037.ply,165,165,165,165,0,0
TicTacToe,0038,/gpfs/work3/0/prjs0839/data/UVG_CWI_DQPC/UVG-CWI-DQPC/TicTacToe/cg/15fps/TicTacToe_UVG-CWI-DQPC_CG_15_0_164_0038.ply,/gpfs/work3/0/prjs0839/data/UVG_CWI_DQPC/UVG-CWI-DQPC/TicTacToe/he/15fps/TicTacToe_UVG-CWI-DQPC_HE_15_0_164_0038.ply,165,165,165,165,0,0
TicTacToe,0039,/gpfs/work3/0/prjs0839/data/UVG_CWI_DQPC/UVG-CWI-DQPC/TicTacToe/cg/15fps/TicTacToe_UVG-CWI-DQPC_CG_15_0_164_0039.ply,/gpfs/work3/0/prjs0839/data/UVG_CWI_DQPC/UVG-CWI-DQPC/TicTacToe/he/15fps/TicTacToe_UVG-CWI-DQPC_HE_15_0_164_0039.ply,165,165,165,165,0,0
TicTacToe,0040,/gpfs/work3/0/prjs0839/data/UVG_CWI_DQPC/UVG-CWI-DQPC/TicTacToe/cg/15fps/TicTacToe_UVG-CWI-DQPC_CG_15_0_164_0040.ply,/gpfs/work3/0/prjs0839/data/UVG_CWI_DQPC/UVG-CWI-DQPC/TicTacToe/he/15fps/TicTacToe_UVG-CWI-DQPC_HE_15_0_164_0040.ply,165,165,165,165,0,0
TicTacToe,0041,/gpfs/work3/0/prjs0839/data/UVG_CWI_DQPC/UVG-CWI-DQPC/TicTacToe/cg/15fps/TicTacToe_UVG-CWI-DQPC_CG_15_0_164_0041.ply,/gpfs/work3/0/prjs0839/data/UVG_CWI_DQPC/UVG-CWI-DQPC/TicTacToe/he/15fps/TicTacToe_UVG-CWI-DQPC_HE_15_0_164_0041.ply,165,165,165,165,0,0
TicTacToe,0042,/gpfs/work3/0/prjs0839/data/UVG_CWI_DQPC/UVG-CWI-DQPC/TicTacToe/cg/15fps/TicTacToe_UVG-CWI-DQPC_CG_15_0_164_0042.ply,/gpfs/work3/0/prjs0839/data/UVG_CWI_DQPC/UVG-CWI-DQPC/TicTacToe/he/15fps/TicTacToe_UVG-CWI-DQPC_HE_15_0_164_0042.ply,165,165,165,165,0,0
TicTacToe,0043,/gpfs/work3/0/prjs0839/data/UVG_CWI_DQPC/UVG-CWI-DQPC/TicTacToe/cg/15fps/TicTacToe_UVG-CWI-DQPC_CG_15_0_164_0043.ply,/gpfs/work3/0/prjs0839/data/UVG_CWI_DQPC/UVG-CWI-DQPC/TicTacToe/he/15fps/TicTacToe_UVG-CWI-DQPC_HE_15_0_164_0043.ply,165,165,165,165,0,0
TicTacToe,0044,/gpfs/work3/0/prjs0839/data/UVG_CWI_DQPC/UVG-CWI-DQPC/TicTacToe/cg/15fps/TicTacToe_UVG-CWI-DQPC_CG_15_0_164_0044.ply,/gpfs/work3/0/prjs0839/data/UVG_CWI_DQPC/UVG-CWI-DQPC/TicTacToe/he/15fps/TicTacToe_UVG-CWI-DQPC_HE_15_0_164_0044.ply,165,165,165,165,0,0
TicTacToe,0045,/gpfs/work3/0/prjs0839/data/UVG_CWI_DQPC/UVG-CWI-DQPC/TicTacToe/cg/15fps/TicTacToe_UVG-CWI-DQPC_CG_15_0_164_0045.ply,/gpfs/work3/0/prjs0839/data/UVG_CWI_DQPC/UVG-CWI-DQPC/TicTacToe/he/15fps/TicTacToe_UVG-CWI-DQPC_HE_15_0_164_0045.ply,165,165,165,165,0,0
TicTacToe,0046,/gpfs/work3/0/prjs0839/data/UVG_CWI_DQPC/UVG-CWI-DQPC/TicTacToe/cg/15fps/TicTacToe_UVG-CWI-DQPC_CG_15_0_164_0046.ply,/gpfs/work3/0/prjs0839/data/UVG_CWI_DQPC/UVG-CWI-DQPC/TicTacToe/he/15fps/TicTacToe_UVG-CWI-DQPC_HE_15_0_164_0046.ply,165,165,165,165,0,0
TicTacToe,0047,/gpfs/work3/0/prjs0839/data/UVG_CWI_DQPC/UVG-CWI-DQPC/TicTacToe/cg/15fps/TicTacToe_UVG-CWI-DQPC_CG_15_0_164_0047.ply,/gpfs/work3/0/prjs0839/data/UVG_CWI_DQPC/UVG-CWI-DQPC/TicTacToe/he/15fps/TicTacToe_UVG-CWI-DQPC_HE_15_0_164_0047.ply,165,165,165,165,0,0
TicTacToe,0048,/gpfs/work3/0/prjs0839/data/UVG_CWI_DQPC/UVG-CWI-DQPC/TicTacToe/cg/15fps/TicTacToe_UVG-CWI-DQPC_CG_15_0_164_0048.ply,/gpfs/work3/0/prjs0839/data/UVG_CWI_DQPC/UVG-CWI-DQPC/TicTacToe/he/15fps/TicTacToe_UVG-CWI-DQPC_HE_15_0_164_0048.ply,165,165,165,165,0,0
TicTacToe,0049,/gpfs/work3/0/prjs0839/data/UVG_CWI_DQPC/UVG-CWI-DQPC/TicTacToe/cg/15fps/TicTacToe_UVG-CWI-DQPC_CG_15_0_164_0049.ply,/gpfs/work3/0/prjs0839/data/UVG_CWI_DQPC/UVG-CWI-DQPC/TicTacToe/he/15fps/TicTacToe_UVG-CWI-DQPC_HE_15_0_164_0049.ply,165,165,165,165,0,0
TicTacToe,0050,/gpfs/work3/0/prjs0839/data/UVG_CWI_DQPC/UVG-CWI-DQPC/TicTacToe/cg/15fps/TicTacToe_UVG-CWI-DQPC_CG_15_0_164_0050.ply,/gpfs/work3/0/prjs0839/data/UVG_CWI_DQPC/UVG-CWI-DQPC/TicTacToe/he/15fps/TicTacToe_UVG-CWI-DQPC_HE_15_0_164_0050.ply,165,165,165,165,0,0
TicTacToe,0051,/gpfs/work3/0/prjs0839/data/UVG_CWI_DQPC/UVG-CWI-DQPC/TicTacToe/cg/15fps/TicTacToe_UVG-CWI-DQPC_CG_15_0_164_0051.ply,/gpfs/work3/0/prjs0839/data/UVG_CWI_DQPC/UVG-CWI-DQPC/TicTacToe/he/15fps/TicTacToe_UVG-CWI-DQPC_HE_15_0_164_0051.ply,165,165,165,165,0,0
TicTacToe,0052,/gpfs/work3/0/prjs0839/data/UVG_CWI_DQPC/UVG-CWI-DQPC/TicTacToe/cg/15fps/TicTacToe_UVG-CWI-DQPC_CG_15_0_164_0052.ply,/gpfs/work3/0/prjs0839/data/UVG_CWI_DQPC/UVG-CWI-DQPC/TicTacToe/he/15fps/TicTacToe_UVG-CWI-DQPC_HE_15_0_164_0052.ply,165,165,165,165,0,0
TicTacToe,0053,/gpfs/work3/0/prjs0839/data/UVG_CWI_DQPC/UVG-CWI-DQPC/TicTacToe/cg/15fps/TicTacToe_UVG-CWI-DQPC_CG_15_0_164_0053.ply,/gpfs/work3/0/prjs0839/data/UVG_CWI_DQPC/UVG-CWI-DQPC/TicTacToe/he/15fps/TicTacToe_UVG-CWI-DQPC_HE_15_0_164_0053.ply,165,165,165,165,0,0
TicTacToe,0054,/gpfs/work3/0/prjs0839/data/UVG_CWI_DQPC/UVG-CWI-DQPC/TicTacToe/cg/15fps/TicTacToe_UVG-CWI-DQPC_CG_15_0_164_0054.ply,/gpfs/work3/0/prjs0839/data/UVG_CWI_DQPC/UVG-CWI-DQPC/TicTacToe/he/15fps/TicTacToe_UVG-CWI-DQPC_HE_15_0_164_0054.ply,165,165,165,165,0,0
TicTacToe,0055,/gpfs/work3/0/prjs0839/data/UVG_CWI_DQPC/UVG-CWI-DQPC/TicTacToe/cg/15fps/TicTacToe_UVG-CWI-DQPC_CG_15_0_164_0055.ply,/gpfs/work3/0/prjs0839/data/UVG_CWI_DQPC/UVG-CWI-DQPC/TicTacToe/he/15fps/TicTacToe_UVG-CWI-DQPC_HE_15_0_164_0055.ply,165,165,165,165,0,0
TicTacToe,0056,/gpfs/work3/0/prjs0839/data/UVG_CWI_DQPC/UVG-CWI-DQPC/TicTacToe/cg/15fps/TicTacToe_UVG-CWI-DQPC_CG_15_0_164_0056.ply,/gpfs/work3/0/prjs0839/data/UVG_CWI_DQPC/UVG-CWI-DQPC/TicTacToe/he/15fps/TicTacToe_UVG-CWI-DQPC_HE_15_0_164_0056.ply,165,165,165,165,0,0
TicTacToe,0057,/gpfs/work3/0/prjs0839/data/UVG_CWI_DQPC/UVG-CWI-DQPC/TicTacToe/cg/15fps/TicTacToe_UVG-CWI-DQPC_CG_15_0_164_0057.ply,/gpfs/work3/0/prjs0839/data/UVG_CWI_DQPC/UVG-CWI-DQPC/TicTacToe/he/15fps/TicTacToe_UVG-CWI-DQPC_HE_15_0_164_0057.ply,165,165,165,165,0,0
TicTacToe,0058,/gpfs/work3/0/prjs0839/data/UVG_CWI_DQPC/UVG-CWI-DQPC/TicTacToe/cg/15fps/TicTacToe_UVG-CWI-DQPC_CG_15_0_164_0058.ply,/gpfs/work3/0/prjs0839/data/UVG_CWI_DQPC/UVG-CWI-DQPC/TicTacToe/he/15fps/TicTacToe_UVG-CWI-DQPC_HE_15_0_164_0058.ply,165,165,165,165,0,0
TicTacToe,0059,/gpfs/work3/0/prjs0839/data/UVG_CWI_DQPC/UVG-CWI-DQPC/TicTacToe/cg/15fps/TicTacToe_UVG-CWI-DQPC_CG_15_0_164_0059.ply,/gpfs/work3/0/prjs0839/data/UVG_CWI_DQPC/UVG-CWI-DQPC/TicTacToe/he/15fps/TicTacToe_UVG-CWI-DQPC_HE_15_0_164_0059.ply,165,165,165,165,0,0
TicTacToe,0060,/gpfs/work3/0/prjs0839/data/UVG_CWI_DQPC/UVG-CWI-DQPC/TicTacToe/cg/15fps/TicTacToe_UVG-CWI-DQPC_CG_15_0_164_0060.ply,/gpfs/work3/0/prjs0839/data/UVG_CWI_DQPC/UVG-CWI-DQPC/TicTacToe/he/15fps/TicTacToe_UVG-CWI-DQPC_HE_15_0_164_0060.ply,165,165,165,165,0,0
TicTacToe,0061,/gpfs/work3/0/prjs0839/data/UVG_CWI_DQPC/UVG-CWI-DQPC/TicTacToe/cg/15fps/TicTacToe_UVG-CWI-DQPC_CG_15_0_164_0061.ply,/gpfs/work3/0/prjs0839/data/UVG_CWI_DQPC/UVG-CWI-DQPC/TicTacToe/he/15fps/TicTacToe_UVG-CWI-DQPC_HE_15_0_164_0061.ply,165,165,165,165,0,0
TicTacToe,0062,/gpfs/work3/0/prjs0839/data/UVG_CWI_DQPC/UVG-CWI-DQPC/TicTacToe/cg/15fps/TicTacToe_UVG-CWI-DQPC_CG_15_0_164_0062.ply,/gpfs/work3/0/prjs0839/data/UVG_CWI_DQPC/UVG-CWI-DQPC/TicTacToe/he/15fps/TicTacToe_UVG-CWI-DQPC_HE_15_0_164_0062.ply,165,165,165,165,0,0
TicTacToe,0063,/gpfs/work3/0/prjs0839/data/UVG_CWI_DQPC/UVG-CWI-DQPC/TicTacToe/cg/15fps/TicTacToe_UVG-CWI-DQPC_CG_15_0_164_0063.ply,/gpfs/work3/0/prjs0839/data/UVG_CWI_DQPC/UVG-CWI-DQPC/TicTacToe/he/15fps/TicTacToe_UVG-CWI-DQPC_HE_15_0_164_0063.ply,165,165,165,165,0,0
TicTacToe,0064,/gpfs/work3/0/prjs0839/data/UVG_CWI_DQPC/UVG-CWI-DQPC/TicTacToe/cg/15fps/TicTacToe_UVG-CWI-DQPC_CG_15_0_164_0064.ply,/gpfs/work3/0/prjs0839/data/UVG_CWI_DQPC/UVG-CWI-DQPC/TicTacToe/he/15fps/TicTacToe_UVG-CWI-DQPC_HE_15_0_164_0064.ply,165,165,165,165,0,0
TicTacToe,0065,/gpfs/work3/0/prjs0839/data/UVG_CWI_DQPC/UVG-CWI-DQPC/TicTacToe/cg/15fps/TicTacToe_UVG-CWI-DQPC_CG_15_0_164_0065.ply,/gpfs/work3/0/prjs0839/data/UVG_CWI_DQPC/UVG-CWI-DQPC/TicTacToe/he/15fps/TicTacToe_UVG-CWI-DQPC_HE_15_0_164_0065.ply,165,165,165,165,0,0
TicTacToe,0066,/gpfs/work3/0/prjs0839/data/UVG_CWI_DQPC/UVG-CWI-DQPC/TicTacToe/cg/15fps/TicTacToe_UVG-CWI-DQPC_CG_15_0_164_0066.ply,/gpfs/work3/0/prjs0839/data/UVG_CWI_DQPC/UVG-CWI-DQPC/TicTacToe/he/15fps/TicTacToe_UVG-CWI-DQPC_HE_15_0_164_0066.ply,165,165,165,165,0,0
TicTacToe,0067,/gpfs/work3/0/prjs0839/data/UVG_CWI_DQPC/UVG-CWI-DQPC/TicTacToe/cg/15fps/TicTacToe_UVG-CWI-DQPC_CG_15_0_164_0067.ply,/gpfs/work3/0/prjs0839/data/UVG_CWI_DQPC/UVG-CWI-DQPC/TicTacToe/he/15fps/TicTacToe_UVG-CWI-DQPC_HE_15_0_164_0067.ply,165,165,165,165,0,0
TicTacToe,0068,/gpfs/work3/0/prjs0839/data/UVG_CWI_DQPC/UVG-CWI-DQPC/TicTacToe/cg/15fps/TicTacToe_UVG-CWI-DQPC_CG_15_0_164_0068.ply,/gpfs/work3/0/prjs0839/data/UVG_CWI_DQPC/UVG-CWI-DQPC/TicTacToe/he/15fps/TicTacToe_UVG-CWI-DQPC_HE_15_0_164_0068.ply,165,165,165,165,0,0
TicTacToe,0069,/gpfs/work3/0/prjs0839/data/UVG_CWI_DQPC/UVG-CWI-DQPC/TicTacToe/cg/15fps/TicTacToe_UVG-CWI-DQPC_CG_15_0_164_0069.ply,/gpfs/work3/0/prjs0839/data/UVG_CWI_DQPC/UVG-CWI-DQPC/TicTacToe/he/15fps/TicTacToe_UVG-CWI-DQPC_HE_15_0_164_0069.ply,165,165,165,165,0,0
TicTacToe,0070,/gpfs/work3/0/prjs0839/data/UVG_CWI_DQPC/UVG-CWI-DQPC/TicTacToe/cg/15fps/TicTacToe_UVG-CWI-DQPC_CG_15_0_164_0070.ply,/gpfs/work3/0/prjs0839/data/UVG_CWI_DQPC/UVG-CWI-DQPC/TicTacToe/he/15fps/TicTacToe_UVG-CWI-DQPC_HE_15_0_164_0070.ply,165,165,165,165,0,0
TicTacToe,0071,/gpfs/work3/0/prjs0839/data/UVG_CWI_DQPC/UVG-CWI-DQPC/TicTacToe/cg/15fps/TicTacToe_UVG-CWI-DQPC_CG_15_0_164_0071.ply,/gpfs/work3/0/prjs0839/data/UVG_CWI_DQPC/UVG-CWI-DQPC/TicTacToe/he/15fps/TicTacToe_UVG-CWI-DQPC_HE_15_0_164_0071.ply,165,165,165,165,0,0
TicTacToe,0072,/gpfs/work3/0/prjs0839/data/UVG_CWI_DQPC/UVG-CWI-DQPC/TicTacToe/cg/15fps/TicTacToe_UVG-CWI-DQPC_CG_15_0_164_0072.ply,/gpfs/work3/0/prjs0839/data/UVG_CWI_DQPC/UVG-CWI-DQPC/TicTacToe/he/15fps/TicTacToe_UVG-CWI-DQPC_HE_15_0_164_0072.ply,165,165,165,165,0,0
TicTacToe,0073,/gpfs/work3/0/prjs0839/data/UVG_CWI_DQPC/UVG-CWI-DQPC/TicTacToe/cg/15fps/TicTacToe_UVG-CWI-DQPC_CG_15_0_164_0073.ply,/gpfs/work3/0/prjs0839/data/UVG_CWI_DQPC/UVG-CWI-DQPC/TicTacToe/he/15fps/TicTacToe_UVG-CWI-DQPC_HE_15_0_164_0073.ply,165,165,165,165,0,0
TicTacToe,0074,/gpfs/work3/0/prjs0839/data/UVG_CWI_DQPC/UVG-CWI-DQPC/TicTacToe/cg/15fps/TicTacToe_UVG-CWI-DQPC_CG_15_0_164_0074.ply,/gpfs/work3/0/prjs0839/data/UVG_CWI_DQPC/UVG-CWI-DQPC/TicTacToe/he/15fps/TicTacToe_UVG-CWI-DQPC_HE_15_0_164_0074.ply,165,165,165,165,0,0
TicTacToe,0075,/gpfs/work3/0/prjs0839/data/UVG_CWI_DQPC/UVG-CWI-DQPC/TicTacToe/cg/15fps/TicTacToe_UVG-CWI-DQPC_CG_15_0_164_0075.ply,/gpfs/work3/0/prjs0839/data/UVG_CWI_DQPC/UVG-CWI-DQPC/TicTacToe/he/15fps/TicTacToe_UVG-CWI-DQPC_HE_15_0_164_0075.ply,165,165,165,165,0,0
TicTacToe,0076,/gpfs/work3/0/prjs0839/data/UVG_CWI_DQPC/UVG-CWI-DQPC/TicTacToe/cg/15fps/TicTacToe_UVG-CWI-DQPC_CG_15_0_164_0076.ply,/gpfs/work3/0/prjs0839/data/UVG_CWI_DQPC/UVG-CWI-DQPC/TicTacToe/he/15fps/TicTacToe_UVG-CWI-DQPC_HE_15_0_164_0076.ply,165,165,165,165,0,0
TicTacToe,0077,/gpfs/work3/0/prjs0839/data/UVG_CWI_DQPC/UVG-CWI-DQPC/TicTacToe/cg/15fps/TicTacToe_UVG-CWI-DQPC_CG_15_0_164_0077.ply,/gpfs/work3/0/prjs0839/data/UVG_CWI_DQPC/UVG-CWI-DQPC/TicTacToe/he/15fps/TicTacToe_UVG-CWI-DQPC_HE_15_0_164_0077.ply,165,165,165,165,0,0
TicTacToe,0078,/gpfs/work3/0/prjs0839/data/UVG_CWI_DQPC/UVG-CWI-DQPC/TicTacToe/cg/15fps/TicTacToe_UVG-CWI-DQPC_CG_15_0_164_0078.ply,/gpfs/work3/0/prjs0839/data/UVG_CWI_DQPC/UVG-CWI-DQPC/TicTacToe/he/15fps/TicTacToe_UVG-CWI-DQPC_HE_15_0_164_0078.ply,165,165,165,165,0,0
TicTacToe,0079,/gpfs/work3/0/prjs0839/data/UVG_CWI_DQPC/UVG-CWI-DQPC/TicTacToe/cg/15fps/TicTacToe_UVG-CWI-DQPC_CG_15_0_164_0079.ply,/gpfs/work3/0/prjs0839/data/UVG_CWI_DQPC/UVG-CWI-DQPC/TicTacToe/he/15fps/TicTacToe_UVG-CWI-DQPC_HE_15_0_164_0079.ply,165,165,165,165,0,0
TicTacToe,0080,/gpfs/work3/0/prjs0839/data/UVG_CWI_DQPC/UVG-CWI-DQPC/TicTacToe/cg/15fps/TicTacToe_UVG-CWI-DQPC_CG_15_0_164_0080.ply,/gpfs/work3/0/prjs0839/data/UVG_CWI_DQPC/UVG-CWI-DQPC/TicTacToe/he/15fps/TicTacToe_UVG-CWI-DQPC_HE_15_0_164_0080.ply,165,165,165,165,0,0
TicTacToe,0081,/gpfs/work3/0/prjs0839/data/UVG_CWI_DQPC/UVG-CWI-DQPC/TicTacToe/cg/15fps/TicTacToe_UVG-CWI-DQPC_CG_15_0_164_0081.ply,/gpfs/work3/0/prjs0839/data/UVG_CWI_DQPC/UVG-CWI-DQPC/TicTacToe/he/15fps/TicTacToe_UVG-CWI-DQPC_HE_15_0_164_0081.ply,165,165,165,165,0,0
TicTacToe,0082,/gpfs/work3/0/prjs0839/data/UVG_CWI_DQPC/UVG-CWI-DQPC/TicTacToe/cg/15fps/TicTacToe_UVG-CWI-DQPC_CG_15_0_164_0082.ply,/gpfs/work3/0/prjs0839/data/UVG_CWI_DQPC/UVG-CWI-DQPC/TicTacToe/he/15fps/TicTacToe_UVG-CWI-DQPC_HE_15_0_164_0082.ply,165,165,165,165,0,0
TicTacToe,0083,/gpfs/work3/0/prjs0839/data/UVG_CWI_DQPC/UVG-CWI-DQPC/TicTacToe/cg/15fps/TicTacToe_UVG-CWI-DQPC_CG_15_0_164_0083.ply,/gpfs/work3/0/prjs0839/data/UVG_CWI_DQPC/UVG-CWI-DQPC/TicTacToe/he/15fps/TicTacToe_UVG-CWI-DQPC_HE_15_0_164_0083.ply,165,165,165,165,0,0
TicTacToe,0084,/gpfs/work3/0/prjs0839/data/UVG_CWI_DQPC/UVG-CWI-DQPC/TicTacToe/cg/15fps/TicTacToe_UVG-CWI-DQPC_CG_15_0_164_0084.ply,/gpfs/work3/0/prjs0839/data/UVG_CWI_DQPC/UVG-CWI-DQPC/TicTacToe/he/15fps/TicTacToe_UVG-CWI-DQPC_HE_15_0_164_0084.ply,165,165,165,165,0,0
TicTacToe,0085,/gpfs/work3/0/prjs0839/data/UVG_CWI_DQPC/UVG-CWI-DQPC/TicTacToe/cg/15fps/TicTacToe_UVG-CWI-DQPC_CG_15_0_164_0085.ply,/gpfs/work3/0/prjs0839/data/UVG_CWI_DQPC/UVG-CWI-DQPC/TicTacToe/he/15fps/TicTacToe_UVG-CWI-DQPC_HE_15_0_164_0085.ply,165,165,165,165,0,0
TicTacToe,0086,/gpfs/work3/0/prjs0839/data/UVG_CWI_DQPC/UVG-CWI-DQPC/TicTacToe/cg/15fps/TicTacToe_UVG-CWI-DQPC_CG_15_0_164_0086.ply,/gpfs/work3/0/prjs0839/data/UVG_CWI_DQPC/UVG-CWI-DQPC/TicTacToe/he/15fps/TicTacToe_UVG-CWI-DQPC_HE_15_0_164_0086.ply,165,165,165,165,0,0
TicTacToe,0087,/gpfs/work3/0/prjs0839/data/UVG_CWI_DQPC/UVG-CWI-DQPC/TicTacToe/cg/15fps/TicTacToe_UVG-CWI-DQPC_CG_15_0_164_0087.ply,/gpfs/work3/0/prjs0839/data/UVG_CWI_DQPC/UVG-CWI-DQPC/TicTacToe/he/15fps/TicTacToe_UVG-CWI-DQPC_HE_15_0_164_0087.ply,165,165,165,165,0,0
TicTacToe,0088,/gpfs/work3/0/prjs0839/data/UVG_CWI_DQPC/UVG-CWI-DQPC/TicTacToe/cg/15fps/TicTacToe_UVG-CWI-DQPC_CG_15_0_164_0088.ply,/gpfs/work3/0/prjs0839/data/UVG_CWI_DQPC/UVG-CWI-DQPC/TicTacToe/he/15fps/TicTacToe_UVG-CWI-DQPC_HE_15_0_164_0088.ply,165,165,165,165,0,0
TicTacToe,0089,/gpfs/work3/0/prjs0839/data/UVG_CWI_DQPC/UVG-CWI-DQPC/TicTacToe/cg/15fps/TicTacToe_UVG-CWI-DQPC_CG_15_0_164_0089.ply,/gpfs/work3/0/prjs0839/data/UVG_CWI_DQPC/UVG-CWI-DQPC/TicTacToe/he/15fps/TicTacToe_UVG-CWI-DQPC_HE_15_0_164_0089.ply,165,165,165,165,0,0
TicTacToe,0090,/gpfs/work3/0/prjs0839/data/UVG_CWI_DQPC/UVG-CWI-DQPC/TicTacToe/cg/15fps/TicTacToe_UVG-CWI-DQPC_CG_15_0_164_0090.ply,/gpfs/work3/0/prjs0839/data/UVG_CWI_DQPC/UVG-CWI-DQPC/TicTacToe/he/15fps/TicTacToe_UVG-CWI-DQPC_HE_15_0_164_0090.ply,165,165,165,165,0,0
TicTacToe,0091,/gpfs/work3/0/prjs0839/data/UVG_CWI_DQPC/UVG-CWI-DQPC/TicTacToe/cg/15fps/TicTacToe_UVG-CWI-DQPC_CG_15_0_164_0091.ply,/gpfs/work3/0/prjs0839/data/UVG_CWI_DQPC/UVG-CWI-DQPC/TicTacToe/he/15fps/TicTacToe_UVG-CWI-DQPC_HE_15_0_164_0091.ply,165,165,165,165,0,0
TicTacToe,0092,/gpfs/work3/0/prjs0839/data/UVG_CWI_DQPC/UVG-CWI-DQPC/TicTacToe/cg/15fps/TicTacToe_UVG-CWI-DQPC_CG_15_0_164_0092.ply,/gpfs/work3/0/prjs0839/data/UVG_CWI_DQPC/UVG-CWI-DQPC/TicTacToe/he/15fps/TicTacToe_UVG-CWI-DQPC_HE_15_0_164_0092.ply,165,165,165,165,0,0
TicTacToe,0093,/gpfs/work3/0/prjs0839/data/UVG_CWI_DQPC/UVG-CWI-DQPC/TicTacToe/cg/15fps/TicTacToe_UVG-CWI-DQPC_CG_15_0_164_0093.ply,/gpfs/work3/0/prjs0839/data/UVG_CWI_DQPC/UVG-CWI-DQPC/TicTacToe/he/15fps/TicTacToe_UVG-CWI-DQPC_HE_15_0_164_0093.ply,165,165,165,165,0,0
TicTacToe,0094,/gpfs/work3/0/prjs0839/data/UVG_CWI_DQPC/UVG-CWI-DQPC/TicTacToe/cg/15fps/TicTacToe_UVG-CWI-DQPC_CG_15_0_164_0094.ply,/gpfs/work3/0/prjs0839/data/UVG_CWI_DQPC/UVG-CWI-DQPC/TicTacToe/he/15fps/TicTacToe_UVG-CWI-DQPC_HE_15_0_164_0094.ply,165,165,165,165,0,0
TicTacToe,0095,/gpfs/work3/0/prjs0839/data/UVG_CWI_DQPC/UVG-CWI-DQPC/TicTacToe/cg/15fps/TicTacToe_UVG-CWI-DQPC_CG_15_0_164_0095.ply,/gpfs/work3/0/prjs0839/data/UVG_CWI_DQPC/UVG-CWI-DQPC/TicTacToe/he/15fps/TicTacToe_UVG-CWI-DQPC_HE_15_0_164_0095.ply,165,165,165,165,0,0
TicTacToe,0096,/gpfs/work3/0/prjs0839/data/UVG_CWI_DQPC/UVG-CWI-DQPC/TicTacToe/cg/15fps/TicTacToe_UVG-CWI-DQPC_CG_15_0_164_0096.ply,/gpfs/work3/0/prjs0839/data/UVG_CWI_DQPC/UVG-CWI-DQPC/TicTacToe/he/15fps/TicTacToe_UVG-CWI-DQPC_HE_15_0_164_0096.ply,165,165,165,165,0,0
TicTacToe,0097,/gpfs/work3/0/prjs0839/data/UVG_CWI_DQPC/UVG-CWI-DQPC/TicTacToe/cg/15fps/TicTacToe_UVG-CWI-DQPC_CG_15_0_164_0097.ply,/gpfs/work3/0/prjs0839/data/UVG_CWI_DQPC/UVG-CWI-DQPC/TicTacToe/he/15fps/TicTacToe_UVG-CWI-DQPC_HE_15_0_164_0097.ply,165,165,165,165,0,0
TicTacToe,0098,/gpfs/work3/0/prjs0839/data/UVG_CWI_DQPC/UVG-CWI-DQPC/TicTacToe/cg/15fps/TicTacToe_UVG-CWI-DQPC_CG_15_0_164_0098.ply,/gpfs/work3/0/prjs0839/data/UVG_CWI_DQPC/UVG-CWI-DQPC/TicTacToe/he/15fps/TicTacToe_UVG-CWI-DQPC_HE_15_0_164_0098.ply,165,165,165,165,0,0
TicTacToe,0099,/gpfs/work3/0/prjs0839/data/UVG_CWI_DQPC/UVG-CWI-DQPC/TicTacToe/cg/15fps/TicTacToe_UVG-CWI-DQPC_CG_15_0_164_0099.ply,/gpfs/work3/0/prjs0839/data/UVG_CWI_DQPC/UVG-CWI-DQPC/TicTacToe/he/15fps/TicTacToe_UVG-CWI-DQPC_HE_15_0_164_0099.ply,165,165,165,165,0,0
TicTacToe,0100,/gpfs/work3/0/prjs0839/data/UVG_CWI_DQPC/UVG-CWI-DQPC/TicTacToe/cg/15fps/TicTacToe_UVG-CWI-DQPC_CG_15_0_164_0100.ply,/gpfs/work3/0/prjs0839/data/UVG_CWI_DQPC/UVG-CWI-DQPC/TicTacToe/he/15fps/TicTacToe_UVG-CWI-DQPC_HE_15_0_164_0100.ply,165,165,165,165,0,0
TicTacToe,0101,/gpfs/work3/0/prjs0839/data/UVG_CWI_DQPC/UVG-CWI-DQPC/TicTacToe/cg/15fps/TicTacToe_UVG-CWI-DQPC_CG_15_0_164_0101.ply,/gpfs/work3/0/prjs0839/data/UVG_CWI_DQPC/UVG-CWI-DQPC/TicTacToe/he/15fps/TicTacToe_UVG-CWI-DQPC_HE_15_0_164_0101.ply,165,165,165,165,0,0
TicTacToe,0102,/gpfs/work3/0/prjs0839/data/UVG_CWI_DQPC/UVG-CWI-DQPC/TicTacToe/cg/15fps/TicTacToe_UVG-CWI-DQPC_CG_15_0_164_0102.ply,/gpfs/work3/0/prjs0839/data/UVG_CWI_DQPC/UVG-CWI-DQPC/TicTacToe/he/15fps/TicTacToe_UVG-CWI-DQPC_HE_15_0_164_0102.ply,165,165,165,165,0,0
TicTacToe,0103,/gpfs/work3/0/prjs0839/data/UVG_CWI_DQPC/UVG-CWI-DQPC/TicTacToe/cg/15fps/TicTacToe_UVG-CWI-DQPC_CG_15_0_164_0103.ply,/gpfs/work3/0/prjs0839/data/UVG_CWI_DQPC/UVG-CWI-DQPC/TicTacToe/he/15fps/TicTacToe_UVG-CWI-DQPC_HE_15_0_164_0103.ply,165,165,165,165,0,0
TicTacToe,0104,/gpfs/work3/0/prjs0839/data/UVG_CWI_DQPC/UVG-CWI-DQPC/TicTacToe/cg/15fps/TicTacToe_UVG-CWI-DQPC_CG_15_0_164_0104.ply,/gpfs/work3/0/prjs0839/data/UVG_CWI_DQPC/UVG-CWI-DQPC/TicTacToe/he/15fps/TicTacToe_UVG-CWI-DQPC_HE_15_0_164_0104.ply,165,165,165,165,0,0
TicTacToe,0105,/gpfs/work3/0/prjs0839/data/UVG_CWI_DQPC/UVG-CWI-DQPC/TicTacToe/cg/15fps/TicTacToe_UVG-CWI-DQPC_CG_15_0_164_0105.ply,/gpfs/work3/0/prjs0839/data/UVG_CWI_DQPC/UVG-CWI-DQPC/TicTacToe/he/15fps/TicTacToe_UVG-CWI-DQPC_HE_15_0_164_0105.ply,165,165,165,165,0,0
TicTacToe,0106,/gpfs/work3/0/prjs0839/data/UVG_CWI_DQPC/UVG-CWI-DQPC/TicTacToe/cg/15fps/TicTacToe_UVG-CWI-DQPC_CG_15_0_164_0106.ply,/gpfs/work3/0/prjs0839/data/UVG_CWI_DQPC/UVG-CWI-DQPC/TicTacToe/he/15fps/TicTacToe_UVG-CWI-DQPC_HE_15_0_164_0106.ply,165,165,165,165,0,0
TicTacToe,0107,/gpfs/work3/0/prjs0839/data/UVG_CWI_DQPC/UVG-CWI-DQPC/TicTacToe/cg/15fps/TicTacToe_UVG-CWI-DQPC_CG_15_0_164_0107.ply,/gpfs/work3/0/prjs0839/data/UVG_CWI_DQPC/UVG-CWI-DQPC/TicTacToe/he/15fps/TicTacToe_UVG-CWI-DQPC_HE_15_0_164_0107.ply,165,165,165,165,0,0
TicTacToe,0108,/gpfs/work3/0/prjs0839/data/UVG_CWI_DQPC/UVG-CWI-DQPC/TicTacToe/cg/15fps/TicTacToe_UVG-CWI-DQPC_CG_15_0_164_0108.ply,/gpfs/work3/0/prjs0839/data/UVG_CWI_DQPC/UVG-CWI-DQPC/TicTacToe/he/15fps/TicTacToe_UVG-CWI-DQPC_HE_15_0_164_0108.ply,165,165,165,165,0,0
TicTacToe,0109,/gpfs/work3/0/prjs0839/data/UVG_CWI_DQPC/UVG-CWI-DQPC/TicTacToe/cg/15fps/TicTacToe_UVG-CWI-DQPC_CG_15_0_164_0109.ply,/gpfs/work3/0/prjs0839/data/UVG_CWI_DQPC/UVG-CWI-DQPC/TicTacToe/he/15fps/TicTacToe_UVG-CWI-DQPC_HE_15_0_164_0109.ply,165,165,165,165,0,0
TicTacToe,0110,/gpfs/work3/0/prjs0839/data/UVG_CWI_DQPC/UVG-CWI-DQPC/TicTacToe/cg/15fps/TicTacToe_UVG-CWI-DQPC_CG_15_0_164_0110.ply,/gpfs/work3/0/prjs0839/data/UVG_CWI_DQPC/UVG-CWI-DQPC/TicTacToe/he/15fps/TicTacToe_UVG-CWI-DQPC_HE_15_0_164_0110.ply,165,165,165,165,0,0
TicTacToe,0111,/gpfs/work3/0/prjs0839/data/UVG_CWI_DQPC/UVG-CWI-DQPC/TicTacToe/cg/15fps/TicTacToe_UVG-CWI-DQPC_CG_15_0_164_0111.ply,/gpfs/work3/0/prjs0839/data/UVG_CWI_DQPC/UVG-CWI-DQPC/TicTacToe/he/15fps/TicTacToe_UVG-CWI-DQPC_HE_15_0_164_0111.ply,165,165,165,165,0,0
TicTacToe,0112,/gpfs/work3/0/prjs0839/data/UVG_CWI_DQPC/UVG-CWI-DQPC/TicTacToe/cg/15fps/TicTacToe_UVG-CWI-DQPC_CG_15_0_164_0112.ply,/gpfs/work3/0/prjs0839/data/UVG_CWI_DQPC/UVG-CWI-DQPC/TicTacToe/he/15fps/TicTacToe_UVG-CWI-DQPC_HE_15_0_164_0112.ply,165,165,165,165,0,0
TicTacToe,0113,/gpfs/work3/0/prjs0839/data/UVG_CWI_DQPC/UVG-CWI-DQPC/TicTacToe/cg/15fps/TicTacToe_UVG-CWI-DQPC_CG_15_0_164_0113.ply,/gpfs/work3/0/prjs0839/data/UVG_CWI_DQPC/UVG-CWI-DQPC/TicTacToe/he/15fps/TicTacToe_UVG-CWI-DQPC_HE_15_0_164_0113.ply,165,165,165,165,0,0
TicTacToe,0114,/gpfs/work3/0/prjs0839/data/UVG_CWI_DQPC/UVG-CWI-DQPC/TicTacToe/cg/15fps/TicTacToe_UVG-CWI-DQPC_CG_15_0_164_0114.ply,/gpfs/work3/0/prjs0839/data/UVG_CWI_DQPC/UVG-CWI-DQPC/TicTacToe/he/15fps/TicTacToe_UVG-CWI-DQPC_HE_15_0_164_0114.ply,165,165,165,165,0,0
TicTacToe,0115,/gpfs/work3/0/prjs0839/data/UVG_CWI_DQPC/UVG-CWI-DQPC/TicTacToe/cg/15fps/TicTacToe_UVG-CWI-DQPC_CG_15_0_164_0115.ply,/gpfs/work3/0/prjs0839/data/UVG_CWI_DQPC/UVG-CWI-DQPC/TicTacToe/he/15fps/TicTacToe_UVG-CWI-DQPC_HE_15_0_164_0115.ply,165,165,165,165,0,0
TicTacToe,0116,/gpfs/work3/0/prjs0839/data/UVG_CWI_DQPC/UVG-CWI-DQPC/TicTacToe/cg/15fps/TicTacToe_UVG-CWI-DQPC_CG_15_0_164_0116.ply,/gpfs/work3/0/prjs0839/data/UVG_CWI_DQPC/UVG-CWI-DQPC/TicTacToe/he/15fps/TicTacToe_UVG-CWI-DQPC_HE_15_0_164_0116.ply,165,165,165,165,0,0
TicTacToe,0117,/gpfs/work3/0/prjs0839/data/UVG_CWI_DQPC/UVG-CWI-DQPC/TicTacToe/cg/15fps/TicTacToe_UVG-CWI-DQPC_CG_15_0_164_0117.ply,/gpfs/work3/0/prjs0839/data/UVG_CWI_DQPC/UVG-CWI-DQPC/TicTacToe/he/15fps/TicTacToe_UVG-CWI-DQPC_HE_15_0_164_0117.ply,165,165,165,165,0,0
TicTacToe,0118,/gpfs/work3/0/prjs0839/data/UVG_CWI_DQPC/UVG-CWI-DQPC/TicTacToe/cg/15fps/TicTacToe_UVG-CWI-DQPC_CG_15_0_164_0118.ply,/gpfs/work3/0/prjs0839/data/UVG_CWI_DQPC/UVG-CWI-DQPC/TicTacToe/he/15fps/TicTacToe_UVG-CWI-DQPC_HE_15_0_164_0118.ply,165,165,165,165,0,0
TicTacToe,0119,/gpfs/work3/0/prjs0839/data/UVG_CWI_DQPC/UVG-CWI-DQPC/TicTacToe/cg/15fps/TicTacToe_UVG-CWI-DQPC_CG_15_0_164_0119.ply,/gpfs/work3/0/prjs0839/data/UVG_CWI_DQPC/UVG-CWI-DQPC/TicTacToe/he/15fps/TicTacToe_UVG-CWI-DQPC_HE_15_0_164_0119.ply,165,165,165,165,0,0
TicTacToe,0120,/gpfs/work3/0/prjs0839/data/UVG_CWI_DQPC/UVG-CWI-DQPC/TicTacToe/cg/15fps/TicTacToe_UVG-CWI-DQPC_CG_15_0_164_0120.ply,/gpfs/work3/0/prjs0839/data/UVG_CWI_DQPC/UVG-CWI-DQPC/TicTacToe/he/15fps/TicTacToe_UVG-CWI-DQPC_HE_15_0_164_0120.ply,165,165,165,165,0,0
TicTacToe,0121,/gpfs/work3/0/prjs0839/data/UVG_CWI_DQPC/UVG-CWI-DQPC/TicTacToe/cg/15fps/TicTacToe_UVG-CWI-DQPC_CG_15_0_164_0121.ply,/gpfs/work3/0/prjs0839/data/UVG_CWI_DQPC/UVG-CWI-DQPC/TicTacToe/he/15fps/TicTacToe_UVG-CWI-DQPC_HE_15_0_164_0121.ply,165,165,165,165,0,0
TicTacToe,0122,/gpfs/work3/0/prjs0839/data/UVG_CWI_DQPC/UVG-CWI-DQPC/TicTacToe/cg/15fps/TicTacToe_UVG-CWI-DQPC_CG_15_0_164_0122.ply,/gpfs/work3/0/prjs0839/data/UVG_CWI_DQPC/UVG-CWI-DQPC/TicTacToe/he/15fps/TicTacToe_UVG-CWI-DQPC_HE_15_0_164_0122.ply,165,165,165,165,0,0
TicTacToe,0123,/gpfs/work3/0/prjs0839/data/UVG_CWI_DQPC/UVG-CWI-DQPC/TicTacToe/cg/15fps/TicTacToe_UVG-CWI-DQPC_CG_15_0_164_0123.ply,/gpfs/work3/0/prjs0839/data/UVG_CWI_DQPC/UVG-CWI-DQPC/TicTacToe/he/15fps/TicTacToe_UVG-CWI-DQPC_HE_15_0_164_0123.ply,165,165,165,165,0,0
TicTacToe,0124,/gpfs/work3/0/prjs0839/data/UVG_CWI_DQPC/UVG-CWI-DQPC/TicTacToe/cg/15fps/TicTacToe_UVG-CWI-DQPC_CG_15_0_164_0124.ply,/gpfs/work3/0/prjs0839/data/UVG_CWI_DQPC/UVG-CWI-DQPC/TicTacToe/he/15fps/TicTacToe_UVG-CWI-DQPC_HE_15_0_164_0124.ply,165,165,165,165,0,0
TicTacToe,0125,/gpfs/work3/0/prjs0839/data/UVG_CWI_DQPC/UVG-CWI-DQPC/TicTacToe/cg/15fps/TicTacToe_UVG-CWI-DQPC_CG_15_0_164_0125.ply,/gpfs/work3/0/prjs0839/data/UVG_CWI_DQPC/UVG-CWI-DQPC/TicTacToe/he/15fps/TicTacToe_UVG-CWI-DQPC_HE_15_0_164_0125.ply,165,165,165,165,0,0
TicTacToe,0126,/gpfs/work3/0/prjs0839/data/UVG_CWI_DQPC/UVG-CWI-DQPC/TicTacToe/cg/15fps/TicTacToe_UVG-CWI-DQPC_CG_15_0_164_0126.ply,/gpfs/work3/0/prjs0839/data/UVG_CWI_DQPC/UVG-CWI-DQPC/TicTacToe/he/15fps/TicTacToe_UVG-CWI-DQPC_HE_15_0_164_0126.ply,165,165,165,165,0,0
TicTacToe,0127,/gpfs/work3/0/prjs0839/data/UVG_CWI_DQPC/UVG-CWI-DQPC/TicTacToe/cg/15fps/TicTacToe_UVG-CWI-DQPC_CG_15_0_164_0127.ply,/gpfs/work3/0/prjs0839/data/UVG_CWI_DQPC/UVG-CWI-DQPC/TicTacToe/he/15fps/TicTacToe_UVG-CWI-DQPC_HE_15_0_164_0127.ply,165,165,165,165,0,0
TicTacToe,0128,/gpfs/work3/0/prjs0839/data/UVG_CWI_DQPC/UVG-CWI-DQPC/TicTacToe/cg/15fps/TicTacToe_UVG-CWI-DQPC_CG_15_0_164_0128.ply,/gpfs/work3/0/prjs0839/data/UVG_CWI_DQPC/UVG-CWI-DQPC/TicTacToe/he/15fps/TicTacToe_UVG-CWI-DQPC_HE_15_0_164_0128.ply,165,165,165,165,0,0
TicTacToe,0129,/gpfs/work3/0/prjs0839/data/UVG_CWI_DQPC/UVG-CWI-DQPC/TicTacToe/cg/15fps/TicTacToe_UVG-CWI-DQPC_CG_15_0_164_0129.ply,/gpfs/work3/0/prjs0839/data/UVG_CWI_DQPC/UVG-CWI-DQPC/TicTacToe/he/15fps/TicTacToe_UVG-CWI-DQPC_HE_15_0_164_0129.ply,165,165,165,165,0,0
TicTacToe,0130,/gpfs/work3/0/prjs0839/data/UVG_CWI_DQPC/UVG-CWI-DQPC/TicTacToe/cg/15fps/TicTacToe_UVG-CWI-DQPC_CG_15_0_164_0130.ply,/gpfs/work3/0/prjs0839/data/UVG_CWI_DQPC/UVG-CWI-DQPC/TicTacToe/he/15fps/TicTacToe_UVG-CWI-DQPC_HE_15_0_164_0130.ply,165,165,165,165,0,0
TicTacToe,0131,/gpfs/work3/0/prjs0839/data/UVG_CWI_DQPC/UVG-CWI-DQPC/TicTacToe/cg/15fps/TicTacToe_UVG-CWI-DQPC_CG_15_0_164_0131.ply,/gpfs/work3/0/prjs0839/data/UVG_CWI_DQPC/UVG-CWI-DQPC/TicTacToe/he/15fps/TicTacToe_UVG-CWI-DQPC_HE_15_0_164_0131.ply,165,165,165,165,0,0
TicTacToe,0132,/gpfs/work3/0/prjs0839/data/UVG_CWI_DQPC/UVG-CWI-DQPC/TicTacToe/cg/15fps/TicTacToe_UVG-CWI-DQPC_CG_15_0_164_0132.ply,/gpfs/work3/0/prjs0839/data/UVG_CWI_DQPC/UVG-CWI-DQPC/TicTacToe/he/15fps/TicTacToe_UVG-CWI-DQPC_HE_15_0_164_0132.ply,165,165,165,165,0,0
TicTacToe,0133,/gpfs/work3/0/prjs0839/data/UVG_CWI_DQPC/UVG-CWI-DQPC/TicTacToe/cg/15fps/TicTacToe_UVG-CWI-DQPC_CG_15_0_164_0133.ply,/gpfs/work3/0/prjs0839/data/UVG_CWI_DQPC/UVG-CWI-DQPC/TicTacToe/he/15fps/TicTacToe_UVG-CWI-DQPC_HE_15_0_164_0133.ply,165,165,165,165,0,0
TicTacToe,0134,/gpfs/work3/0/prjs0839/data/UVG_CWI_DQPC/UVG-CWI-DQPC/TicTacToe/cg/15fps/TicTacToe_UVG-CWI-DQPC_CG_15_0_164_0134.ply,/gpfs/work3/0/prjs0839/data/UVG_CWI_DQPC/UVG-CWI-DQPC/TicTacToe/he/15fps/TicTacToe_UVG-CWI-DQPC_HE_15_0_164_0134.ply,165,165,165,165,0,0
TicTacToe,0135,/gpfs/work3/0/prjs0839/data/UVG_CWI_DQPC/UVG-CWI-DQPC/TicTacToe/cg/15fps/TicTacToe_UVG-CWI-DQPC_CG_15_0_164_0135.ply,/gpfs/work3/0/prjs0839/data/UVG_CWI_DQPC/UVG-CWI-DQPC/TicTacToe/he/15fps/TicTacToe_UVG-CWI-DQPC_HE_15_0_164_0135.ply,165,165,165,165,0,0
TicTacToe,0136,/gpfs/work3/0/prjs0839/data/UVG_CWI_DQPC/UVG-CWI-DQPC/TicTacToe/cg/15fps/TicTacToe_UVG-CWI-DQPC_CG_15_0_164_0136.ply,/gpfs/work3/0/prjs0839/data/UVG_CWI_DQPC/UVG-CWI-DQPC/TicTacToe/he/15fps/TicTacToe_UVG-CWI-DQPC_HE_15_0_164_0136.ply,165,165,165,165,0,0
TicTacToe,0137,/gpfs/work3/0/prjs0839/data/UVG_CWI_DQPC/UVG-CWI-DQPC/TicTacToe/cg/15fps/TicTacToe_UVG-CWI-DQPC_CG_15_0_164_0137.ply,/gpfs/work3/0/prjs0839/data/UVG_CWI_DQPC/UVG-CWI-DQPC/TicTacToe/he/15fps/TicTacToe_UVG-CWI-DQPC_HE_15_0_164_0137.ply,165,165,165,165,0,0
TicTacToe,0138,/gpfs/work3/0/prjs0839/data/UVG_CWI_DQPC/UVG-CWI-DQPC/TicTacToe/cg/15fps/TicTacToe_UVG-CWI-DQPC_CG_15_0_164_0138.ply,/gpfs/work3/0/prjs0839/data/UVG_CWI_DQPC/UVG-CWI-DQPC/TicTacToe/he/15fps/TicTacToe_UVG-CWI-DQPC_HE_15_0_164_0138.ply,165,165,165,165,0,0
TicTacToe,0139,/gpfs/work3/0/prjs0839/data/UVG_CWI_DQPC/UVG-CWI-DQPC/TicTacToe/cg/15fps/TicTacToe_UVG-CWI-DQPC_CG_15_0_164_0139.ply,/gpfs/work3/0/prjs0839/data/UVG_CWI_DQPC/UVG-CWI-DQPC/TicTacToe/he/15fps/TicTacToe_UVG-CWI-DQPC_HE_15_0_164_0139.ply,165,165,165,165,0,0
TicTacToe,0140,/gpfs/work3/0/prjs0839/data/UVG_CWI_DQPC/UVG-CWI-DQPC/TicTacToe/cg/15fps/TicTacToe_UVG-CWI-DQPC_CG_15_0_164_0140.ply,/gpfs/work3/0/prjs0839/data/UVG_CWI_DQPC/UVG-CWI-DQPC/TicTacToe/he/15fps/TicTacToe_UVG-CWI-DQPC_HE_15_0_164_0140.ply,165,165,165,165,0,0
TicTacToe,0141,/gpfs/work3/0/prjs0839/data/UVG_CWI_DQPC/UVG-CWI-DQPC/TicTacToe/cg/15fps/TicTacToe_UVG-CWI-DQPC_CG_15_0_164_0141.ply,/gpfs/work3/0/prjs0839/data/UVG_CWI_DQPC/UVG-CWI-DQPC/TicTacToe/he/15fps/TicTacToe_UVG-CWI-DQPC_HE_15_0_164_0141.ply,165,165,165,165,0,0
TicTacToe,0142,/gpfs/work3/0/prjs0839/data/UVG_CWI_DQPC/UVG-CWI-DQPC/TicTacToe/cg/15fps/TicTacToe_UVG-CWI-DQPC_CG_15_0_164_0142.ply,/gpfs/work3/0/prjs0839/data/UVG_CWI_DQPC/UVG-CWI-DQPC/TicTacToe/he/15fps/TicTacToe_UVG-CWI-DQPC_HE_15_0_164_0142.ply,165,165,165,165,0,0
TicTacToe,0143,/gpfs/work3/0/prjs0839/data/UVG_CWI_DQPC/UVG-CWI-DQPC/TicTacToe/cg/15fps/TicTacToe_UVG-CWI-DQPC_CG_15_0_164_0143.ply,/gpfs/work3/0/prjs0839/data/UVG_CWI_DQPC/UVG-CWI-DQPC/TicTacToe/he/15fps/TicTacToe_UVG-CWI-DQPC_HE_15_0_164_0143.ply,165,165,165,165,0,0
TicTacToe,0144,/gpfs/work3/0/prjs0839/data/UVG_CWI_DQPC/UVG-CWI-DQPC/TicTacToe/cg/15fps/TicTacToe_UVG-CWI-DQPC_CG_15_0_164_0144.ply,/gpfs/work3/0/prjs0839/data/UVG_CWI_DQPC/UVG-CWI-DQPC/TicTacToe/he/15fps/TicTacToe_UVG-CWI-DQPC_HE_15_0_164_0144.ply,165,165,165,165,0,0
TicTacToe,0145,/gpfs/work3/0/prjs0839/data/UVG_CWI_DQPC/UVG-CWI-DQPC/TicTacToe/cg/15fps/TicTacToe_UVG-CWI-DQPC_CG_15_0_164_0145.ply,/gpfs/work3/0/prjs0839/data/UVG_CWI_DQPC/UVG-CWI-DQPC/TicTacToe/he/15fps/TicTacToe_UVG-CWI-DQPC_HE_15_0_164_0145.ply,165,165,165,165,0,0
TicTacToe,0146,/gpfs/work3/0/prjs0839/data/UVG_CWI_DQPC/UVG-CWI-DQPC/TicTacToe/cg/15fps/TicTacToe_UVG-CWI-DQPC_CG_15_0_164_0146.ply,/gpfs/work3/0/prjs0839/data/UVG_CWI_DQPC/UVG-CWI-DQPC/TicTacToe/he/15fps/TicTacToe_UVG-CWI-DQPC_HE_15_0_164_0146.ply,165,165,165,165,0,0
TicTacToe,0147,/gpfs/work3/0/prjs0839/data/UVG_CWI_DQPC/UVG-CWI-DQPC/TicTacToe/cg/15fps/TicTacToe_UVG-CWI-DQPC_CG_15_0_164_0147.ply,/gpfs/work3/0/prjs0839/data/UVG_CWI_DQPC/UVG-CWI-DQPC/TicTacToe/he/15fps/TicTacToe_UVG-CWI-DQPC_HE_15_0_164_0147.ply,165,165,165,165,0,0
TicTacToe,0148,/gpfs/work3/0/prjs0839/data/UVG_CWI_DQPC/UVG-CWI-DQPC/TicTacToe/cg/15fps/TicTacToe_UVG-CWI-DQPC_CG_15_0_164_0148.ply,/gpfs/work3/0/prjs0839/data/UVG_CWI_DQPC/UVG-CWI-DQPC/TicTacToe/he/15fps/TicTacToe_UVG-CWI-DQPC_HE_15_0_164_0148.ply,165,165,165,165,0,0
TicTacToe,0149,/gpfs/work3/0/prjs0839/data/UVG_CWI_DQPC/UVG-CWI-DQPC/TicTacToe/cg/15fps/TicTacToe_UVG-CWI-DQPC_CG_15_0_164_0149.ply,/gpfs/work3/0/prjs0839/data/UVG_CWI_DQPC/UVG-CWI-DQPC/TicTacToe/he/15fps/TicTacToe_UVG-CWI-DQPC_HE_15_0_164_0149.ply,165,165,165,165,0,0
TicTacToe,0150,/gpfs/work3/0/prjs0839/data/UVG_CWI_DQPC/UVG-CWI-DQPC/TicTacToe/cg/15fps/TicTacToe_UVG-CWI-DQPC_CG_15_0_164_0150.ply,/gpfs/work3/0/prjs0839/data/UVG_CWI_DQPC/UVG-CWI-DQPC/TicTacToe/he/15fps/TicTacToe_UVG-CWI-DQPC_HE_15_0_164_0150.ply,165,165,165,165,0,0
TicTacToe,0151,/gpfs/work3/0/prjs0839/data/UVG_CWI_DQPC/UVG-CWI-DQPC/TicTacToe/cg/15fps/TicTacToe_UVG-CWI-DQPC_CG_15_0_164_0151.ply,/gpfs/work3/0/prjs0839/data/UVG_CWI_DQPC/UVG-CWI-DQPC/TicTacToe/he/15fps/TicTacToe_UVG-CWI-DQPC_HE_15_0_164_0151.ply,165,165,165,165,0,0
TicTacToe,0152,/gpfs/work3/0/prjs0839/data/UVG_CWI_DQPC/UVG-CWI-DQPC/TicTacToe/cg/15fps/TicTacToe_UVG-CWI-DQPC_CG_15_0_164_0152.ply,/gpfs/work3/0/prjs0839/data/UVG_CWI_DQPC/UVG-CWI-DQPC/TicTacToe/he/15fps/TicTacToe_UVG-CWI-DQPC_HE_15_0_164_0152.ply,165,165,165,165,0,0
TicTacToe,0153,/gpfs/work3/0/prjs0839/data/UVG_CWI_DQPC/UVG-CWI-DQPC/TicTacToe/cg/15fps/TicTacToe_UVG-CWI-DQPC_CG_15_0_164_0153.ply,/gpfs/work3/0/prjs0839/data/UVG_CWI_DQPC/UVG-CWI-DQPC/TicTacToe/he/15fps/TicTacToe_UVG-CWI-DQPC_HE_15_0_164_0153.ply,165,165,165,165,0,0
TicTacToe,0154,/gpfs/work3/0/prjs0839/data/UVG_CWI_DQPC/UVG-CWI-DQPC/TicTacToe/cg/15fps/TicTacToe_UVG-CWI-DQPC_CG_15_0_164_0154.ply,/gpfs/work3/0/prjs0839/data/UVG_CWI_DQPC/UVG-CWI-DQPC/TicTacToe/he/15fps/TicTacToe_UVG-CWI-DQPC_HE_15_0_164_0154.ply,165,165,165,165,0,0
TicTacToe,0155,/gpfs/work3/0/prjs0839/data/UVG_CWI_DQPC/UVG-CWI-DQPC/TicTacToe/cg/15fps/TicTacToe_UVG-CWI-DQPC_CG_15_0_164_0155.ply,/gpfs/work3/0/prjs0839/data/UVG_CWI_DQPC/UVG-CWI-DQPC/TicTacToe/he/15fps/TicTacToe_UVG-CWI-DQPC_HE_15_0_164_0155.ply,165,165,165,165,0,0
TicTacToe,0156,/gpfs/work3/0/prjs0839/data/UVG_CWI_DQPC/UVG-CWI-DQPC/TicTacToe/cg/15fps/TicTacToe_UVG-CWI-DQPC_CG_15_0_164_0156.ply,/gpfs/work3/0/prjs0839/data/UVG_CWI_DQPC/UVG-CWI-DQPC/TicTacToe/he/15fps/TicTacToe_UVG-CWI-DQPC_HE_15_0_164_0156.ply,165,165,165,165,0,0
TicTacToe,0157,/gpfs/work3/0/prjs0839/data/UVG_CWI_DQPC/UVG-CWI-DQPC/TicTacToe/cg/15fps/TicTacToe_UVG-CWI-DQPC_CG_15_0_164_0157.ply,/gpfs/work3/0/prjs0839/data/UVG_CWI_DQPC/UVG-CWI-DQPC/TicTacToe/he/15fps/TicTacToe_UVG-CWI-DQPC_HE_15_0_164_0157.ply,165,165,165,165,0,0
TicTacToe,0158,/gpfs/work3/0/prjs0839/data/UVG_CWI_DQPC/UVG-CWI-DQPC/TicTacToe/cg/15fps/TicTacToe_UVG-CWI-DQPC_CG_15_0_164_0158.ply,/gpfs/work3/0/prjs0839/data/UVG_CWI_DQPC/UVG-CWI-DQPC/TicTacToe/he/15fps/TicTacToe_UVG-CWI-DQPC_HE_15_0_164_0158.ply,165,165,165,165,0,0
TicTacToe,0159,/gpfs/work3/0/prjs0839/data/UVG_CWI_DQPC/UVG-CWI-DQPC/TicTacToe/cg/15fps/TicTacToe_UVG-CWI-DQPC_CG_15_0_164_0159.ply,/gpfs/work3/0/prjs0839/data/UVG_CWI_DQPC/UVG-CWI-DQPC/TicTacToe/he/15fps/TicTacToe_UVG-CWI-DQPC_HE_15_0_164_0159.ply,165,165,165,165,0,0
TicTacToe,0160,/gpfs/work3/0/prjs0839/data/UVG_CWI_DQPC/UVG-CWI-DQPC/TicTacToe/cg/15fps/TicTacToe_UVG-CWI-DQPC_CG_15_0_164_0160.ply,/gpfs/work3/0/prjs0839/data/UVG_CWI_DQPC/UVG-CWI-DQPC/TicTacToe/he/15fps/TicTacToe_UVG-CWI-DQPC_HE_15_0_164_0160.ply,165,165,165,165,0,0
TicTacToe,0161,/gpfs/work3/0/prjs0839/data/UVG_CWI_DQPC/UVG-CWI-DQPC/TicTacToe/cg/15fps/TicTacToe_UVG-CWI-DQPC_CG_15_0_164_0161.ply,/gpfs/work3/0/prjs0839/data/UVG_CWI_DQPC/UVG-CWI-DQPC/TicTacToe/he/15fps/TicTacToe_UVG-CWI-DQPC_HE_15_0_164_0161.ply,165,165,165,165,0,0
TicTacToe,0162,/gpfs/work3/0/prjs0839/data/UVG_CWI_DQPC/UVG-CWI-DQPC/TicTacToe/cg/15fps/TicTacToe_UVG-CWI-DQPC_CG_15_0_164_0162.ply,/gpfs/work3/0/prjs0839/data/UVG_CWI_DQPC/UVG-CWI-DQPC/TicTacToe/he/15fps/TicTacToe_UVG-CWI-DQPC_HE_15_0_164_0162.ply,165,165,165,165,0,0
TicTacToe,0163,/gpfs/work3/0/prjs0839/data/UVG_CWI_DQPC/UVG-CWI-DQPC/TicTacToe/cg/15fps/TicTacToe_UVG-CWI-DQPC_CG_15_0_164_0163.ply,/gpfs/work3/0/prjs0839/data/UVG_CWI_DQPC/UVG-CWI-DQPC/TicTacToe/he/15fps/TicTacToe_UVG-CWI-DQPC_HE_15_0_164_0163.ply,165,165,165,165,0,0
TicTacToe,0164,/gpfs/work3/0/prjs0839/data/UVG_CWI_DQPC/UVG-CWI-DQPC/TicTacToe/cg/15fps/TicTacToe_UVG-CWI-DQPC_CG_15_0_164_0164.ply,/gpfs/work3/0/prjs0839/data/UVG_CWI_DQPC/UVG-CWI-DQPC/TicTacToe/he/15fps/TicTacToe_UVG-CWI-DQPC_HE_15_0_164_0164.ply,165,165,165,165,0,0
TrumanShow,0000,/gpfs/work3/0/prjs0839/data/UVG_CWI_DQPC/UVG-CWI-DQPC/TrumanShow/cg/15fps/TrumanShow_UVG-CWI-DQPC_CG_15_0_170_0000.ply,/gpfs/work3/0/prjs0839/data/UVG_CWI_DQPC/UVG-CWI-DQPC/TrumanShow/he/15fps/TrumanShow_UVG-CWI-DQPC_HE_15_0_170_0000.ply,171,171,172,171,0,1
TrumanShow,0001,/gpfs/work3/0/prjs0839/data/UVG_CWI_DQPC/UVG-CWI-DQPC/TrumanShow/cg/15fps/TrumanShow_UVG-CWI-DQPC_CG_15_0_170_0001.ply,/gpfs/work3/0/prjs0839/data/UVG_CWI_DQPC/UVG-CWI-DQPC/TrumanShow/he/15fps/TrumanShow_UVG-CWI-DQPC_HE_15_0_170_0001.ply,171,171,172,171,0,1
TrumanShow,0002,/gpfs/work3/0/prjs0839/data/UVG_CWI_DQPC/UVG-CWI-DQPC/TrumanShow/cg/15fps/TrumanShow_UVG-CWI-DQPC_CG_15_0_170_0002.ply,/gpfs/work3/0/prjs0839/data/UVG_CWI_DQPC/UVG-CWI-DQPC/TrumanShow/he/15fps/TrumanShow_UVG-CWI-DQPC_HE_15_0_170_0002.ply,171,171,172,171,0,1
TrumanShow,0003,/gpfs/work3/0/prjs0839/data/UVG_CWI_DQPC/UVG-CWI-DQPC/TrumanShow/cg/15fps/TrumanShow_UVG-CWI-DQPC_CG_15_0_170_0003.ply,/gpfs/work3/0/prjs0839/data/UVG_CWI_DQPC/UVG-CWI-DQPC/TrumanShow/he/15fps/TrumanShow_UVG-CWI-DQPC_HE_15_0_170_0003.ply,171,171,172,171,0,1
TrumanShow,0004,/gpfs/work3/0/prjs0839/data/UVG_CWI_DQPC/UVG-CWI-DQPC/TrumanShow/cg/15fps/TrumanShow_UVG-CWI-DQPC_CG_15_0_170_0004.ply,/gpfs/work3/0/prjs0839/data/UVG_CWI_DQPC/UVG-CWI-DQPC/TrumanShow/he/15fps/TrumanShow_UVG-CWI-DQPC_HE_15_0_170_0004.ply,171,171,172,171,0,1
TrumanShow,0005,/gpfs/work3/0/prjs0839/data/UVG_CWI_DQPC/UVG-CWI-DQPC/TrumanShow/cg/15fps/TrumanShow_UVG-CWI-DQPC_CG_15_0_170_0005.ply,/gpfs/work3/0/prjs0839/data/UVG_CWI_DQPC/UVG-CWI-DQPC/TrumanShow/he/15fps/TrumanShow_UVG-CWI-DQPC_HE_15_0_170_0005.ply,171,171,172,171,0,1
TrumanShow,0006,/gpfs/work3/0/prjs0839/data/UVG_CWI_DQPC/UVG-CWI-DQPC/TrumanShow/cg/15fps/TrumanShow_UVG-CWI-DQPC_CG_15_0_170_0006.ply,/gpfs/work3/0/prjs0839/data/UVG_CWI_DQPC/UVG-CWI-DQPC/TrumanShow/he/15fps/TrumanShow_UVG-CWI-DQPC_HE_15_0_170_0006.ply,171,171,172,171,0,1
TrumanShow,0007,/gpfs/work3/0/prjs0839/data/UVG_CWI_DQPC/UVG-CWI-DQPC/TrumanShow/cg/15fps/TrumanShow_UVG-CWI-DQPC_CG_15_0_170_0007.ply,/gpfs/work3/0/prjs0839/data/UVG_CWI_DQPC/UVG-CWI-DQPC/TrumanShow/he/15fps/TrumanShow_UVG-CWI-DQPC_HE_15_0_170_0007.ply,171,171,172,171,0,1
TrumanShow,0008,/gpfs/work3/0/prjs0839/data/UVG_CWI_DQPC/UVG-CWI-DQPC/TrumanShow/cg/15fps/TrumanShow_UVG-CWI-DQPC_CG_15_0_170_0008.ply,/gpfs/work3/0/prjs0839/data/UVG_CWI_DQPC/UVG-CWI-DQPC/TrumanShow/he/15fps/TrumanShow_UVG-CWI-DQPC_HE_15_0_170_0008.ply,171,171,172,171,0,1
TrumanShow,0009,/gpfs/work3/0/prjs0839/data/UVG_CWI_DQPC/UVG-CWI-DQPC/TrumanShow/cg/15fps/TrumanShow_UVG-CWI-DQPC_CG_15_0_170_0009.ply,/gpfs/work3/0/prjs0839/data/UVG_CWI_DQPC/UVG-CWI-DQPC/TrumanShow/he/15fps/TrumanShow_UVG-CWI-DQPC_HE_15_0_170_0009.ply,171,171,172,171,0,1
TrumanShow,0010,/gpfs/work3/0/prjs0839/data/UVG_CWI_DQPC/UVG-CWI-DQPC/TrumanShow/cg/15fps/TrumanShow_UVG-CWI-DQPC_CG_15_0_170_0010.ply,/gpfs/work3/0/prjs0839/data/UVG_CWI_DQPC/UVG-CWI-DQPC/TrumanShow/he/15fps/TrumanShow_UVG-CWI-DQPC_HE_15_0_170_0010.ply,171,171,172,171,0,1
TrumanShow,0011,/gpfs/work3/0/prjs0839/data/UVG_CWI_DQPC/UVG-CWI-DQPC/TrumanShow/cg/15fps/TrumanShow_UVG-CWI-DQPC_CG_15_0_170_0011.ply,/gpfs/work3/0/prjs0839/data/UVG_CWI_DQPC/UVG-CWI-DQPC/TrumanShow/he/15fps/TrumanShow_UVG-CWI-DQPC_HE_15_0_170_0011.ply,171,171,172,171,0,1
TrumanShow,0012,/gpfs/work3/0/prjs0839/data/UVG_CWI_DQPC/UVG-CWI-DQPC/TrumanShow/cg/15fps/TrumanShow_UVG-CWI-DQPC_CG_15_0_170_0012.ply,/gpfs/work3/0/prjs0839/data/UVG_CWI_DQPC/UVG-CWI-DQPC/TrumanShow/he/15fps/TrumanShow_UVG-CWI-DQPC_HE_15_0_170_0012.ply,171,171,172,171,0,1
TrumanShow,0013,/gpfs/work3/0/prjs0839/data/UVG_CWI_DQPC/UVG-CWI-DQPC/TrumanShow/cg/15fps/TrumanShow_UVG-CWI-DQPC_CG_15_0_170_0013.ply,/gpfs/work3/0/prjs0839/data/UVG_CWI_DQPC/UVG-CWI-DQPC/TrumanShow/he/15fps/TrumanShow_UVG-CWI-DQPC_HE_15_0_170_0013.ply,171,171,172,171,0,1
TrumanShow,0014,/gpfs/work3/0/prjs0839/data/UVG_CWI_DQPC/UVG-CWI-DQPC/TrumanShow/cg/15fps/TrumanShow_UVG-CWI-DQPC_CG_15_0_170_0014.ply,/gpfs/work3/0/prjs0839/data/UVG_CWI_DQPC/UVG-CWI-DQPC/TrumanShow/he/15fps/TrumanShow_UVG-CWI-DQPC_HE_15_0_170_0014.ply,171,171,172,171,0,1
TrumanShow,0015,/gpfs/work3/0/prjs0839/data/UVG_CWI_DQPC/UVG-CWI-DQPC/TrumanShow/cg/15fps/TrumanShow_UVG-CWI-DQPC_CG_15_0_170_0015.ply,/gpfs/work3/0/prjs0839/data/UVG_CWI_DQPC/UVG-CWI-DQPC/TrumanShow/he/15fps/TrumanShow_UVG-CWI-DQPC_HE_15_0_170_0015.ply,171,171,172,171,0,1
TrumanShow,0016,/gpfs/work3/0/prjs0839/data/UVG_CWI_DQPC/UVG-CWI-DQPC/TrumanShow/cg/15fps/TrumanShow_UVG-CWI-DQPC_CG_15_0_170_0016.ply,/gpfs/work3/0/prjs0839/data/UVG_CWI_DQPC/UVG-CWI-DQPC/TrumanShow/he/15fps/TrumanShow_UVG-CWI-DQPC_HE_15_0_170_0016.ply,171,171,172,171,0,1
TrumanShow,0017,/gpfs/work3/0/prjs0839/data/UVG_CWI_DQPC/UVG-CWI-DQPC/TrumanShow/cg/15fps/TrumanShow_UVG-CWI-DQPC_CG_15_0_170_0017.ply,/gpfs/work3/0/prjs0839/data/UVG_CWI_DQPC/UVG-CWI-DQPC/TrumanShow/he/15fps/TrumanShow_UVG-CWI-DQPC_HE_15_0_170_0017.ply,171,171,172,171,0,1
TrumanShow,0018,/gpfs/work3/0/prjs0839/data/UVG_CWI_DQPC/UVG-CWI-DQPC/TrumanShow/cg/15fps/TrumanShow_UVG-CWI-DQPC_CG_15_0_170_0018.ply,/gpfs/work3/0/prjs0839/data/UVG_CWI_DQPC/UVG-CWI-DQPC/TrumanShow/he/15fps/TrumanShow_UVG-CWI-DQPC_HE_15_0_170_0018.ply,171,171,172,171,0,1
TrumanShow,0019,/gpfs/work3/0/prjs0839/data/UVG_CWI_DQPC/UVG-CWI-DQPC/TrumanShow/cg/15fps/TrumanShow_UVG-CWI-DQPC_CG_15_0_170_0019.ply,/gpfs/work3/0/prjs0839/data/UVG_CWI_DQPC/UVG-CWI-DQPC/TrumanShow/he/15fps/TrumanShow_UVG-CWI-DQPC_HE_15_0_170_0019.ply,171,171,172,171,0,1
TrumanShow,0020,/gpfs/work3/0/prjs0839/data/UVG_CWI_DQPC/UVG-CWI-DQPC/TrumanShow/cg/15fps/TrumanShow_UVG-CWI-DQPC_CG_15_0_170_0020.ply,/gpfs/work3/0/prjs0839/data/UVG_CWI_DQPC/UVG-CWI-DQPC/TrumanShow/he/15fps/TrumanShow_UVG-CWI-DQPC_HE_15_0_170_0020.ply,171,171,172,171,0,1
TrumanShow,0021,/gpfs/work3/0/prjs0839/data/UVG_CWI_DQPC/UVG-CWI-DQPC/TrumanShow/cg/15fps/TrumanShow_UVG-CWI-DQPC_CG_15_0_170_0021.ply,/gpfs/work3/0/prjs0839/data/UVG_CWI_DQPC/UVG-CWI-DQPC/TrumanShow/he/15fps/TrumanShow_UVG-CWI-DQPC_HE_15_0_170_0021.ply,171,171,172,171,0,1
TrumanShow,0022,/gpfs/work3/0/prjs0839/data/UVG_CWI_DQPC/UVG-CWI-DQPC/TrumanShow/cg/15fps/TrumanShow_UVG-CWI-DQPC_CG_15_0_170_0022.ply,/gpfs/work3/0/prjs0839/data/UVG_CWI_DQPC/UVG-CWI-DQPC/TrumanShow/he/15fps/TrumanShow_UVG-CWI-DQPC_HE_15_0_170_0022.ply,171,171,172,171,0,1
TrumanShow,0023,/gpfs/work3/0/prjs0839/data/UVG_CWI_DQPC/UVG-CWI-DQPC/TrumanShow/cg/15fps/TrumanShow_UVG-CWI-DQPC_CG_15_0_170_0023.ply,/gpfs/work3/0/prjs0839/data/UVG_CWI_DQPC/UVG-CWI-DQPC/TrumanShow/he/15fps/TrumanShow_UVG-CWI-DQPC_HE_15_0_170_0023.ply,171,171,172,171,0,1
TrumanShow,0024,/gpfs/work3/0/prjs0839/data/UVG_CWI_DQPC/UVG-CWI-DQPC/TrumanShow/cg/15fps/TrumanShow_UVG-CWI-DQPC_CG_15_0_170_0024.ply,/gpfs/work3/0/prjs0839/data/UVG_CWI_DQPC/UVG-CWI-DQPC/TrumanShow/he/15fps/TrumanShow_UVG-CWI-DQPC_HE_15_0_170_0024.ply,171,171,172,171,0,1
TrumanShow,0025,/gpfs/work3/0/prjs0839/data/UVG_CWI_DQPC/UVG-CWI-DQPC/TrumanShow/cg/15fps/TrumanShow_UVG-CWI-DQPC_CG_15_0_170_0025.ply,/gpfs/work3/0/prjs0839/data/UVG_CWI_DQPC/UVG-CWI-DQPC/TrumanShow/he/15fps/TrumanShow_UVG-CWI-DQPC_HE_15_0_170_0025.ply,171,171,172,171,0,1
TrumanShow,0026,/gpfs/work3/0/prjs0839/data/UVG_CWI_DQPC/UVG-CWI-DQPC/TrumanShow/cg/15fps/TrumanShow_UVG-CWI-DQPC_CG_15_0_170_0026.ply,/gpfs/work3/0/prjs0839/data/UVG_CWI_DQPC/UVG-CWI-DQPC/TrumanShow/he/15fps/TrumanShow_UVG-CWI-DQPC_HE_15_0_170_0026.ply,171,171,172,171,0,1
TrumanShow,0027,/gpfs/work3/0/prjs0839/data/UVG_CWI_DQPC/UVG-CWI-DQPC/TrumanShow/cg/15fps/TrumanShow_UVG-CWI-DQPC_CG_15_0_170_0027.ply,/gpfs/work3/0/prjs0839/data/UVG_CWI_DQPC/UVG-CWI-DQPC/TrumanShow/he/15fps/TrumanShow_UVG-CWI-DQPC_HE_15_0_170_0027.ply,171,171,172,171,0,1
TrumanShow,0028,/gpfs/work3/0/prjs0839/data/UVG_CWI_DQPC/UVG-CWI-DQPC/TrumanShow/cg/15fps/TrumanShow_UVG-CWI-DQPC_CG_15_0_170_0028.ply,/gpfs/work3/0/prjs0839/data/UVG_CWI_DQPC/UVG-CWI-DQPC/TrumanShow/he/15fps/TrumanShow_UVG-CWI-DQPC_HE_15_0_170_0028.ply,171,171,172,171,0,1
TrumanShow,0029,/gpfs/work3/0/prjs0839/data/UVG_CWI_DQPC/UVG-CWI-DQPC/TrumanShow/cg/15fps/TrumanShow_UVG-CWI-DQPC_CG_15_0_170_0029.ply,/gpfs/work3/0/prjs0839/data/UVG_CWI_DQPC/UVG-CWI-DQPC/TrumanShow/he/15fps/TrumanShow_UVG-CWI-DQPC_HE_15_0_170_0029.ply,171,171,172,171,0,1
TrumanShow,0030,/gpfs/work3/0/prjs0839/data/UVG_CWI_DQPC/UVG-CWI-DQPC/TrumanShow/cg/15fps/TrumanShow_UVG-CWI-DQPC_CG_15_0_170_0030.ply,/gpfs/work3/0/prjs0839/data/UVG_CWI_DQPC/UVG-CWI-DQPC/TrumanShow/he/15fps/TrumanShow_UVG-CWI-DQPC_HE_15_0_170_0030.ply,171,171,172,171,0,1
TrumanShow,0031,/gpfs/work3/0/prjs0839/data/UVG_CWI_DQPC/UVG-CWI-DQPC/TrumanShow/cg/15fps/TrumanShow_UVG-CWI-DQPC_CG_15_0_170_0031.ply,/gpfs/work3/0/prjs0839/data/UVG_CWI_DQPC/UVG-CWI-DQPC/TrumanShow/he/15fps/TrumanShow_UVG-CWI-DQPC_HE_15_0_170_0031.ply,171,171,172,171,0,1
TrumanShow,0032,/gpfs/work3/0/prjs0839/data/UVG_CWI_DQPC/UVG-CWI-DQPC/TrumanShow/cg/15fps/TrumanShow_UVG-CWI-DQPC_CG_15_0_170_0032.ply,/gpfs/work3/0/prjs0839/data/UVG_CWI_DQPC/UVG-CWI-DQPC/TrumanShow/he/15fps/TrumanShow_UVG-CWI-DQPC_HE_15_0_170_0032.ply,171,171,172,171,0,1
TrumanShow,0033,/gpfs/work3/0/prjs0839/data/UVG_CWI_DQPC/UVG-CWI-DQPC/TrumanShow/cg/15fps/TrumanShow_UVG-CWI-DQPC_CG_15_0_170_0033.ply,/gpfs/work3/0/prjs0839/data/UVG_CWI_DQPC/UVG-CWI-DQPC/TrumanShow/he/15fps/TrumanShow_UVG-CWI-DQPC_HE_15_0_170_0033.ply,171,171,172,171,0,1
TrumanShow,0034,/gpfs/work3/0/prjs0839/data/UVG_CWI_DQPC/UVG-CWI-DQPC/TrumanShow/cg/15fps/TrumanShow_UVG-CWI-DQPC_CG_15_0_170_0034.ply,/gpfs/work3/0/prjs0839/data/UVG_CWI_DQPC/UVG-CWI-DQPC/TrumanShow/he/15fps/TrumanShow_UVG-CWI-DQPC_HE_15_0_170_0034.ply,171,171,172,171,0,1
TrumanShow,0035,/gpfs/work3/0/prjs0839/data/UVG_CWI_DQPC/UVG-CWI-DQPC/TrumanShow/cg/15fps/TrumanShow_UVG-CWI-DQPC_CG_15_0_170_0035.ply,/gpfs/work3/0/prjs0839/data/UVG_CWI_DQPC/UVG-CWI-DQPC/TrumanShow/he/15fps/TrumanShow_UVG-CWI-DQPC_HE_15_0_170_0035.ply,171,171,172,171,0,1
TrumanShow,0036,/gpfs/work3/0/prjs0839/data/UVG_CWI_DQPC/UVG-CWI-DQPC/TrumanShow/cg/15fps/TrumanShow_UVG-CWI-DQPC_CG_15_0_170_0036.ply,/gpfs/work3/0/prjs0839/data/UVG_CWI_DQPC/UVG-CWI-DQPC/TrumanShow/he/15fps/TrumanShow_UVG-CWI-DQPC_HE_15_0_170_0036.ply,171,171,172,171,0,1
TrumanShow,0037,/gpfs/work3/0/prjs0839/data/UVG_CWI_DQPC/UVG-CWI-DQPC/TrumanShow/cg/15fps/TrumanShow_UVG-CWI-DQPC_CG_15_0_170_0037.ply,/gpfs/work3/0/prjs0839/data/UVG_CWI_DQPC/UVG-CWI-DQPC/TrumanShow/he/15fps/TrumanShow_UVG-CWI-DQPC_HE_15_0_170_0037.ply,171,171,172,171,0,1
TrumanShow,0038,/gpfs/work3/0/prjs0839/data/UVG_CWI_DQPC/UVG-CWI-DQPC/TrumanShow/cg/15fps/TrumanShow_UVG-CWI-DQPC_CG_15_0_170_0038.ply,/gpfs/work3/0/prjs0839/data/UVG_CWI_DQPC/UVG-CWI-DQPC/TrumanShow/he/15fps/TrumanShow_UVG-CWI-DQPC_HE_15_0_170_0038.ply,171,171,172,171,0,1
TrumanShow,0039,/gpfs/work3/0/prjs0839/data/UVG_CWI_DQPC/UVG-CWI-DQPC/TrumanShow/cg/15fps/TrumanShow_UVG-CWI-DQPC_CG_15_0_170_0039.ply,/gpfs/work3/0/prjs0839/data/UVG_CWI_DQPC/UVG-CWI-DQPC/TrumanShow/he/15fps/TrumanShow_UVG-CWI-DQPC_HE_15_0_170_0039.ply,171,171,172,171,0,1
TrumanShow,0040,/gpfs/work3/0/prjs0839/data/UVG_CWI_DQPC/UVG-CWI-DQPC/TrumanShow/cg/15fps/TrumanShow_UVG-CWI-DQPC_CG_15_0_170_0040.ply,/gpfs/work3/0/prjs0839/data/UVG_CWI_DQPC/UVG-CWI-DQPC/TrumanShow/he/15fps/TrumanShow_UVG-CWI-DQPC_HE_15_0_170_0040.ply,171,171,172,171,0,1
TrumanShow,0041,/gpfs/work3/0/prjs0839/data/UVG_CWI_DQPC/UVG-CWI-DQPC/TrumanShow/cg/15fps/TrumanShow_UVG-CWI-DQPC_CG_15_0_170_0041.ply,/gpfs/work3/0/prjs0839/data/UVG_CWI_DQPC/UVG-CWI-DQPC/TrumanShow/he/15fps/TrumanShow_UVG-CWI-DQPC_HE_15_0_170_0041.ply,171,171,172,171,0,1
TrumanShow,0042,/gpfs/work3/0/prjs0839/data/UVG_CWI_DQPC/UVG-CWI-DQPC/TrumanShow/cg/15fps/TrumanShow_UVG-CWI-DQPC_CG_15_0_170_0042.ply,/gpfs/work3/0/prjs0839/data/UVG_CWI_DQPC/UVG-CWI-DQPC/TrumanShow/he/15fps/TrumanShow_UVG-CWI-DQPC_HE_15_0_170_0042.ply,171,171,172,171,0,1
TrumanShow,0043,/gpfs/work3/0/prjs0839/data/UVG_CWI_DQPC/UVG-CWI-DQPC/TrumanShow/cg/15fps/TrumanShow_UVG-CWI-DQPC_CG_15_0_170_0043.ply,/gpfs/work3/0/prjs0839/data/UVG_CWI_DQPC/UVG-CWI-DQPC/TrumanShow/he/15fps/TrumanShow_UVG-CWI-DQPC_HE_15_0_170_0043.ply,171,171,172,171,0,1
TrumanShow,0044,/gpfs/work3/0/prjs0839/data/UVG_CWI_DQPC/UVG-CWI-DQPC/TrumanShow/cg/15fps/TrumanShow_UVG-CWI-DQPC_CG_15_0_170_0044.ply,/gpfs/work3/0/prjs0839/data/UVG_CWI_DQPC/UVG-CWI-DQPC/TrumanShow/he/15fps/TrumanShow_UVG-CWI-DQPC_HE_15_0_170_0044.ply,171,171,172,171,0,1
TrumanShow,0045,/gpfs/work3/0/prjs0839/data/UVG_CWI_DQPC/UVG-CWI-DQPC/TrumanShow/cg/15fps/TrumanShow_UVG-CWI-DQPC_CG_15_0_170_0045.ply,/gpfs/work3/0/prjs0839/data/UVG_CWI_DQPC/UVG-CWI-DQPC/TrumanShow/he/15fps/TrumanShow_UVG-CWI-DQPC_HE_15_0_170_0045.ply,171,171,172,171,0,1
TrumanShow,0046,/gpfs/work3/0/prjs0839/data/UVG_CWI_DQPC/UVG-CWI-DQPC/TrumanShow/cg/15fps/TrumanShow_UVG-CWI-DQPC_CG_15_0_170_0046.ply,/gpfs/work3/0/prjs0839/data/UVG_CWI_DQPC/UVG-CWI-DQPC/TrumanShow/he/15fps/TrumanShow_UVG-CWI-DQPC_HE_15_0_170_0046.ply,171,171,172,171,0,1
TrumanShow,0047,/gpfs/work3/0/prjs0839/data/UVG_CWI_DQPC/UVG-CWI-DQPC/TrumanShow/cg/15fps/TrumanShow_UVG-CWI-DQPC_CG_15_0_170_0047.ply,/gpfs/work3/0/prjs0839/data/UVG_CWI_DQPC/UVG-CWI-DQPC/TrumanShow/he/15fps/TrumanShow_UVG-CWI-DQPC_HE_15_0_170_0047.ply,171,171,172,171,0,1
TrumanShow,0048,/gpfs/work3/0/prjs0839/data/UVG_CWI_DQPC/UVG-CWI-DQPC/TrumanShow/cg/15fps/TrumanShow_UVG-CWI-DQPC_CG_15_0_170_0048.ply,/gpfs/work3/0/prjs0839/data/UVG_CWI_DQPC/UVG-CWI-DQPC/TrumanShow/he/15fps/TrumanShow_UVG-CWI-DQPC_HE_15_0_170_0048.ply,171,171,172,171,0,1
TrumanShow,0049,/gpfs/work3/0/prjs0839/data/UVG_CWI_DQPC/UVG-CWI-DQPC/TrumanShow/cg/15fps/TrumanShow_UVG-CWI-DQPC_CG_15_0_170_0049.ply,/gpfs/work3/0/prjs0839/data/UVG_CWI_DQPC/UVG-CWI-DQPC/TrumanShow/he/15fps/TrumanShow_UVG-CWI-DQPC_HE_15_0_170_0049.ply,171,171,172,171,0,1
TrumanShow,0050,/gpfs/work3/0/prjs0839/data/UVG_CWI_DQPC/UVG-CWI-DQPC/TrumanShow/cg/15fps/TrumanShow_UVG-CWI-DQPC_CG_15_0_170_0050.ply,/gpfs/work3/0/prjs0839/data/UVG_CWI_DQPC/UVG-CWI-DQPC/TrumanShow/he/15fps/TrumanShow_UVG-CWI-DQPC_HE_15_0_170_0050.ply,171,171,172,171,0,1
TrumanShow,0051,/gpfs/work3/0/prjs0839/data/UVG_CWI_DQPC/UVG-CWI-DQPC/TrumanShow/cg/15fps/TrumanShow_UVG-CWI-DQPC_CG_15_0_170_0051.ply,/gpfs/work3/0/prjs0839/data/UVG_CWI_DQPC/UVG-CWI-DQPC/TrumanShow/he/15fps/TrumanShow_UVG-CWI-DQPC_HE_15_0_170_0051.ply,171,171,172,171,0,1
TrumanShow,0052,/gpfs/work3/0/prjs0839/data/UVG_CWI_DQPC/UVG-CWI-DQPC/TrumanShow/cg/15fps/TrumanShow_UVG-CWI-DQPC_CG_15_0_170_0052.ply,/gpfs/work3/0/prjs0839/data/UVG_CWI_DQPC/UVG-CWI-DQPC/TrumanShow/he/15fps/TrumanShow_UVG-CWI-DQPC_HE_15_0_170_0052.ply,171,171,172,171,0,1
TrumanShow,0053,/gpfs/work3/0/prjs0839/data/UVG_CWI_DQPC/UVG-CWI-DQPC/TrumanShow/cg/15fps/TrumanShow_UVG-CWI-DQPC_CG_15_0_170_0053.ply,/gpfs/work3/0/prjs0839/data/UVG_CWI_DQPC/UVG-CWI-DQPC/TrumanShow/he/15fps/TrumanShow_UVG-CWI-DQPC_HE_15_0_170_0053.ply,171,171,172,171,0,1
TrumanShow,0054,/gpfs/work3/0/prjs0839/data/UVG_CWI_DQPC/UVG-CWI-DQPC/TrumanShow/cg/15fps/TrumanShow_UVG-CWI-DQPC_CG_15_0_170_0054.ply,/gpfs/work3/0/prjs0839/data/UVG_CWI_DQPC/UVG-CWI-DQPC/TrumanShow/he/15fps/TrumanShow_UVG-CWI-DQPC_HE_15_0_170_0054.ply,171,171,172,171,0,1
TrumanShow,0055,/gpfs/work3/0/prjs0839/data/UVG_CWI_DQPC/UVG-CWI-DQPC/TrumanShow/cg/15fps/TrumanShow_UVG-CWI-DQPC_CG_15_0_170_0055.ply,/gpfs/work3/0/prjs0839/data/UVG_CWI_DQPC/UVG-CWI-DQPC/TrumanShow/he/15fps/TrumanShow_UVG-CWI-DQPC_HE_15_0_170_0055.ply,171,171,172,171,0,1
TrumanShow,0056,/gpfs/work3/0/prjs0839/data/UVG_CWI_DQPC/UVG-CWI-DQPC/TrumanShow/cg/15fps/TrumanShow_UVG-CWI-DQPC_CG_15_0_170_0056.ply,/gpfs/work3/0/prjs0839/data/UVG_CWI_DQPC/UVG-CWI-DQPC/TrumanShow/he/15fps/TrumanShow_UVG-CWI-DQPC_HE_15_0_170_0056.ply,171,171,172,171,0,1
TrumanShow,0057,/gpfs/work3/0/prjs0839/data/UVG_CWI_DQPC/UVG-CWI-DQPC/TrumanShow/cg/15fps/TrumanShow_UVG-CWI-DQPC_CG_15_0_170_0057.ply,/gpfs/work3/0/prjs0839/data/UVG_CWI_DQPC/UVG-CWI-DQPC/TrumanShow/he/15fps/TrumanShow_UVG-CWI-DQPC_HE_15_0_170_0057.ply,171,171,172,171,0,1
TrumanShow,0058,/gpfs/work3/0/prjs0839/data/UVG_CWI_DQPC/UVG-CWI-DQPC/TrumanShow/cg/15fps/TrumanShow_UVG-CWI-DQPC_CG_15_0_170_0058.ply,/gpfs/work3/0/prjs0839/data/UVG_CWI_DQPC/UVG-CWI-DQPC/TrumanShow/he/15fps/TrumanShow_UVG-CWI-DQPC_HE_15_0_170_0058.ply,171,171,172,171,0,1
TrumanShow,0059,/gpfs/work3/0/prjs0839/data/UVG_CWI_DQPC/UVG-CWI-DQPC/TrumanShow/cg/15fps/TrumanShow_UVG-CWI-DQPC_CG_15_0_170_0059.ply,/gpfs/work3/0/prjs0839/data/UVG_CWI_DQPC/UVG-CWI-DQPC/TrumanShow/he/15fps/TrumanShow_UVG-CWI-DQPC_HE_15_0_170_0059.ply,171,171,172,171,0,1
TrumanShow,0060,/gpfs/work3/0/prjs0839/data/UVG_CWI_DQPC/UVG-CWI-DQPC/TrumanShow/cg/15fps/TrumanShow_UVG-CWI-DQPC_CG_15_0_170_0060.ply,/gpfs/work3/0/prjs0839/data/UVG_CWI_DQPC/UVG-CWI-DQPC/TrumanShow/he/15fps/TrumanShow_UVG-CWI-DQPC_HE_15_0_170_0060.ply,171,171,172,171,0,1
TrumanShow,0061,/gpfs/work3/0/prjs0839/data/UVG_CWI_DQPC/UVG-CWI-DQPC/TrumanShow/cg/15fps/TrumanShow_UVG-CWI-DQPC_CG_15_0_170_0061.ply,/gpfs/work3/0/prjs0839/data/UVG_CWI_DQPC/UVG-CWI-DQPC/TrumanShow/he/15fps/TrumanShow_UVG-CWI-DQPC_HE_15_0_170_0061.ply,171,171,172,171,0,1
TrumanShow,0062,/gpfs/work3/0/prjs0839/data/UVG_CWI_DQPC/UVG-CWI-DQPC/TrumanShow/cg/15fps/TrumanShow_UVG-CWI-DQPC_CG_15_0_170_0062.ply,/gpfs/work3/0/prjs0839/data/UVG_CWI_DQPC/UVG-CWI-DQPC/TrumanShow/he/15fps/TrumanShow_UVG-CWI-DQPC_HE_15_0_170_0062.ply,171,171,172,171,0,1
TrumanShow,0063,/gpfs/work3/0/prjs0839/data/UVG_CWI_DQPC/UVG-CWI-DQPC/TrumanShow/cg/15fps/TrumanShow_UVG-CWI-DQPC_CG_15_0_170_0063.ply,/gpfs/work3/0/prjs0839/data/UVG_CWI_DQPC/UVG-CWI-DQPC/TrumanShow/he/15fps/TrumanShow_UVG-CWI-DQPC_HE_15_0_170_0063.ply,171,171,172,171,0,1
TrumanShow,0064,/gpfs/work3/0/prjs0839/data/UVG_CWI_DQPC/UVG-CWI-DQPC/TrumanShow/cg/15fps/TrumanShow_UVG-CWI-DQPC_CG_15_0_170_0064.ply,/gpfs/work3/0/prjs0839/data/UVG_CWI_DQPC/UVG-CWI-DQPC/TrumanShow/he/15fps/TrumanShow_UVG-CWI-DQPC_HE_15_0_170_0064.ply,171,171,172,171,0,1
TrumanShow,0065,/gpfs/work3/0/prjs0839/data/UVG_CWI_DQPC/UVG-CWI-DQPC/TrumanShow/cg/15fps/TrumanShow_UVG-CWI-DQPC_CG_15_0_170_0065.ply,/gpfs/work3/0/prjs0839/data/UVG_CWI_DQPC/UVG-CWI-DQPC/TrumanShow/he/15fps/TrumanShow_UVG-CWI-DQPC_HE_15_0_170_0065.ply,171,171,172,171,0,1
TrumanShow,0066,/gpfs/work3/0/prjs0839/data/UVG_CWI_DQPC/UVG-CWI-DQPC/TrumanShow/cg/15fps/TrumanShow_UVG-CWI-DQPC_CG_15_0_170_0066.ply,/gpfs/work3/0/prjs0839/data/UVG_CWI_DQPC/UVG-CWI-DQPC/TrumanShow/he/15fps/TrumanShow_UVG-CWI-DQPC_HE_15_0_170_0066.ply,171,171,172,171,0,1
TrumanShow,0067,/gpfs/work3/0/prjs0839/data/UVG_CWI_DQPC/UVG-CWI-DQPC/TrumanShow/cg/15fps/TrumanShow_UVG-CWI-DQPC_CG_15_0_170_0067.ply,/gpfs/work3/0/prjs0839/data/UVG_CWI_DQPC/UVG-CWI-DQPC/TrumanShow/he/15fps/TrumanShow_UVG-CWI-DQPC_HE_15_0_170_0067.ply,171,171,172,171,0,1
TrumanShow,0068,/gpfs/work3/0/prjs0839/data/UVG_CWI_DQPC/UVG-CWI-DQPC/TrumanShow/cg/15fps/TrumanShow_UVG-CWI-DQPC_CG_15_0_170_0068.ply,/gpfs/work3/0/prjs0839/data/UVG_CWI_DQPC/UVG-CWI-DQPC/TrumanShow/he/15fps/TrumanShow_UVG-CWI-DQPC_HE_15_0_170_0068.ply,171,171,172,171,0,1
TrumanShow,0069,/gpfs/work3/0/prjs0839/data/UVG_CWI_DQPC/UVG-CWI-DQPC/TrumanShow/cg/15fps/TrumanShow_UVG-CWI-DQPC_CG_15_0_170_0069.ply,/gpfs/work3/0/prjs0839/data/UVG_CWI_DQPC/UVG-CWI-DQPC/TrumanShow/he/15fps/TrumanShow_UVG-CWI-DQPC_HE_15_0_170_0069.ply,171,171,172,171,0,1
TrumanShow,0070,/gpfs/work3/0/prjs0839/data/UVG_CWI_DQPC/UVG-CWI-DQPC/TrumanShow/cg/15fps/TrumanShow_UVG-CWI-DQPC_CG_15_0_170_0070.ply,/gpfs/work3/0/prjs0839/data/UVG_CWI_DQPC/UVG-CWI-DQPC/TrumanShow/he/15fps/TrumanShow_UVG-CWI-DQPC_HE_15_0_170_0070.ply,171,171,172,171,0,1
TrumanShow,0071,/gpfs/work3/0/prjs0839/data/UVG_CWI_DQPC/UVG-CWI-DQPC/TrumanShow/cg/15fps/TrumanShow_UVG-CWI-DQPC_CG_15_0_170_0071.ply,/gpfs/work3/0/prjs0839/data/UVG_CWI_DQPC/UVG-CWI-DQPC/TrumanShow/he/15fps/TrumanShow_UVG-CWI-DQPC_HE_15_0_170_0071.ply,171,171,172,171,0,1
TrumanShow,0072,/gpfs/work3/0/prjs0839/data/UVG_CWI_DQPC/UVG-CWI-DQPC/TrumanShow/cg/15fps/TrumanShow_UVG-CWI-DQPC_CG_15_0_170_0072.ply,/gpfs/work3/0/prjs0839/data/UVG_CWI_DQPC/UVG-CWI-DQPC/TrumanShow/he/15fps/TrumanShow_UVG-CWI-DQPC_HE_15_0_170_0072.ply,171,171,172,171,0,1
TrumanShow,0073,/gpfs/work3/0/prjs0839/data/UVG_CWI_DQPC/UVG-CWI-DQPC/TrumanShow/cg/15fps/TrumanShow_UVG-CWI-DQPC_CG_15_0_170_0073.ply,/gpfs/work3/0/prjs0839/data/UVG_CWI_DQPC/UVG-CWI-DQPC/TrumanShow/he/15fps/TrumanShow_UVG-CWI-DQPC_HE_15_0_170_0073.ply,171,171,172,171,0,1
TrumanShow,0074,/gpfs/work3/0/prjs0839/data/UVG_CWI_DQPC/UVG-CWI-DQPC/TrumanShow/cg/15fps/TrumanShow_UVG-CWI-DQPC_CG_15_0_170_0074.ply,/gpfs/work3/0/prjs0839/data/UVG_CWI_DQPC/UVG-CWI-DQPC/TrumanShow/he/15fps/TrumanShow_UVG-CWI-DQPC_HE_15_0_170_0074.ply,171,171,172,171,0,1
TrumanShow,0075,/gpfs/work3/0/prjs0839/data/UVG_CWI_DQPC/UVG-CWI-DQPC/TrumanShow/cg/15fps/TrumanShow_UVG-CWI-DQPC_CG_15_0_170_0075.ply,/gpfs/work3/0/prjs0839/data/UVG_CWI_DQPC/UVG-CWI-DQPC/TrumanShow/he/15fps/TrumanShow_UVG-CWI-DQPC_HE_15_0_170_0075.ply,171,171,172,171,0,1
TrumanShow,0076,/gpfs/work3/0/prjs0839/data/UVG_CWI_DQPC/UVG-CWI-DQPC/TrumanShow/cg/15fps/TrumanShow_UVG-CWI-DQPC_CG_15_0_170_0076.ply,/gpfs/work3/0/prjs0839/data/UVG_CWI_DQPC/UVG-CWI-DQPC/TrumanShow/he/15fps/TrumanShow_UVG-CWI-DQPC_HE_15_0_170_0076.ply,171,171,172,171,0,1
TrumanShow,0077,/gpfs/work3/0/prjs0839/data/UVG_CWI_DQPC/UVG-CWI-DQPC/TrumanShow/cg/15fps/TrumanShow_UVG-CWI-DQPC_CG_15_0_170_0077.ply,/gpfs/work3/0/prjs0839/data/UVG_CWI_DQPC/UVG-CWI-DQPC/TrumanShow/he/15fps/TrumanShow_UVG-CWI-DQPC_HE_15_0_170_0077.ply,171,171,172,171,0,1
TrumanShow,0078,/gpfs/work3/0/prjs0839/data/UVG_CWI_DQPC/UVG-CWI-DQPC/TrumanShow/cg/15fps/TrumanShow_UVG-CWI-DQPC_CG_15_0_170_0078.ply,/gpfs/work3/0/prjs0839/data/UVG_CWI_DQPC/UVG-CWI-DQPC/TrumanShow/he/15fps/TrumanShow_UVG-CWI-DQPC_HE_15_0_170_0078.ply,171,171,172,171,0,1
TrumanShow,0079,/gpfs/work3/0/prjs0839/data/UVG_CWI_DQPC/UVG-CWI-DQPC/TrumanShow/cg/15fps/TrumanShow_UVG-CWI-DQPC_CG_15_0_170_0079.ply,/gpfs/work3/0/prjs0839/data/UVG_CWI_DQPC/UVG-CWI-DQPC/TrumanShow/he/15fps/TrumanShow_UVG-CWI-DQPC_HE_15_0_170_0079.ply,171,171,172,171,0,1
TrumanShow,0080,/gpfs/work3/0/prjs0839/data/UVG_CWI_DQPC/UVG-CWI-DQPC/TrumanShow/cg/15fps/TrumanShow_UVG-CWI-DQPC_CG_15_0_170_0080.ply,/gpfs/work3/0/prjs0839/data/UVG_CWI_DQPC/UVG-CWI-DQPC/TrumanShow/he/15fps/TrumanShow_UVG-CWI-DQPC_HE_15_0_170_0080.ply,171,171,172,171,0,1
TrumanShow,0081,/gpfs/work3/0/prjs0839/data/UVG_CWI_DQPC/UVG-CWI-DQPC/TrumanShow/cg/15fps/TrumanShow_UVG-CWI-DQPC_CG_15_0_170_0081.ply,/gpfs/work3/0/prjs0839/data/UVG_CWI_DQPC/UVG-CWI-DQPC/TrumanShow/he/15fps/TrumanShow_UVG-CWI-DQPC_HE_15_0_170_0081.ply,171,171,172,171,0,1
TrumanShow,0082,/gpfs/work3/0/prjs0839/data/UVG_CWI_DQPC/UVG-CWI-DQPC/TrumanShow/cg/15fps/TrumanShow_UVG-CWI-DQPC_CG_15_0_170_0082.ply,/gpfs/work3/0/prjs0839/data/UVG_CWI_DQPC/UVG-CWI-DQPC/TrumanShow/he/15fps/TrumanShow_UVG-CWI-DQPC_HE_15_0_170_0082.ply,171,171,172,171,0,1
TrumanShow,0083,/gpfs/work3/0/prjs0839/data/UVG_CWI_DQPC/UVG-CWI-DQPC/TrumanShow/cg/15fps/TrumanShow_UVG-CWI-DQPC_CG_15_0_170_0083.ply,/gpfs/work3/0/prjs0839/data/UVG_CWI_DQPC/UVG-CWI-DQPC/TrumanShow/he/15fps/TrumanShow_UVG-CWI-DQPC_HE_15_0_170_0083.ply,171,171,172,171,0,1
TrumanShow,0084,/gpfs/work3/0/prjs0839/data/UVG_CWI_DQPC/UVG-CWI-DQPC/TrumanShow/cg/15fps/TrumanShow_UVG-CWI-DQPC_CG_15_0_170_0084.ply,/gpfs/work3/0/prjs0839/data/UVG_CWI_DQPC/UVG-CWI-DQPC/TrumanShow/he/15fps/TrumanShow_UVG-CWI-DQPC_HE_15_0_170_0084.ply,171,171,172,171,0,1
TrumanShow,0085,/gpfs/work3/0/prjs0839/data/UVG_CWI_DQPC/UVG-CWI-DQPC/TrumanShow/cg/15fps/TrumanShow_UVG-CWI-DQPC_CG_15_0_170_0085.ply,/gpfs/work3/0/prjs0839/data/UVG_CWI_DQPC/UVG-CWI-DQPC/TrumanShow/he/15fps/TrumanShow_UVG-CWI-DQPC_HE_15_0_170_0085.ply,171,171,172,171,0,1
TrumanShow,0086,/gpfs/work3/0/prjs0839/data/UVG_CWI_DQPC/UVG-CWI-DQPC/TrumanShow/cg/15fps/TrumanShow_UVG-CWI-DQPC_CG_15_0_170_0086.ply,/gpfs/work3/0/prjs0839/data/UVG_CWI_DQPC/UVG-CWI-DQPC/TrumanShow/he/15fps/TrumanShow_UVG-CWI-DQPC_HE_15_0_170_0086.ply,171,171,172,171,0,1
TrumanShow,0087,/gpfs/work3/0/prjs0839/data/UVG_CWI_DQPC/UVG-CWI-DQPC/TrumanShow/cg/15fps/TrumanShow_UVG-CWI-DQPC_CG_15_0_170_0087.ply,/gpfs/work3/0/prjs0839/data/UVG_CWI_DQPC/UVG-CWI-DQPC/TrumanShow/he/15fps/TrumanShow_UVG-CWI-DQPC_HE_15_0_170_0087.ply,171,171,172,171,0,1
TrumanShow,0088,/gpfs/work3/0/prjs0839/data/UVG_CWI_DQPC/UVG-CWI-DQPC/TrumanShow/cg/15fps/TrumanShow_UVG-CWI-DQPC_CG_15_0_170_0088.ply,/gpfs/work3/0/prjs0839/data/UVG_CWI_DQPC/UVG-CWI-DQPC/TrumanShow/he/15fps/TrumanShow_UVG-CWI-DQPC_HE_15_0_170_0088.ply,171,171,172,171,0,1
TrumanShow,0089,/gpfs/work3/0/prjs0839/data/UVG_CWI_DQPC/UVG-CWI-DQPC/TrumanShow/cg/15fps/TrumanShow_UVG-CWI-DQPC_CG_15_0_170_0089.ply,/gpfs/work3/0/prjs0839/data/UVG_CWI_DQPC/UVG-CWI-DQPC/TrumanShow/he/15fps/TrumanShow_UVG-CWI-DQPC_HE_15_0_170_0089.ply,171,171,172,171,0,1
TrumanShow,0090,/gpfs/work3/0/prjs0839/data/UVG_CWI_DQPC/UVG-CWI-DQPC/TrumanShow/cg/15fps/TrumanShow_UVG-CWI-DQPC_CG_15_0_170_0090.ply,/gpfs/work3/0/prjs0839/data/UVG_CWI_DQPC/UVG-CWI-DQPC/TrumanShow/he/15fps/TrumanShow_UVG-CWI-DQPC_HE_15_0_170_0090.ply,171,171,172,171,0,1
TrumanShow,0091,/gpfs/work3/0/prjs0839/data/UVG_CWI_DQPC/UVG-CWI-DQPC/TrumanShow/cg/15fps/TrumanShow_UVG-CWI-DQPC_CG_15_0_170_0091.ply,/gpfs/work3/0/prjs0839/data/UVG_CWI_DQPC/UVG-CWI-DQPC/TrumanShow/he/15fps/TrumanShow_UVG-CWI-DQPC_HE_15_0_170_0091.ply,171,171,172,171,0,1
TrumanShow,0092,/gpfs/work3/0/prjs0839/data/UVG_CWI_DQPC/UVG-CWI-DQPC/TrumanShow/cg/15fps/TrumanShow_UVG-CWI-DQPC_CG_15_0_170_0092.ply,/gpfs/work3/0/prjs0839/data/UVG_CWI_DQPC/UVG-CWI-DQPC/TrumanShow/he/15fps/TrumanShow_UVG-CWI-DQPC_HE_15_0_170_0092.ply,171,171,172,171,0,1
TrumanShow,0093,/gpfs/work3/0/prjs0839/data/UVG_CWI_DQPC/UVG-CWI-DQPC/TrumanShow/cg/15fps/TrumanShow_UVG-CWI-DQPC_CG_15_0_170_0093.ply,/gpfs/work3/0/prjs0839/data/UVG_CWI_DQPC/UVG-CWI-DQPC/TrumanShow/he/15fps/TrumanShow_UVG-CWI-DQPC_HE_15_0_170_0093.ply,171,171,172,171,0,1
TrumanShow,0094,/gpfs/work3/0/prjs0839/data/UVG_CWI_DQPC/UVG-CWI-DQPC/TrumanShow/cg/15fps/TrumanShow_UVG-CWI-DQPC_CG_15_0_170_0094.ply,/gpfs/work3/0/prjs0839/data/UVG_CWI_DQPC/UVG-CWI-DQPC/TrumanShow/he/15fps/TrumanShow_UVG-CWI-DQPC_HE_15_0_170_0094.ply,171,171,172,171,0,1
TrumanShow,0095,/gpfs/work3/0/prjs0839/data/UVG_CWI_DQPC/UVG-CWI-DQPC/TrumanShow/cg/15fps/TrumanShow_UVG-CWI-DQPC_CG_15_0_170_0095.ply,/gpfs/work3/0/prjs0839/data/UVG_CWI_DQPC/UVG-CWI-DQPC/TrumanShow/he/15fps/TrumanShow_UVG-CWI-DQPC_HE_15_0_170_0095.ply,171,171,172,171,0,1
TrumanShow,0096,/gpfs/work3/0/prjs0839/data/UVG_CWI_DQPC/UVG-CWI-DQPC/TrumanShow/cg/15fps/TrumanShow_UVG-CWI-DQPC_CG_15_0_170_0096.ply,/gpfs/work3/0/prjs0839/data/UVG_CWI_DQPC/UVG-CWI-DQPC/TrumanShow/he/15fps/TrumanShow_UVG-CWI-DQPC_HE_15_0_170_0096.ply,171,171,172,171,0,1
TrumanShow,0097,/gpfs/work3/0/prjs0839/data/UVG_CWI_DQPC/UVG-CWI-DQPC/TrumanShow/cg/15fps/TrumanShow_UVG-CWI-DQPC_CG_15_0_170_0097.ply,/gpfs/work3/0/prjs0839/data/UVG_CWI_DQPC/UVG-CWI-DQPC/TrumanShow/he/15fps/TrumanShow_UVG-CWI-DQPC_HE_15_0_170_0097.ply,171,171,172,171,0,1
TrumanShow,0098,/gpfs/work3/0/prjs0839/data/UVG_CWI_DQPC/UVG-CWI-DQPC/TrumanShow/cg/15fps/TrumanShow_UVG-CWI-DQPC_CG_15_0_170_0098.ply,/gpfs/work3/0/prjs0839/data/UVG_CWI_DQPC/UVG-CWI-DQPC/TrumanShow/he/15fps/TrumanShow_UVG-CWI-DQPC_HE_15_0_170_0098.ply,171,171,172,171,0,1
TrumanShow,0099,/gpfs/work3/0/prjs0839/data/UVG_CWI_DQPC/UVG-CWI-DQPC/TrumanShow/cg/15fps/TrumanShow_UVG-CWI-DQPC_CG_15_0_170_0099.ply,/gpfs/work3/0/prjs0839/data/UVG_CWI_DQPC/UVG-CWI-DQPC/TrumanShow/he/15fps/TrumanShow_UVG-CWI-DQPC_HE_15_0_170_0099.ply,171,171,172,171,0,1
TrumanShow,0100,/gpfs/work3/0/prjs0839/data/UVG_CWI_DQPC/UVG-CWI-DQPC/TrumanShow/cg/15fps/TrumanShow_UVG-CWI-DQPC_CG_15_0_170_0100.ply,/gpfs/work3/0/prjs0839/data/UVG_CWI_DQPC/UVG-CWI-DQPC/TrumanShow/he/15fps/TrumanShow_UVG-CWI-DQPC_HE_15_0_170_0100.ply,171,171,172,171,0,1
TrumanShow,0101,/gpfs/work3/0/prjs0839/data/UVG_CWI_DQPC/UVG-CWI-DQPC/TrumanShow/cg/15fps/TrumanShow_UVG-CWI-DQPC_CG_15_0_170_0101.ply,/gpfs/work3/0/prjs0839/data/UVG_CWI_DQPC/UVG-CWI-DQPC/TrumanShow/he/15fps/TrumanShow_UVG-CWI-DQPC_HE_15_0_170_0101.ply,171,171,172,171,0,1
TrumanShow,0102,/gpfs/work3/0/prjs0839/data/UVG_CWI_DQPC/UVG-CWI-DQPC/TrumanShow/cg/15fps/TrumanShow_UVG-CWI-DQPC_CG_15_0_170_0102.ply,/gpfs/work3/0/prjs0839/data/UVG_CWI_DQPC/UVG-CWI-DQPC/TrumanShow/he/15fps/TrumanShow_UVG-CWI-DQPC_HE_15_0_170_0102.ply,171,171,172,171,0,1
TrumanShow,0103,/gpfs/work3/0/prjs0839/data/UVG_CWI_DQPC/UVG-CWI-DQPC/TrumanShow/cg/15fps/TrumanShow_UVG-CWI-DQPC_CG_15_0_170_0103.ply,/gpfs/work3/0/prjs0839/data/UVG_CWI_DQPC/UVG-CWI-DQPC/TrumanShow/he/15fps/TrumanShow_UVG-CWI-DQPC_HE_15_0_170_0103.ply,171,171,172,171,0,1
TrumanShow,0104,/gpfs/work3/0/prjs0839/data/UVG_CWI_DQPC/UVG-CWI-DQPC/TrumanShow/cg/15fps/TrumanShow_UVG-CWI-DQPC_CG_15_0_170_0104.ply,/gpfs/work3/0/prjs0839/data/UVG_CWI_DQPC/UVG-CWI-DQPC/TrumanShow/he/15fps/TrumanShow_UVG-CWI-DQPC_HE_15_0_170_0104.ply,171,171,172,171,0,1
TrumanShow,0105,/gpfs/work3/0/prjs0839/data/UVG_CWI_DQPC/UVG-CWI-DQPC/TrumanShow/cg/15fps/TrumanShow_UVG-CWI-DQPC_CG_15_0_170_0105.ply,/gpfs/work3/0/prjs0839/data/UVG_CWI_DQPC/UVG-CWI-DQPC/TrumanShow/he/15fps/TrumanShow_UVG-CWI-DQPC_HE_15_0_170_0105.ply,171,171,172,171,0,1
TrumanShow,0106,/gpfs/work3/0/prjs0839/data/UVG_CWI_DQPC/UVG-CWI-DQPC/TrumanShow/cg/15fps/TrumanShow_UVG-CWI-DQPC_CG_15_0_170_0106.ply,/gpfs/work3/0/prjs0839/data/UVG_CWI_DQPC/UVG-CWI-DQPC/TrumanShow/he/15fps/TrumanShow_UVG-CWI-DQPC_HE_15_0_170_0106.ply,171,171,172,171,0,1
TrumanShow,0107,/gpfs/work3/0/prjs0839/data/UVG_CWI_DQPC/UVG-CWI-DQPC/TrumanShow/cg/15fps/TrumanShow_UVG-CWI-DQPC_CG_15_0_170_0107.ply,/gpfs/work3/0/prjs0839/data/UVG_CWI_DQPC/UVG-CWI-DQPC/TrumanShow/he/15fps/TrumanShow_UVG-CWI-DQPC_HE_15_0_170_0107.ply,171,171,172,171,0,1
TrumanShow,0108,/gpfs/work3/0/prjs0839/data/UVG_CWI_DQPC/UVG-CWI-DQPC/TrumanShow/cg/15fps/TrumanShow_UVG-CWI-DQPC_CG_15_0_170_0108.ply,/gpfs/work3/0/prjs0839/data/UVG_CWI_DQPC/UVG-CWI-DQPC/TrumanShow/he/15fps/TrumanShow_UVG-CWI-DQPC_HE_15_0_170_0108.ply,171,171,172,171,0,1
TrumanShow,0109,/gpfs/work3/0/prjs0839/data/UVG_CWI_DQPC/UVG-CWI-DQPC/TrumanShow/cg/15fps/TrumanShow_UVG-CWI-DQPC_CG_15_0_170_0109.ply,/gpfs/work3/0/prjs0839/data/UVG_CWI_DQPC/UVG-CWI-DQPC/TrumanShow/he/15fps/TrumanShow_UVG-CWI-DQPC_HE_15_0_170_0109.ply,171,171,172,171,0,1
TrumanShow,0110,/gpfs/work3/0/prjs0839/data/UVG_CWI_DQPC/UVG-CWI-DQPC/TrumanShow/cg/15fps/TrumanShow_UVG-CWI-DQPC_CG_15_0_170_0110.ply,/gpfs/work3/0/prjs0839/data/UVG_CWI_DQPC/UVG-CWI-DQPC/TrumanShow/he/15fps/TrumanShow_UVG-CWI-DQPC_HE_15_0_170_0110.ply,171,171,172,171,0,1
TrumanShow,0111,/gpfs/work3/0/prjs0839/data/UVG_CWI_DQPC/UVG-CWI-DQPC/TrumanShow/cg/15fps/TrumanShow_UVG-CWI-DQPC_CG_15_0_170_0111.ply,/gpfs/work3/0/prjs0839/data/UVG_CWI_DQPC/UVG-CWI-DQPC/TrumanShow/he/15fps/TrumanShow_UVG-CWI-DQPC_HE_15_0_170_0111.ply,171,171,172,171,0,1
TrumanShow,0112,/gpfs/work3/0/prjs0839/data/UVG_CWI_DQPC/UVG-CWI-DQPC/TrumanShow/cg/15fps/TrumanShow_UVG-CWI-DQPC_CG_15_0_170_0112.ply,/gpfs/work3/0/prjs0839/data/UVG_CWI_DQPC/UVG-CWI-DQPC/TrumanShow/he/15fps/TrumanShow_UVG-CWI-DQPC_HE_15_0_170_0112.ply,171,171,172,171,0,1
TrumanShow,0113,/gpfs/work3/0/prjs0839/data/UVG_CWI_DQPC/UVG-CWI-DQPC/TrumanShow/cg/15fps/TrumanShow_UVG-CWI-DQPC_CG_15_0_170_0113.ply,/gpfs/work3/0/prjs0839/data/UVG_CWI_DQPC/UVG-CWI-DQPC/TrumanShow/he/15fps/TrumanShow_UVG-CWI-DQPC_HE_15_0_170_0113.ply,171,171,172,171,0,1
TrumanShow,0114,/gpfs/work3/0/prjs0839/data/UVG_CWI_DQPC/UVG-CWI-DQPC/TrumanShow/cg/15fps/TrumanShow_UVG-CWI-DQPC_CG_15_0_170_0114.ply,/gpfs/work3/0/prjs0839/data/UVG_CWI_DQPC/UVG-CWI-DQPC/TrumanShow/he/15fps/TrumanShow_UVG-CWI-DQPC_HE_15_0_170_0114.ply,171,171,172,171,0,1
TrumanShow,0115,/gpfs/work3/0/prjs0839/data/UVG_CWI_DQPC/UVG-CWI-DQPC/TrumanShow/cg/15fps/TrumanShow_UVG-CWI-DQPC_CG_15_0_170_0115.ply,/gpfs/work3/0/prjs0839/data/UVG_CWI_DQPC/UVG-CWI-DQPC/TrumanShow/he/15fps/TrumanShow_UVG-CWI-DQPC_HE_15_0_170_0115.ply,171,171,172,171,0,1
TrumanShow,0116,/gpfs/work3/0/prjs0839/data/UVG_CWI_DQPC/UVG-CWI-DQPC/TrumanShow/cg/15fps/TrumanShow_UVG-CWI-DQPC_CG_15_0_170_0116.ply,/gpfs/work3/0/prjs0839/data/UVG_CWI_DQPC/UVG-CWI-DQPC/TrumanShow/he/15fps/TrumanShow_UVG-CWI-DQPC_HE_15_0_170_0116.ply,171,171,172,171,0,1
TrumanShow,0117,/gpfs/work3/0/prjs0839/data/UVG_CWI_DQPC/UVG-CWI-DQPC/TrumanShow/cg/15fps/TrumanShow_UVG-CWI-DQPC_CG_15_0_170_0117.ply,/gpfs/work3/0/prjs0839/data/UVG_CWI_DQPC/UVG-CWI-DQPC/TrumanShow/he/15fps/TrumanShow_UVG-CWI-DQPC_HE_15_0_170_0117.ply,171,171,172,171,0,1
TrumanShow,0118,/gpfs/work3/0/prjs0839/data/UVG_CWI_DQPC/UVG-CWI-DQPC/TrumanShow/cg/15fps/TrumanShow_UVG-CWI-DQPC_CG_15_0_170_0118.ply,/gpfs/work3/0/prjs0839/data/UVG_CWI_DQPC/UVG-CWI-DQPC/TrumanShow/he/15fps/TrumanShow_UVG-CWI-DQPC_HE_15_0_170_0118.ply,171,171,172,171,0,1
TrumanShow,0119,/gpfs/work3/0/prjs0839/data/UVG_CWI_DQPC/UVG-CWI-DQPC/TrumanShow/cg/15fps/TrumanShow_UVG-CWI-DQPC_CG_15_0_170_0119.ply,/gpfs/work3/0/prjs0839/data/UVG_CWI_DQPC/UVG-CWI-DQPC/TrumanShow/he/15fps/TrumanShow_UVG-CWI-DQPC_HE_15_0_170_0119.ply,171,171,172,171,0,1
TrumanShow,0120,/gpfs/work3/0/prjs0839/data/UVG_CWI_DQPC/UVG-CWI-DQPC/TrumanShow/cg/15fps/TrumanShow_UVG-CWI-DQPC_CG_15_0_170_0120.ply,/gpfs/work3/0/prjs0839/data/UVG_CWI_DQPC/UVG-CWI-DQPC/TrumanShow/he/15fps/TrumanShow_UVG-CWI-DQPC_HE_15_0_170_0120.ply,171,171,172,171,0,1
TrumanShow,0121,/gpfs/work3/0/prjs0839/data/UVG_CWI_DQPC/UVG-CWI-DQPC/TrumanShow/cg/15fps/TrumanShow_UVG-CWI-DQPC_CG_15_0_170_0121.ply,/gpfs/work3/0/prjs0839/data/UVG_CWI_DQPC/UVG-CWI-DQPC/TrumanShow/he/15fps/TrumanShow_UVG-CWI-DQPC_HE_15_0_170_0121.ply,171,171,172,171,0,1
TrumanShow,0122,/gpfs/work3/0/prjs0839/data/UVG_CWI_DQPC/UVG-CWI-DQPC/TrumanShow/cg/15fps/TrumanShow_UVG-CWI-DQPC_CG_15_0_170_0122.ply,/gpfs/work3/0/prjs0839/data/UVG_CWI_DQPC/UVG-CWI-DQPC/TrumanShow/he/15fps/TrumanShow_UVG-CWI-DQPC_HE_15_0_170_0122.ply,171,171,172,171,0,1
TrumanShow,0123,/gpfs/work3/0/prjs0839/data/UVG_CWI_DQPC/UVG-CWI-DQPC/TrumanShow/cg/15fps/TrumanShow_UVG-CWI-DQPC_CG_15_0_170_0123.ply,/gpfs/work3/0/prjs0839/data/UVG_CWI_DQPC/UVG-CWI-DQPC/TrumanShow/he/15fps/TrumanShow_UVG-CWI-DQPC_HE_15_0_170_0123.ply,171,171,172,171,0,1
TrumanShow,0124,/gpfs/work3/0/prjs0839/data/UVG_CWI_DQPC/UVG-CWI-DQPC/TrumanShow/cg/15fps/TrumanShow_UVG-CWI-DQPC_CG_15_0_170_0124.ply,/gpfs/work3/0/prjs0839/data/UVG_CWI_DQPC/UVG-CWI-DQPC/TrumanShow/he/15fps/TrumanShow_UVG-CWI-DQPC_HE_15_0_170_0124.ply,171,171,172,171,0,1
TrumanShow,0125,/gpfs/work3/0/prjs0839/data/UVG_CWI_DQPC/UVG-CWI-DQPC/TrumanShow/cg/15fps/TrumanShow_UVG-CWI-DQPC_CG_15_0_170_0125.ply,/gpfs/work3/0/prjs0839/data/UVG_CWI_DQPC/UVG-CWI-DQPC/TrumanShow/he/15fps/TrumanShow_UVG-CWI-DQPC_HE_15_0_170_0125.ply,171,171,172,171,0,1
TrumanShow,0126,/gpfs/work3/0/prjs0839/data/UVG_CWI_DQPC/UVG-CWI-DQPC/TrumanShow/cg/15fps/TrumanShow_UVG-CWI-DQPC_CG_15_0_170_0126.ply,/gpfs/work3/0/prjs0839/data/UVG_CWI_DQPC/UVG-CWI-DQPC/TrumanShow/he/15fps/TrumanShow_UVG-CWI-DQPC_HE_15_0_170_0126.ply,171,171,172,171,0,1
TrumanShow,0127,/gpfs/work3/0/prjs0839/data/UVG_CWI_DQPC/UVG-CWI-DQPC/TrumanShow/cg/15fps/TrumanShow_UVG-CWI-DQPC_CG_15_0_170_0127.ply,/gpfs/work3/0/prjs0839/data/UVG_CWI_DQPC/UVG-CWI-DQPC/TrumanShow/he/15fps/TrumanShow_UVG-CWI-DQPC_HE_15_0_170_0127.ply,171,171,172,171,0,1
TrumanShow,0128,/gpfs/work3/0/prjs0839/data/UVG_CWI_DQPC/UVG-CWI-DQPC/TrumanShow/cg/15fps/TrumanShow_UVG-CWI-DQPC_CG_15_0_170_0128.ply,/gpfs/work3/0/prjs0839/data/UVG_CWI_DQPC/UVG-CWI-DQPC/TrumanShow/he/15fps/TrumanShow_UVG-CWI-DQPC_HE_15_0_170_0128.ply,171,171,172,171,0,1
TrumanShow,0129,/gpfs/work3/0/prjs0839/data/UVG_CWI_DQPC/UVG-CWI-DQPC/TrumanShow/cg/15fps/TrumanShow_UVG-CWI-DQPC_CG_15_0_170_0129.ply,/gpfs/work3/0/prjs0839/data/UVG_CWI_DQPC/UVG-CWI-DQPC/TrumanShow/he/15fps/TrumanShow_UVG-CWI-DQPC_HE_15_0_170_0129.ply,171,171,172,171,0,1
TrumanShow,0130,/gpfs/work3/0/prjs0839/data/UVG_CWI_DQPC/UVG-CWI-DQPC/TrumanShow/cg/15fps/TrumanShow_UVG-CWI-DQPC_CG_15_0_170_0130.ply,/gpfs/work3/0/prjs0839/data/UVG_CWI_DQPC/UVG-CWI-DQPC/TrumanShow/he/15fps/TrumanShow_UVG-CWI-DQPC_HE_15_0_170_0130.ply,171,171,172,171,0,1
TrumanShow,0131,/gpfs/work3/0/prjs0839/data/UVG_CWI_DQPC/UVG-CWI-DQPC/TrumanShow/cg/15fps/TrumanShow_UVG-CWI-DQPC_CG_15_0_170_0131.ply,/gpfs/work3/0/prjs0839/data/UVG_CWI_DQPC/UVG-CWI-DQPC/TrumanShow/he/15fps/TrumanShow_UVG-CWI-DQPC_HE_15_0_170_0131.ply,171,171,172,171,0,1
TrumanShow,0132,/gpfs/work3/0/prjs0839/data/UVG_CWI_DQPC/UVG-CWI-DQPC/TrumanShow/cg/15fps/TrumanShow_UVG-CWI-DQPC_CG_15_0_170_0132.ply,/gpfs/work3/0/prjs0839/data/UVG_CWI_DQPC/UVG-CWI-DQPC/TrumanShow/he/15fps/TrumanShow_UVG-CWI-DQPC_HE_15_0_170_0132.ply,171,171,172,171,0,1
TrumanShow,0133,/gpfs/work3/0/prjs0839/data/UVG_CWI_DQPC/UVG-CWI-DQPC/TrumanShow/cg/15fps/TrumanShow_UVG-CWI-DQPC_CG_15_0_170_0133.ply,/gpfs/work3/0/prjs0839/data/UVG_CWI_DQPC/UVG-CWI-DQPC/TrumanShow/he/15fps/TrumanShow_UVG-CWI-DQPC_HE_15_0_170_0133.ply,171,171,172,171,0,1
TrumanShow,0134,/gpfs/work3/0/prjs0839/data/UVG_CWI_DQPC/UVG-CWI-DQPC/TrumanShow/cg/15fps/TrumanShow_UVG-CWI-DQPC_CG_15_0_170_0134.ply,/gpfs/work3/0/prjs0839/data/UVG_CWI_DQPC/UVG-CWI-DQPC/TrumanShow/he/15fps/TrumanShow_UVG-CWI-DQPC_HE_15_0_170_0134.ply,171,171,172,171,0,1
TrumanShow,0135,/gpfs/work3/0/prjs0839/data/UVG_CWI_DQPC/UVG-CWI-DQPC/TrumanShow/cg/15fps/TrumanShow_UVG-CWI-DQPC_CG_15_0_170_0135.ply,/gpfs/work3/0/prjs0839/data/UVG_CWI_DQPC/UVG-CWI-DQPC/TrumanShow/he/15fps/TrumanShow_UVG-CWI-DQPC_HE_15_0_170_0135.ply,171,171,172,171,0,1
TrumanShow,0136,/gpfs/work3/0/prjs0839/data/UVG_CWI_DQPC/UVG-CWI-DQPC/TrumanShow/cg/15fps/TrumanShow_UVG-CWI-DQPC_CG_15_0_170_0136.ply,/gpfs/work3/0/prjs0839/data/UVG_CWI_DQPC/UVG-CWI-DQPC/TrumanShow/he/15fps/TrumanShow_UVG-CWI-DQPC_HE_15_0_170_0136.ply,171,171,172,171,0,1
TrumanShow,0137,/gpfs/work3/0/prjs0839/data/UVG_CWI_DQPC/UVG-CWI-DQPC/TrumanShow/cg/15fps/TrumanShow_UVG-CWI-DQPC_CG_15_0_170_0137.ply,/gpfs/work3/0/prjs0839/data/UVG_CWI_DQPC/UVG-CWI-DQPC/TrumanShow/he/15fps/TrumanShow_UVG-CWI-DQPC_HE_15_0_170_0137.ply,171,171,172,171,0,1
TrumanShow,0138,/gpfs/work3/0/prjs0839/data/UVG_CWI_DQPC/UVG-CWI-DQPC/TrumanShow/cg/15fps/TrumanShow_UVG-CWI-DQPC_CG_15_0_170_0138.ply,/gpfs/work3/0/prjs0839/data/UVG_CWI_DQPC/UVG-CWI-DQPC/TrumanShow/he/15fps/TrumanShow_UVG-CWI-DQPC_HE_15_0_170_0138.ply,171,171,172,171,0,1
TrumanShow,0139,/gpfs/work3/0/prjs0839/data/UVG_CWI_DQPC/UVG-CWI-DQPC/TrumanShow/cg/15fps/TrumanShow_UVG-CWI-DQPC_CG_15_0_170_0139.ply,/gpfs/work3/0/prjs0839/data/UVG_CWI_DQPC/UVG-CWI-DQPC/TrumanShow/he/15fps/TrumanShow_UVG-CWI-DQPC_HE_15_0_170_0139.ply,171,171,172,171,0,1
TrumanShow,0140,/gpfs/work3/0/prjs0839/data/UVG_CWI_DQPC/UVG-CWI-DQPC/TrumanShow/cg/15fps/TrumanShow_UVG-CWI-DQPC_CG_15_0_170_0140.ply,/gpfs/work3/0/prjs0839/data/UVG_CWI_DQPC/UVG-CWI-DQPC/TrumanShow/he/15fps/TrumanShow_UVG-CWI-DQPC_HE_15_0_170_0140.ply,171,171,172,171,0,1
TrumanShow,0141,/gpfs/work3/0/prjs0839/data/UVG_CWI_DQPC/UVG-CWI-DQPC/TrumanShow/cg/15fps/TrumanShow_UVG-CWI-DQPC_CG_15_0_170_0141.ply,/gpfs/work3/0/prjs0839/data/UVG_CWI_DQPC/UVG-CWI-DQPC/TrumanShow/he/15fps/TrumanShow_UVG-CWI-DQPC_HE_15_0_170_0141.ply,171,171,172,171,0,1
TrumanShow,0142,/gpfs/work3/0/prjs0839/data/UVG_CWI_DQPC/UVG-CWI-DQPC/TrumanShow/cg/15fps/TrumanShow_UVG-CWI-DQPC_CG_15_0_170_0142.ply,/gpfs/work3/0/prjs0839/data/UVG_CWI_DQPC/UVG-CWI-DQPC/TrumanShow/he/15fps/TrumanShow_UVG-CWI-DQPC_HE_15_0_170_0142.ply,171,171,172,171,0,1
TrumanShow,0143,/gpfs/work3/0/prjs0839/data/UVG_CWI_DQPC/UVG-CWI-DQPC/TrumanShow/cg/15fps/TrumanShow_UVG-CWI-DQPC_CG_15_0_170_0143.ply,/gpfs/work3/0/prjs0839/data/UVG_CWI_DQPC/UVG-CWI-DQPC/TrumanShow/he/15fps/TrumanShow_UVG-CWI-DQPC_HE_15_0_170_0143.ply,171,171,172,171,0,1
TrumanShow,0144,/gpfs/work3/0/prjs0839/data/UVG_CWI_DQPC/UVG-CWI-DQPC/TrumanShow/cg/15fps/TrumanShow_UVG-CWI-DQPC_CG_15_0_170_0144.ply,/gpfs/work3/0/prjs0839/data/UVG_CWI_DQPC/UVG-CWI-DQPC/TrumanShow/he/15fps/TrumanShow_UVG-CWI-DQPC_HE_15_0_170_0144.ply,171,171,172,171,0,1
TrumanShow,0145,/gpfs/work3/0/prjs0839/data/UVG_CWI_DQPC/UVG-CWI-DQPC/TrumanShow/cg/15fps/TrumanShow_UVG-CWI-DQPC_CG_15_0_170_0145.ply,/gpfs/work3/0/prjs0839/data/UVG_CWI_DQPC/UVG-CWI-DQPC/TrumanShow/he/15fps/TrumanShow_UVG-CWI-DQPC_HE_15_0_170_0145.ply,171,171,172,171,0,1
TrumanShow,0146,/gpfs/work3/0/prjs0839/data/UVG_CWI_DQPC/UVG-CWI-DQPC/TrumanShow/cg/15fps/TrumanShow_UVG-CWI-DQPC_CG_15_0_170_0146.ply,/gpfs/work3/0/prjs0839/data/UVG_CWI_DQPC/UVG-CWI-DQPC/TrumanShow/he/15fps/TrumanShow_UVG-CWI-DQPC_HE_15_0_170_0146.ply,171,171,172,171,0,1
TrumanShow,0147,/gpfs/work3/0/prjs0839/data/UVG_CWI_DQPC/UVG-CWI-DQPC/TrumanShow/cg/15fps/TrumanShow_UVG-CWI-DQPC_CG_15_0_170_0147.ply,/gpfs/work3/0/prjs0839/data/UVG_CWI_DQPC/UVG-CWI-DQPC/TrumanShow/he/15fps/TrumanShow_UVG-CWI-DQPC_HE_15_0_170_0147.ply,171,171,172,171,0,1
TrumanShow,0148,/gpfs/work3/0/prjs0839/data/UVG_CWI_DQPC/UVG-CWI-DQPC/TrumanShow/cg/15fps/TrumanShow_UVG-CWI-DQPC_CG_15_0_170_0148.ply,/gpfs/work3/0/prjs0839/data/UVG_CWI_DQPC/UVG-CWI-DQPC/TrumanShow/he/15fps/TrumanShow_UVG-CWI-DQPC_HE_15_0_170_0148.ply,171,171,172,171,0,1
TrumanShow,0149,/gpfs/work3/0/prjs0839/data/UVG_CWI_DQPC/UVG-CWI-DQPC/TrumanShow/cg/15fps/TrumanShow_UVG-CWI-DQPC_CG_15_0_170_0149.ply,/gpfs/work3/0/prjs0839/data/UVG_CWI_DQPC/UVG-CWI-DQPC/TrumanShow/he/15fps/TrumanShow_UVG-CWI-DQPC_HE_15_0_170_0149.ply,171,171,172,171,0,1
TrumanShow,0150,/gpfs/work3/0/prjs0839/data/UVG_CWI_DQPC/UVG-CWI-DQPC/TrumanShow/cg/15fps/TrumanShow_UVG-CWI-DQPC_CG_15_0_170_0150.ply,/gpfs/work3/0/prjs0839/data/UVG_CWI_DQPC/UVG-CWI-DQPC/TrumanShow/he/15fps/TrumanShow_UVG-CWI-DQPC_HE_15_0_170_0150.ply,171,171,172,171,0,1
TrumanShow,0151,/gpfs/work3/0/prjs0839/data/UVG_CWI_DQPC/UVG-CWI-DQPC/TrumanShow/cg/15fps/TrumanShow_UVG-CWI-DQPC_CG_15_0_170_0151.ply,/gpfs/work3/0/prjs0839/data/UVG_CWI_DQPC/UVG-CWI-DQPC/TrumanShow/he/15fps/TrumanShow_UVG-CWI-DQPC_HE_15_0_170_0151.ply,171,171,172,171,0,1
TrumanShow,0152,/gpfs/work3/0/prjs0839/data/UVG_CWI_DQPC/UVG-CWI-DQPC/TrumanShow/cg/15fps/TrumanShow_UVG-CWI-DQPC_CG_15_0_170_0152.ply,/gpfs/work3/0/prjs0839/data/UVG_CWI_DQPC/UVG-CWI-DQPC/TrumanShow/he/15fps/TrumanShow_UVG-CWI-DQPC_HE_15_0_170_0152.ply,171,171,172,171,0,1
TrumanShow,0153,/gpfs/work3/0/prjs0839/data/UVG_CWI_DQPC/UVG-CWI-DQPC/TrumanShow/cg/15fps/TrumanShow_UVG-CWI-DQPC_CG_15_0_170_0153.ply,/gpfs/work3/0/prjs0839/data/UVG_CWI_DQPC/UVG-CWI-DQPC/TrumanShow/he/15fps/TrumanShow_UVG-CWI-DQPC_HE_15_0_170_0153.ply,171,171,172,171,0,1
TrumanShow,0154,/gpfs/work3/0/prjs0839/data/UVG_CWI_DQPC/UVG-CWI-DQPC/TrumanShow/cg/15fps/TrumanShow_UVG-CWI-DQPC_CG_15_0_170_0154.ply,/gpfs/work3/0/prjs0839/data/UVG_CWI_DQPC/UVG-CWI-DQPC/TrumanShow/he/15fps/TrumanShow_UVG-CWI-DQPC_HE_15_0_170_0154.ply,171,171,172,171,0,1
TrumanShow,0155,/gpfs/work3/0/prjs0839/data/UVG_CWI_DQPC/UVG-CWI-DQPC/TrumanShow/cg/15fps/TrumanShow_UVG-CWI-DQPC_CG_15_0_170_0155.ply,/gpfs/work3/0/prjs0839/data/UVG_CWI_DQPC/UVG-CWI-DQPC/TrumanShow/he/15fps/TrumanShow_UVG-CWI-DQPC_HE_15_0_170_0155.ply,171,171,172,171,0,1
TrumanShow,0156,/gpfs/work3/0/prjs0839/data/UVG_CWI_DQPC/UVG-CWI-DQPC/TrumanShow/cg/15fps/TrumanShow_UVG-CWI-DQPC_CG_15_0_170_0156.ply,/gpfs/work3/0/prjs0839/data/UVG_CWI_DQPC/UVG-CWI-DQPC/TrumanShow/he/15fps/TrumanShow_UVG-CWI-DQPC_HE_15_0_170_0156.ply,171,171,172,171,0,1
TrumanShow,0157,/gpfs/work3/0/prjs0839/data/UVG_CWI_DQPC/UVG-CWI-DQPC/TrumanShow/cg/15fps/TrumanShow_UVG-CWI-DQPC_CG_15_0_170_0157.ply,/gpfs/work3/0/prjs0839/data/UVG_CWI_DQPC/UVG-CWI-DQPC/TrumanShow/he/15fps/TrumanShow_UVG-CWI-DQPC_HE_15_0_170_0157.ply,171,171,172,171,0,1
TrumanShow,0158,/gpfs/work3/0/prjs0839/data/UVG_CWI_DQPC/UVG-CWI-DQPC/TrumanShow/cg/15fps/TrumanShow_UVG-CWI-DQPC_CG_15_0_170_0158.ply,/gpfs/work3/0/prjs0839/data/UVG_CWI_DQPC/UVG-CWI-DQPC/TrumanShow/he/15fps/TrumanShow_UVG-CWI-DQPC_HE_15_0_170_0158.ply,171,171,172,171,0,1
TrumanShow,0159,/gpfs/work3/0/prjs0839/data/UVG_CWI_DQPC/UVG-CWI-DQPC/TrumanShow/cg/15fps/TrumanShow_UVG-CWI-DQPC_CG_15_0_170_0159.ply,/gpfs/work3/0/prjs0839/data/UVG_CWI_DQPC/UVG-CWI-DQPC/TrumanShow/he/15fps/TrumanShow_UVG-CWI-DQPC_HE_15_0_170_0159.ply,171,171,172,171,0,1
TrumanShow,0160,/gpfs/work3/0/prjs0839/data/UVG_CWI_DQPC/UVG-CWI-DQPC/TrumanShow/cg/15fps/TrumanShow_UVG-CWI-DQPC_CG_15_0_170_0160.ply,/gpfs/work3/0/prjs0839/data/UVG_CWI_DQPC/UVG-CWI-DQPC/TrumanShow/he/15fps/TrumanShow_UVG-CWI-DQPC_HE_15_0_170_0160.ply,171,171,172,171,0,1
TrumanShow,0161,/gpfs/work3/0/prjs0839/data/UVG_CWI_DQPC/UVG-CWI-DQPC/TrumanShow/cg/15fps/TrumanShow_UVG-CWI-DQPC_CG_15_0_170_0161.ply,/gpfs/work3/0/prjs0839/data/UVG_CWI_DQPC/UVG-CWI-DQPC/TrumanShow/he/15fps/TrumanShow_UVG-CWI-DQPC_HE_15_0_170_0161.ply,171,171,172,171,0,1
TrumanShow,0162,/gpfs/work3/0/prjs0839/data/UVG_CWI_DQPC/UVG-CWI-DQPC/TrumanShow/cg/15fps/TrumanShow_UVG-CWI-DQPC_CG_15_0_170_0162.ply,/gpfs/work3/0/prjs0839/data/UVG_CWI_DQPC/UVG-CWI-DQPC/TrumanShow/he/15fps/TrumanShow_UVG-CWI-DQPC_HE_15_0_170_0162.ply,171,171,172,171,0,1
TrumanShow,0163,/gpfs/work3/0/prjs0839/data/UVG_CWI_DQPC/UVG-CWI-DQPC/TrumanShow/cg/15fps/TrumanShow_UVG-CWI-DQPC_CG_15_0_170_0163.ply,/gpfs/work3/0/prjs0839/data/UVG_CWI_DQPC/UVG-CWI-DQPC/TrumanShow/he/15fps/TrumanShow_UVG-CWI-DQPC_HE_15_0_170_0163.ply,171,171,172,171,0,1
TrumanShow,0164,/gpfs/work3/0/prjs0839/data/UVG_CWI_DQPC/UVG-CWI-DQPC/TrumanShow/cg/15fps/TrumanShow_UVG-CWI-DQPC_CG_15_0_170_0164.ply,/gpfs/work3/0/prjs0839/data/UVG_CWI_DQPC/UVG-CWI-DQPC/TrumanShow/he/15fps/TrumanShow_UVG-CWI-DQPC_HE_15_0_170_0164.ply,171,171,172,171,0,1
TrumanShow,0165,/gpfs/work3/0/prjs0839/data/UVG_CWI_DQPC/UVG-CWI-DQPC/TrumanShow/cg/15fps/TrumanShow_UVG-CWI-DQPC_CG_15_0_170_0165.ply,/gpfs/work3/0/prjs0839/data/UVG_CWI_DQPC/UVG-CWI-DQPC/TrumanShow/he/15fps/TrumanShow_UVG-CWI-DQPC_HE_15_0_170_0165.ply,171,171,172,171,0,1
TrumanShow,0166,/gpfs/work3/0/prjs0839/data/UVG_CWI_DQPC/UVG-CWI-DQPC/TrumanShow/cg/15fps/TrumanShow_UVG-CWI-DQPC_CG_15_0_170_0166.ply,/gpfs/work3/0/prjs0839/data/UVG_CWI_DQPC/UVG-CWI-DQPC/TrumanShow/he/15fps/TrumanShow_UVG-CWI-DQPC_HE_15_0_170_0166.ply,171,171,172,171,0,1
TrumanShow,0167,/gpfs/work3/0/prjs0839/data/UVG_CWI_DQPC/UVG-CWI-DQPC/TrumanShow/cg/15fps/TrumanShow_UVG-CWI-DQPC_CG_15_0_170_0167.ply,/gpfs/work3/0/prjs0839/data/UVG_CWI_DQPC/UVG-CWI-DQPC/TrumanShow/he/15fps/TrumanShow_UVG-CWI-DQPC_HE_15_0_170_0167.ply,171,171,172,171,0,1
TrumanShow,0168,/gpfs/work3/0/prjs0839/data/UVG_CWI_DQPC/UVG-CWI-DQPC/TrumanShow/cg/15fps/TrumanShow_UVG-CWI-DQPC_CG_15_0_170_0168.ply,/gpfs/work3/0/prjs0839/data/UVG_CWI_DQPC/UVG-CWI-DQPC/TrumanShow/he/15fps/TrumanShow_UVG-CWI-DQPC_HE_15_0_170_0168.ply,171,171,172,171,0,1
TrumanShow,0169,/gpfs/work3/0/prjs0839/data/UVG_CWI_DQPC/UVG-CWI-DQPC/TrumanShow/cg/15fps/TrumanShow_UVG-CWI-DQPC_CG_15_0_170_0169.ply,/gpfs/work3/0/prjs0839/data/UVG_CWI_DQPC/UVG-CWI-DQPC/TrumanShow/he/15fps/TrumanShow_UVG-CWI-DQPC_HE_15_0_170_0169.ply,171,171,172,171,0,1
TrumanShow,0170,/gpfs/work3/0/prjs0839/data/UVG_CWI_DQPC/UVG-CWI-DQPC/TrumanShow/cg/15fps/TrumanShow_UVG-CWI-DQPC_CG_15_0_170_0170.ply,/gpfs/work3/0/prjs0839/data/UVG_CWI_DQPC/UVG-CWI-DQPC/TrumanShow/he/15fps/TrumanShow_UVG-CWI-DQPC_HE_15_0_170_0170.ply,171,171,172,171,0,1
VictoryHeart,0000,/gpfs/work3/0/prjs0839/data/UVG_CWI_DQPC/UVG-CWI-DQPC/VictoryHeart/cg/15fps/VictoryHeart_UVG-CWI-DQPC_CG_15_0_196_0000.ply,/gpfs/work3/0/prjs0839/data/UVG_CWI_DQPC/UVG-CWI-DQPC/VictoryHeart/he/15fps/VictoryHeart_UVG-CWI-DQPC_HE_15_0_196_0000.ply,197,197,197,197,0,0
VictoryHeart,0001,/gpfs/work3/0/prjs0839/data/UVG_CWI_DQPC/UVG-CWI-DQPC/VictoryHeart/cg/15fps/VictoryHeart_UVG-CWI-DQPC_CG_15_0_196_0001.ply,/gpfs/work3/0/prjs0839/data/UVG_CWI_DQPC/UVG-CWI-DQPC/VictoryHeart/he/15fps/VictoryHeart_UVG-CWI-DQPC_HE_15_0_196_0001.ply,197,197,197,197,0,0
VictoryHeart,0002,/gpfs/work3/0/prjs0839/data/UVG_CWI_DQPC/UVG-CWI-DQPC/VictoryHeart/cg/15fps/VictoryHeart_UVG-CWI-DQPC_CG_15_0_196_0002.ply,/gpfs/work3/0/prjs0839/data/UVG_CWI_DQPC/UVG-CWI-DQPC/VictoryHeart/he/15fps/VictoryHeart_UVG-CWI-DQPC_HE_15_0_196_0002.ply,197,197,197,197,0,0
VictoryHeart,0003,/gpfs/work3/0/prjs0839/data/UVG_CWI_DQPC/UVG-CWI-DQPC/VictoryHeart/cg/15fps/VictoryHeart_UVG-CWI-DQPC_CG_15_0_196_0003.ply,/gpfs/work3/0/prjs0839/data/UVG_CWI_DQPC/UVG-CWI-DQPC/VictoryHeart/he/15fps/VictoryHeart_UVG-CWI-DQPC_HE_15_0_196_0003.ply,197,197,197,197,0,0
VictoryHeart,0004,/gpfs/work3/0/prjs0839/data/UVG_CWI_DQPC/UVG-CWI-DQPC/VictoryHeart/cg/15fps/VictoryHeart_UVG-CWI-DQPC_CG_15_0_196_0004.ply,/gpfs/work3/0/prjs0839/data/UVG_CWI_DQPC/UVG-CWI-DQPC/VictoryHeart/he/15fps/VictoryHeart_UVG-CWI-DQPC_HE_15_0_196_0004.ply,197,197,197,197,0,0
VictoryHeart,0005,/gpfs/work3/0/prjs0839/data/UVG_CWI_DQPC/UVG-CWI-DQPC/VictoryHeart/cg/15fps/VictoryHeart_UVG-CWI-DQPC_CG_15_0_196_0005.ply,/gpfs/work3/0/prjs0839/data/UVG_CWI_DQPC/UVG-CWI-DQPC/VictoryHeart/he/15fps/VictoryHeart_UVG-CWI-DQPC_HE_15_0_196_0005.ply,197,197,197,197,0,0
VictoryHeart,0006,/gpfs/work3/0/prjs0839/data/UVG_CWI_DQPC/UVG-CWI-DQPC/VictoryHeart/cg/15fps/VictoryHeart_UVG-CWI-DQPC_CG_15_0_196_0006.ply,/gpfs/work3/0/prjs0839/data/UVG_CWI_DQPC/UVG-CWI-DQPC/VictoryHeart/he/15fps/VictoryHeart_UVG-CWI-DQPC_HE_15_0_196_0006.ply,197,197,197,197,0,0
VictoryHeart,0007,/gpfs/work3/0/prjs0839/data/UVG_CWI_DQPC/UVG-CWI-DQPC/VictoryHeart/cg/15fps/VictoryHeart_UVG-CWI-DQPC_CG_15_0_196_0007.ply,/gpfs/work3/0/prjs0839/data/UVG_CWI_DQPC/UVG-CWI-DQPC/VictoryHeart/he/15fps/VictoryHeart_UVG-CWI-DQPC_HE_15_0_196_0007.ply,197,197,197,197,0,0
VictoryHeart,0008,/gpfs/work3/0/prjs0839/data/UVG_CWI_DQPC/UVG-CWI-DQPC/VictoryHeart/cg/15fps/VictoryHeart_UVG-CWI-DQPC_CG_15_0_196_0008.ply,/gpfs/work3/0/prjs0839/data/UVG_CWI_DQPC/UVG-CWI-DQPC/VictoryHeart/he/15fps/VictoryHeart_UVG-CWI-DQPC_HE_15_0_196_0008.ply,197,197,197,197,0,0
VictoryHeart,0009,/gpfs/work3/0/prjs0839/data/UVG_CWI_DQPC/UVG-CWI-DQPC/VictoryHeart/cg/15fps/VictoryHeart_UVG-CWI-DQPC_CG_15_0_196_0009.ply,/gpfs/work3/0/prjs0839/data/UVG_CWI_DQPC/UVG-CWI-DQPC/VictoryHeart/he/15fps/VictoryHeart_UVG-CWI-DQPC_HE_15_0_196_0009.ply,197,197,197,197,0,0
VictoryHeart,0010,/gpfs/work3/0/prjs0839/data/UVG_CWI_DQPC/UVG-CWI-DQPC/VictoryHeart/cg/15fps/VictoryHeart_UVG-CWI-DQPC_CG_15_0_196_0010.ply,/gpfs/work3/0/prjs0839/data/UVG_CWI_DQPC/UVG-CWI-DQPC/VictoryHeart/he/15fps/VictoryHeart_UVG-CWI-DQPC_HE_15_0_196_0010.ply,197,197,197,197,0,0
VictoryHeart,0011,/gpfs/work3/0/prjs0839/data/UVG_CWI_DQPC/UVG-CWI-DQPC/VictoryHeart/cg/15fps/VictoryHeart_UVG-CWI-DQPC_CG_15_0_196_0011.ply,/gpfs/work3/0/prjs0839/data/UVG_CWI_DQPC/UVG-CWI-DQPC/VictoryHeart/he/15fps/VictoryHeart_UVG-CWI-DQPC_HE_15_0_196_0011.ply,197,197,197,197,0,0
VictoryHeart,0012,/gpfs/work3/0/prjs0839/data/UVG_CWI_DQPC/UVG-CWI-DQPC/VictoryHeart/cg/15fps/VictoryHeart_UVG-CWI-DQPC_CG_15_0_196_0012.ply,/gpfs/work3/0/prjs0839/data/UVG_CWI_DQPC/UVG-CWI-DQPC/VictoryHeart/he/15fps/VictoryHeart_UVG-CWI-DQPC_HE_15_0_196_0012.ply,197,197,197,197,0,0
VictoryHeart,0013,/gpfs/work3/0/prjs0839/data/UVG_CWI_DQPC/UVG-CWI-DQPC/VictoryHeart/cg/15fps/VictoryHeart_UVG-CWI-DQPC_CG_15_0_196_0013.ply,/gpfs/work3/0/prjs0839/data/UVG_CWI_DQPC/UVG-CWI-DQPC/VictoryHeart/he/15fps/VictoryHeart_UVG-CWI-DQPC_HE_15_0_196_0013.ply,197,197,197,197,0,0
VictoryHeart,0014,/gpfs/work3/0/prjs0839/data/UVG_CWI_DQPC/UVG-CWI-DQPC/VictoryHeart/cg/15fps/VictoryHeart_UVG-CWI-DQPC_CG_15_0_196_0014.ply,/gpfs/work3/0/prjs0839/data/UVG_CWI_DQPC/UVG-CWI-DQPC/VictoryHeart/he/15fps/VictoryHeart_UVG-CWI-DQPC_HE_15_0_196_0014.ply,197,197,197,197,0,0
VictoryHeart,0015,/gpfs/work3/0/prjs0839/data/UVG_CWI_DQPC/UVG-CWI-DQPC/VictoryHeart/cg/15fps/VictoryHeart_UVG-CWI-DQPC_CG_15_0_196_0015.ply,/gpfs/work3/0/prjs0839/data/UVG_CWI_DQPC/UVG-CWI-DQPC/VictoryHeart/he/15fps/VictoryHeart_UVG-CWI-DQPC_HE_15_0_196_0015.ply,197,197,197,197,0,0
VictoryHeart,0016,/gpfs/work3/0/prjs0839/data/UVG_CWI_DQPC/UVG-CWI-DQPC/VictoryHeart/cg/15fps/VictoryHeart_UVG-CWI-DQPC_CG_15_0_196_0016.ply,/gpfs/work3/0/prjs0839/data/UVG_CWI_DQPC/UVG-CWI-DQPC/VictoryHeart/he/15fps/VictoryHeart_UVG-CWI-DQPC_HE_15_0_196_0016.ply,197,197,197,197,0,0
VictoryHeart,0017,/gpfs/work3/0/prjs0839/data/UVG_CWI_DQPC/UVG-CWI-DQPC/VictoryHeart/cg/15fps/VictoryHeart_UVG-CWI-DQPC_CG_15_0_196_0017.ply,/gpfs/work3/0/prjs0839/data/UVG_CWI_DQPC/UVG-CWI-DQPC/VictoryHeart/he/15fps/VictoryHeart_UVG-CWI-DQPC_HE_15_0_196_0017.ply,197,197,197,197,0,0
VictoryHeart,0018,/gpfs/work3/0/prjs0839/data/UVG_CWI_DQPC/UVG-CWI-DQPC/VictoryHeart/cg/15fps/VictoryHeart_UVG-CWI-DQPC_CG_15_0_196_0018.ply,/gpfs/work3/0/prjs0839/data/UVG_CWI_DQPC/UVG-CWI-DQPC/VictoryHeart/he/15fps/VictoryHeart_UVG-CWI-DQPC_HE_15_0_196_0018.ply,197,197,197,197,0,0
VictoryHeart,0019,/gpfs/work3/0/prjs0839/data/UVG_CWI_DQPC/UVG-CWI-DQPC/VictoryHeart/cg/15fps/VictoryHeart_UVG-CWI-DQPC_CG_15_0_196_0019.ply,/gpfs/work3/0/prjs0839/data/UVG_CWI_DQPC/UVG-CWI-DQPC/VictoryHeart/he/15fps/VictoryHeart_UVG-CWI-DQPC_HE_15_0_196_0019.ply,197,197,197,197,0,0
VictoryHeart,0020,/gpfs/work3/0/prjs0839/data/UVG_CWI_DQPC/UVG-CWI-DQPC/VictoryHeart/cg/15fps/VictoryHeart_UVG-CWI-DQPC_CG_15_0_196_0020.ply,/gpfs/work3/0/prjs0839/data/UVG_CWI_DQPC/UVG-CWI-DQPC/VictoryHeart/he/15fps/VictoryHeart_UVG-CWI-DQPC_HE_15_0_196_0020.ply,197,197,197,197,0,0
VictoryHeart,0021,/gpfs/work3/0/prjs0839/data/UVG_CWI_DQPC/UVG-CWI-DQPC/VictoryHeart/cg/15fps/VictoryHeart_UVG-CWI-DQPC_CG_15_0_196_0021.ply,/gpfs/work3/0/prjs0839/data/UVG_CWI_DQPC/UVG-CWI-DQPC/VictoryHeart/he/15fps/VictoryHeart_UVG-CWI-DQPC_HE_15_0_196_0021.ply,197,197,197,197,0,0
VictoryHeart,0022,/gpfs/work3/0/prjs0839/data/UVG_CWI_DQPC/UVG-CWI-DQPC/VictoryHeart/cg/15fps/VictoryHeart_UVG-CWI-DQPC_CG_15_0_196_0022.ply,/gpfs/work3/0/prjs0839/data/UVG_CWI_DQPC/UVG-CWI-DQPC/VictoryHeart/he/15fps/VictoryHeart_UVG-CWI-DQPC_HE_15_0_196_0022.ply,197,197,197,197,0,0
VictoryHeart,0023,/gpfs/work3/0/prjs0839/data/UVG_CWI_DQPC/UVG-CWI-DQPC/VictoryHeart/cg/15fps/VictoryHeart_UVG-CWI-DQPC_CG_15_0_196_0023.ply,/gpfs/work3/0/prjs0839/data/UVG_CWI_DQPC/UVG-CWI-DQPC/VictoryHeart/he/15fps/VictoryHeart_UVG-CWI-DQPC_HE_15_0_196_0023.ply,197,197,197,197,0,0
VictoryHeart,0024,/gpfs/work3/0/prjs0839/data/UVG_CWI_DQPC/UVG-CWI-DQPC/VictoryHeart/cg/15fps/VictoryHeart_UVG-CWI-DQPC_CG_15_0_196_0024.ply,/gpfs/work3/0/prjs0839/data/UVG_CWI_DQPC/UVG-CWI-DQPC/VictoryHeart/he/15fps/VictoryHeart_UVG-CWI-DQPC_HE_15_0_196_0024.ply,197,197,197,197,0,0
VictoryHeart,0025,/gpfs/work3/0/prjs0839/data/UVG_CWI_DQPC/UVG-CWI-DQPC/VictoryHeart/cg/15fps/VictoryHeart_UVG-CWI-DQPC_CG_15_0_196_0025.ply,/gpfs/work3/0/prjs0839/data/UVG_CWI_DQPC/UVG-CWI-DQPC/VictoryHeart/he/15fps/VictoryHeart_UVG-CWI-DQPC_HE_15_0_196_0025.ply,197,197,197,197,0,0
VictoryHeart,0026,/gpfs/work3/0/prjs0839/data/UVG_CWI_DQPC/UVG-CWI-DQPC/VictoryHeart/cg/15fps/VictoryHeart_UVG-CWI-DQPC_CG_15_0_196_0026.ply,/gpfs/work3/0/prjs0839/data/UVG_CWI_DQPC/UVG-CWI-DQPC/VictoryHeart/he/15fps/VictoryHeart_UVG-CWI-DQPC_HE_15_0_196_0026.ply,197,197,197,197,0,0
VictoryHeart,0027,/gpfs/work3/0/prjs0839/data/UVG_CWI_DQPC/UVG-CWI-DQPC/VictoryHeart/cg/15fps/VictoryHeart_UVG-CWI-DQPC_CG_15_0_196_0027.ply,/gpfs/work3/0/prjs0839/data/UVG_CWI_DQPC/UVG-CWI-DQPC/VictoryHeart/he/15fps/VictoryHeart_UVG-CWI-DQPC_HE_15_0_196_0027.ply,197,197,197,197,0,0
VictoryHeart,0028,/gpfs/work3/0/prjs0839/data/UVG_CWI_DQPC/UVG-CWI-DQPC/VictoryHeart/cg/15fps/VictoryHeart_UVG-CWI-DQPC_CG_15_0_196_0028.ply,/gpfs/work3/0/prjs0839/data/UVG_CWI_DQPC/UVG-CWI-DQPC/VictoryHeart/he/15fps/VictoryHeart_UVG-CWI-DQPC_HE_15_0_196_0028.ply,197,197,197,197,0,0
VictoryHeart,0029,/gpfs/work3/0/prjs0839/data/UVG_CWI_DQPC/UVG-CWI-DQPC/VictoryHeart/cg/15fps/VictoryHeart_UVG-CWI-DQPC_CG_15_0_196_0029.ply,/gpfs/work3/0/prjs0839/data/UVG_CWI_DQPC/UVG-CWI-DQPC/VictoryHeart/he/15fps/VictoryHeart_UVG-CWI-DQPC_HE_15_0_196_0029.ply,197,197,197,197,0,0
VictoryHeart,0030,/gpfs/work3/0/prjs0839/data/UVG_CWI_DQPC/UVG-CWI-DQPC/VictoryHeart/cg/15fps/VictoryHeart_UVG-CWI-DQPC_CG_15_0_196_0030.ply,/gpfs/work3/0/prjs0839/data/UVG_CWI_DQPC/UVG-CWI-DQPC/VictoryHeart/he/15fps/VictoryHeart_UVG-CWI-DQPC_HE_15_0_196_0030.ply,197,197,197,197,0,0
VictoryHeart,0031,/gpfs/work3/0/prjs0839/data/UVG_CWI_DQPC/UVG-CWI-DQPC/VictoryHeart/cg/15fps/VictoryHeart_UVG-CWI-DQPC_CG_15_0_196_0031.ply,/gpfs/work3/0/prjs0839/data/UVG_CWI_DQPC/UVG-CWI-DQPC/VictoryHeart/he/15fps/VictoryHeart_UVG-CWI-DQPC_HE_15_0_196_0031.ply,197,197,197,197,0,0
VictoryHeart,0032,/gpfs/work3/0/prjs0839/data/UVG_CWI_DQPC/UVG-CWI-DQPC/VictoryHeart/cg/15fps/VictoryHeart_UVG-CWI-DQPC_CG_15_0_196_0032.ply,/gpfs/work3/0/prjs0839/data/UVG_CWI_DQPC/UVG-CWI-DQPC/VictoryHeart/he/15fps/VictoryHeart_UVG-CWI-DQPC_HE_15_0_196_0032.ply,197,197,197,197,0,0
VictoryHeart,0033,/gpfs/work3/0/prjs0839/data/UVG_CWI_DQPC/UVG-CWI-DQPC/VictoryHeart/cg/15fps/VictoryHeart_UVG-CWI-DQPC_CG_15_0_196_0033.ply,/gpfs/work3/0/prjs0839/data/UVG_CWI_DQPC/UVG-CWI-DQPC/VictoryHeart/he/15fps/VictoryHeart_UVG-CWI-DQPC_HE_15_0_196_0033.ply,197,197,197,197,0,0
VictoryHeart,0034,/gpfs/work3/0/prjs0839/data/UVG_CWI_DQPC/UVG-CWI-DQPC/VictoryHeart/cg/15fps/VictoryHeart_UVG-CWI-DQPC_CG_15_0_196_0034.ply,/gpfs/work3/0/prjs0839/data/UVG_CWI_DQPC/UVG-CWI-DQPC/VictoryHeart/he/15fps/VictoryHeart_UVG-CWI-DQPC_HE_15_0_196_0034.ply,197,197,197,197,0,0
VictoryHeart,0035,/gpfs/work3/0/prjs0839/data/UVG_CWI_DQPC/UVG-CWI-DQPC/VictoryHeart/cg/15fps/VictoryHeart_UVG-CWI-DQPC_CG_15_0_196_0035.ply,/gpfs/work3/0/prjs0839/data/UVG_CWI_DQPC/UVG-CWI-DQPC/VictoryHeart/he/15fps/VictoryHeart_UVG-CWI-DQPC_HE_15_0_196_0035.ply,197,197,197,197,0,0
VictoryHeart,0036,/gpfs/work3/0/prjs0839/data/UVG_CWI_DQPC/UVG-CWI-DQPC/VictoryHeart/cg/15fps/VictoryHeart_UVG-CWI-DQPC_CG_15_0_196_0036.ply,/gpfs/work3/0/prjs0839/data/UVG_CWI_DQPC/UVG-CWI-DQPC/VictoryHeart/he/15fps/VictoryHeart_UVG-CWI-DQPC_HE_15_0_196_0036.ply,197,197,197,197,0,0
VictoryHeart,0037,/gpfs/work3/0/prjs0839/data/UVG_CWI_DQPC/UVG-CWI-DQPC/VictoryHeart/cg/15fps/VictoryHeart_UVG-CWI-DQPC_CG_15_0_196_0037.ply,/gpfs/work3/0/prjs0839/data/UVG_CWI_DQPC/UVG-CWI-DQPC/VictoryHeart/he/15fps/VictoryHeart_UVG-CWI-DQPC_HE_15_0_196_0037.ply,197,197,197,197,0,0
VictoryHeart,0038,/gpfs/work3/0/prjs0839/data/UVG_CWI_DQPC/UVG-CWI-DQPC/VictoryHeart/cg/15fps/VictoryHeart_UVG-CWI-DQPC_CG_15_0_196_0038.ply,/gpfs/work3/0/prjs0839/data/UVG_CWI_DQPC/UVG-CWI-DQPC/VictoryHeart/he/15fps/VictoryHeart_UVG-CWI-DQPC_HE_15_0_196_0038.ply,197,197,197,197,0,0
VictoryHeart,0039,/gpfs/work3/0/prjs0839/data/UVG_CWI_DQPC/UVG-CWI-DQPC/VictoryHeart/cg/15fps/VictoryHeart_UVG-CWI-DQPC_CG_15_0_196_0039.ply,/gpfs/work3/0/prjs0839/data/UVG_CWI_DQPC/UVG-CWI-DQPC/VictoryHeart/he/15fps/VictoryHeart_UVG-CWI-DQPC_HE_15_0_196_0039.ply,197,197,197,197,0,0
VictoryHeart,0040,/gpfs/work3/0/prjs0839/data/UVG_CWI_DQPC/UVG-CWI-DQPC/VictoryHeart/cg/15fps/VictoryHeart_UVG-CWI-DQPC_CG_15_0_196_0040.ply,/gpfs/work3/0/prjs0839/data/UVG_CWI_DQPC/UVG-CWI-DQPC/VictoryHeart/he/15fps/VictoryHeart_UVG-CWI-DQPC_HE_15_0_196_0040.ply,197,197,197,197,0,0
VictoryHeart,0041,/gpfs/work3/0/prjs0839/data/UVG_CWI_DQPC/UVG-CWI-DQPC/VictoryHeart/cg/15fps/VictoryHeart_UVG-CWI-DQPC_CG_15_0_196_0041.ply,/gpfs/work3/0/prjs0839/data/UVG_CWI_DQPC/UVG-CWI-DQPC/VictoryHeart/he/15fps/VictoryHeart_UVG-CWI-DQPC_HE_15_0_196_0041.ply,197,197,197,197,0,0
VictoryHeart,0042,/gpfs/work3/0/prjs0839/data/UVG_CWI_DQPC/UVG-CWI-DQPC/VictoryHeart/cg/15fps/VictoryHeart_UVG-CWI-DQPC_CG_15_0_196_0042.ply,/gpfs/work3/0/prjs0839/data/UVG_CWI_DQPC/UVG-CWI-DQPC/VictoryHeart/he/15fps/VictoryHeart_UVG-CWI-DQPC_HE_15_0_196_0042.ply,197,197,197,197,0,0
VictoryHeart,0043,/gpfs/work3/0/prjs0839/data/UVG_CWI_DQPC/UVG-CWI-DQPC/VictoryHeart/cg/15fps/VictoryHeart_UVG-CWI-DQPC_CG_15_0_196_0043.ply,/gpfs/work3/0/prjs0839/data/UVG_CWI_DQPC/UVG-CWI-DQPC/VictoryHeart/he/15fps/VictoryHeart_UVG-CWI-DQPC_HE_15_0_196_0043.ply,197,197,197,197,0,0
VictoryHeart,0044,/gpfs/work3/0/prjs0839/data/UVG_CWI_DQPC/UVG-CWI-DQPC/VictoryHeart/cg/15fps/VictoryHeart_UVG-CWI-DQPC_CG_15_0_196_0044.ply,/gpfs/work3/0/prjs0839/data/UVG_CWI_DQPC/UVG-CWI-DQPC/VictoryHeart/he/15fps/VictoryHeart_UVG-CWI-DQPC_HE_15_0_196_0044.ply,197,197,197,197,0,0
VictoryHeart,0045,/gpfs/work3/0/prjs0839/data/UVG_CWI_DQPC/UVG-CWI-DQPC/VictoryHeart/cg/15fps/VictoryHeart_UVG-CWI-DQPC_CG_15_0_196_0045.ply,/gpfs/work3/0/prjs0839/data/UVG_CWI_DQPC/UVG-CWI-DQPC/VictoryHeart/he/15fps/VictoryHeart_UVG-CWI-DQPC_HE_15_0_196_0045.ply,197,197,197,197,0,0
VictoryHeart,0046,/gpfs/work3/0/prjs0839/data/UVG_CWI_DQPC/UVG-CWI-DQPC/VictoryHeart/cg/15fps/VictoryHeart_UVG-CWI-DQPC_CG_15_0_196_0046.ply,/gpfs/work3/0/prjs0839/data/UVG_CWI_DQPC/UVG-CWI-DQPC/VictoryHeart/he/15fps/VictoryHeart_UVG-CWI-DQPC_HE_15_0_196_0046.ply,197,197,197,197,0,0
VictoryHeart,0047,/gpfs/work3/0/prjs0839/data/UVG_CWI_DQPC/UVG-CWI-DQPC/VictoryHeart/cg/15fps/VictoryHeart_UVG-CWI-DQPC_CG_15_0_196_0047.ply,/gpfs/work3/0/prjs0839/data/UVG_CWI_DQPC/UVG-CWI-DQPC/VictoryHeart/he/15fps/VictoryHeart_UVG-CWI-DQPC_HE_15_0_196_0047.ply,197,197,197,197,0,0
VictoryHeart,0048,/gpfs/work3/0/prjs0839/data/UVG_CWI_DQPC/UVG-CWI-DQPC/VictoryHeart/cg/15fps/VictoryHeart_UVG-CWI-DQPC_CG_15_0_196_0048.ply,/gpfs/work3/0/prjs0839/data/UVG_CWI_DQPC/UVG-CWI-DQPC/VictoryHeart/he/15fps/VictoryHeart_UVG-CWI-DQPC_HE_15_0_196_0048.ply,197,197,197,197,0,0
VictoryHeart,0049,/gpfs/work3/0/prjs0839/data/UVG_CWI_DQPC/UVG-CWI-DQPC/VictoryHeart/cg/15fps/VictoryHeart_UVG-CWI-DQPC_CG_15_0_196_0049.ply,/gpfs/work3/0/prjs0839/data/UVG_CWI_DQPC/UVG-CWI-DQPC/VictoryHeart/he/15fps/VictoryHeart_UVG-CWI-DQPC_HE_15_0_196_0049.ply,197,197,197,197,0,0
VictoryHeart,0050,/gpfs/work3/0/prjs0839/data/UVG_CWI_DQPC/UVG-CWI-DQPC/VictoryHeart/cg/15fps/VictoryHeart_UVG-CWI-DQPC_CG_15_0_196_0050.ply,/gpfs/work3/0/prjs0839/data/UVG_CWI_DQPC/UVG-CWI-DQPC/VictoryHeart/he/15fps/VictoryHeart_UVG-CWI-DQPC_HE_15_0_196_0050.ply,197,197,197,197,0,0
VictoryHeart,0051,/gpfs/work3/0/prjs0839/data/UVG_CWI_DQPC/UVG-CWI-DQPC/VictoryHeart/cg/15fps/VictoryHeart_UVG-CWI-DQPC_CG_15_0_196_0051.ply,/gpfs/work3/0/prjs0839/data/UVG_CWI_DQPC/UVG-CWI-DQPC/VictoryHeart/he/15fps/VictoryHeart_UVG-CWI-DQPC_HE_15_0_196_0051.ply,197,197,197,197,0,0
VictoryHeart,0052,/gpfs/work3/0/prjs0839/data/UVG_CWI_DQPC/UVG-CWI-DQPC/VictoryHeart/cg/15fps/VictoryHeart_UVG-CWI-DQPC_CG_15_0_196_0052.ply,/gpfs/work3/0/prjs0839/data/UVG_CWI_DQPC/UVG-CWI-DQPC/VictoryHeart/he/15fps/VictoryHeart_UVG-CWI-DQPC_HE_15_0_196_0052.ply,197,197,197,197,0,0
VictoryHeart,0053,/gpfs/work3/0/prjs0839/data/UVG_CWI_DQPC/UVG-CWI-DQPC/VictoryHeart/cg/15fps/VictoryHeart_UVG-CWI-DQPC_CG_15_0_196_0053.ply,/gpfs/work3/0/prjs0839/data/UVG_CWI_DQPC/UVG-CWI-DQPC/VictoryHeart/he/15fps/VictoryHeart_UVG-CWI-DQPC_HE_15_0_196_0053.ply,197,197,197,197,0,0
VictoryHeart,0054,/gpfs/work3/0/prjs0839/data/UVG_CWI_DQPC/UVG-CWI-DQPC/VictoryHeart/cg/15fps/VictoryHeart_UVG-CWI-DQPC_CG_15_0_196_0054.ply,/gpfs/work3/0/prjs0839/data/UVG_CWI_DQPC/UVG-CWI-DQPC/VictoryHeart/he/15fps/VictoryHeart_UVG-CWI-DQPC_HE_15_0_196_0054.ply,197,197,197,197,0,0
VictoryHeart,0055,/gpfs/work3/0/prjs0839/data/UVG_CWI_DQPC/UVG-CWI-DQPC/VictoryHeart/cg/15fps/VictoryHeart_UVG-CWI-DQPC_CG_15_0_196_0055.ply,/gpfs/work3/0/prjs0839/data/UVG_CWI_DQPC/UVG-CWI-DQPC/VictoryHeart/he/15fps/VictoryHeart_UVG-CWI-DQPC_HE_15_0_196_0055.ply,197,197,197,197,0,0
VictoryHeart,0056,/gpfs/work3/0/prjs0839/data/UVG_CWI_DQPC/UVG-CWI-DQPC/VictoryHeart/cg/15fps/VictoryHeart_UVG-CWI-DQPC_CG_15_0_196_0056.ply,/gpfs/work3/0/prjs0839/data/UVG_CWI_DQPC/UVG-CWI-DQPC/VictoryHeart/he/15fps/VictoryHeart_UVG-CWI-DQPC_HE_15_0_196_0056.ply,197,197,197,197,0,0
VictoryHeart,0057,/gpfs/work3/0/prjs0839/data/UVG_CWI_DQPC/UVG-CWI-DQPC/VictoryHeart/cg/15fps/VictoryHeart_UVG-CWI-DQPC_CG_15_0_196_0057.ply,/gpfs/work3/0/prjs0839/data/UVG_CWI_DQPC/UVG-CWI-DQPC/VictoryHeart/he/15fps/VictoryHeart_UVG-CWI-DQPC_HE_15_0_196_0057.ply,197,197,197,197,0,0
VictoryHeart,0058,/gpfs/work3/0/prjs0839/data/UVG_CWI_DQPC/UVG-CWI-DQPC/VictoryHeart/cg/15fps/VictoryHeart_UVG-CWI-DQPC_CG_15_0_196_0058.ply,/gpfs/work3/0/prjs0839/data/UVG_CWI_DQPC/UVG-CWI-DQPC/VictoryHeart/he/15fps/VictoryHeart_UVG-CWI-DQPC_HE_15_0_196_0058.ply,197,197,197,197,0,0
VictoryHeart,0059,/gpfs/work3/0/prjs0839/data/UVG_CWI_DQPC/UVG-CWI-DQPC/VictoryHeart/cg/15fps/VictoryHeart_UVG-CWI-DQPC_CG_15_0_196_0059.ply,/gpfs/work3/0/prjs0839/data/UVG_CWI_DQPC/UVG-CWI-DQPC/VictoryHeart/he/15fps/VictoryHeart_UVG-CWI-DQPC_HE_15_0_196_0059.ply,197,197,197,197,0,0
VictoryHeart,0060,/gpfs/work3/0/prjs0839/data/UVG_CWI_DQPC/UVG-CWI-DQPC/VictoryHeart/cg/15fps/VictoryHeart_UVG-CWI-DQPC_CG_15_0_196_0060.ply,/gpfs/work3/0/prjs0839/data/UVG_CWI_DQPC/UVG-CWI-DQPC/VictoryHeart/he/15fps/VictoryHeart_UVG-CWI-DQPC_HE_15_0_196_0060.ply,197,197,197,197,0,0
VictoryHeart,0061,/gpfs/work3/0/prjs0839/data/UVG_CWI_DQPC/UVG-CWI-DQPC/VictoryHeart/cg/15fps/VictoryHeart_UVG-CWI-DQPC_CG_15_0_196_0061.ply,/gpfs/work3/0/prjs0839/data/UVG_CWI_DQPC/UVG-CWI-DQPC/VictoryHeart/he/15fps/VictoryHeart_UVG-CWI-DQPC_HE_15_0_196_0061.ply,197,197,197,197,0,0
VictoryHeart,0062,/gpfs/work3/0/prjs0839/data/UVG_CWI_DQPC/UVG-CWI-DQPC/VictoryHeart/cg/15fps/VictoryHeart_UVG-CWI-DQPC_CG_15_0_196_0062.ply,/gpfs/work3/0/prjs0839/data/UVG_CWI_DQPC/UVG-CWI-DQPC/VictoryHeart/he/15fps/VictoryHeart_UVG-CWI-DQPC_HE_15_0_196_0062.ply,197,197,197,197,0,0
VictoryHeart,0063,/gpfs/work3/0/prjs0839/data/UVG_CWI_DQPC/UVG-CWI-DQPC/VictoryHeart/cg/15fps/VictoryHeart_UVG-CWI-DQPC_CG_15_0_196_0063.ply,/gpfs/work3/0/prjs0839/data/UVG_CWI_DQPC/UVG-CWI-DQPC/VictoryHeart/he/15fps/VictoryHeart_UVG-CWI-DQPC_HE_15_0_196_0063.ply,197,197,197,197,0,0
VictoryHeart,0064,/gpfs/work3/0/prjs0839/data/UVG_CWI_DQPC/UVG-CWI-DQPC/VictoryHeart/cg/15fps/VictoryHeart_UVG-CWI-DQPC_CG_15_0_196_0064.ply,/gpfs/work3/0/prjs0839/data/UVG_CWI_DQPC/UVG-CWI-DQPC/VictoryHeart/he/15fps/VictoryHeart_UVG-CWI-DQPC_HE_15_0_196_0064.ply,197,197,197,197,0,0
VictoryHeart,0065,/gpfs/work3/0/prjs0839/data/UVG_CWI_DQPC/UVG-CWI-DQPC/VictoryHeart/cg/15fps/VictoryHeart_UVG-CWI-DQPC_CG_15_0_196_0065.ply,/gpfs/work3/0/prjs0839/data/UVG_CWI_DQPC/UVG-CWI-DQPC/VictoryHeart/he/15fps/VictoryHeart_UVG-CWI-DQPC_HE_15_0_196_0065.ply,197,197,197,197,0,0
VictoryHeart,0066,/gpfs/work3/0/prjs0839/data/UVG_CWI_DQPC/UVG-CWI-DQPC/VictoryHeart/cg/15fps/VictoryHeart_UVG-CWI-DQPC_CG_15_0_196_0066.ply,/gpfs/work3/0/prjs0839/data/UVG_CWI_DQPC/UVG-CWI-DQPC/VictoryHeart/he/15fps/VictoryHeart_UVG-CWI-DQPC_HE_15_0_196_0066.ply,197,197,197,197,0,0
VictoryHeart,0067,/gpfs/work3/0/prjs0839/data/UVG_CWI_DQPC/UVG-CWI-DQPC/VictoryHeart/cg/15fps/VictoryHeart_UVG-CWI-DQPC_CG_15_0_196_0067.ply,/gpfs/work3/0/prjs0839/data/UVG_CWI_DQPC/UVG-CWI-DQPC/VictoryHeart/he/15fps/VictoryHeart_UVG-CWI-DQPC_HE_15_0_196_0067.ply,197,197,197,197,0,0
VictoryHeart,0068,/gpfs/work3/0/prjs0839/data/UVG_CWI_DQPC/UVG-CWI-DQPC/VictoryHeart/cg/15fps/VictoryHeart_UVG-CWI-DQPC_CG_15_0_196_0068.ply,/gpfs/work3/0/prjs0839/data/UVG_CWI_DQPC/UVG-CWI-DQPC/VictoryHeart/he/15fps/VictoryHeart_UVG-CWI-DQPC_HE_15_0_196_0068.ply,197,197,197,197,0,0
VictoryHeart,0069,/gpfs/work3/0/prjs0839/data/UVG_CWI_DQPC/UVG-CWI-DQPC/VictoryHeart/cg/15fps/VictoryHeart_UVG-CWI-DQPC_CG_15_0_196_0069.ply,/gpfs/work3/0/prjs0839/data/UVG_CWI_DQPC/UVG-CWI-DQPC/VictoryHeart/he/15fps/VictoryHeart_UVG-CWI-DQPC_HE_15_0_196_0069.ply,197,197,197,197,0,0
VictoryHeart,0070,/gpfs/work3/0/prjs0839/data/UVG_CWI_DQPC/UVG-CWI-DQPC/VictoryHeart/cg/15fps/VictoryHeart_UVG-CWI-DQPC_CG_15_0_196_0070.ply,/gpfs/work3/0/prjs0839/data/UVG_CWI_DQPC/UVG-CWI-DQPC/VictoryHeart/he/15fps/VictoryHeart_UVG-CWI-DQPC_HE_15_0_196_0070.ply,197,197,197,197,0,0
VictoryHeart,0071,/gpfs/work3/0/prjs0839/data/UVG_CWI_DQPC/UVG-CWI-DQPC/VictoryHeart/cg/15fps/VictoryHeart_UVG-CWI-DQPC_CG_15_0_196_0071.ply,/gpfs/work3/0/prjs0839/data/UVG_CWI_DQPC/UVG-CWI-DQPC/VictoryHeart/he/15fps/VictoryHeart_UVG-CWI-DQPC_HE_15_0_196_0071.ply,197,197,197,197,0,0
VictoryHeart,0072,/gpfs/work3/0/prjs0839/data/UVG_CWI_DQPC/UVG-CWI-DQPC/VictoryHeart/cg/15fps/VictoryHeart_UVG-CWI-DQPC_CG_15_0_196_0072.ply,/gpfs/work3/0/prjs0839/data/UVG_CWI_DQPC/UVG-CWI-DQPC/VictoryHeart/he/15fps/VictoryHeart_UVG-CWI-DQPC_HE_15_0_196_0072.ply,197,197,197,197,0,0
VictoryHeart,0073,/gpfs/work3/0/prjs0839/data/UVG_CWI_DQPC/UVG-CWI-DQPC/VictoryHeart/cg/15fps/VictoryHeart_UVG-CWI-DQPC_CG_15_0_196_0073.ply,/gpfs/work3/0/prjs0839/data/UVG_CWI_DQPC/UVG-CWI-DQPC/VictoryHeart/he/15fps/VictoryHeart_UVG-CWI-DQPC_HE_15_0_196_0073.ply,197,197,197,197,0,0
VictoryHeart,0074,/gpfs/work3/0/prjs0839/data/UVG_CWI_DQPC/UVG-CWI-DQPC/VictoryHeart/cg/15fps/VictoryHeart_UVG-CWI-DQPC_CG_15_0_196_0074.ply,/gpfs/work3/0/prjs0839/data/UVG_CWI_DQPC/UVG-CWI-DQPC/VictoryHeart/he/15fps/VictoryHeart_UVG-CWI-DQPC_HE_15_0_196_0074.ply,197,197,197,197,0,0
VictoryHeart,0075,/gpfs/work3/0/prjs0839/data/UVG_CWI_DQPC/UVG-CWI-DQPC/VictoryHeart/cg/15fps/VictoryHeart_UVG-CWI-DQPC_CG_15_0_196_0075.ply,/gpfs/work3/0/prjs0839/data/UVG_CWI_DQPC/UVG-CWI-DQPC/VictoryHeart/he/15fps/VictoryHeart_UVG-CWI-DQPC_HE_15_0_196_0075.ply,197,197,197,197,0,0
VictoryHeart,0076,/gpfs/work3/0/prjs0839/data/UVG_CWI_DQPC/UVG-CWI-DQPC/VictoryHeart/cg/15fps/VictoryHeart_UVG-CWI-DQPC_CG_15_0_196_0076.ply,/gpfs/work3/0/prjs0839/data/UVG_CWI_DQPC/UVG-CWI-DQPC/VictoryHeart/he/15fps/VictoryHeart_UVG-CWI-DQPC_HE_15_0_196_0076.ply,197,197,197,197,0,0
VictoryHeart,0077,/gpfs/work3/0/prjs0839/data/UVG_CWI_DQPC/UVG-CWI-DQPC/VictoryHeart/cg/15fps/VictoryHeart_UVG-CWI-DQPC_CG_15_0_196_0077.ply,/gpfs/work3/0/prjs0839/data/UVG_CWI_DQPC/UVG-CWI-DQPC/VictoryHeart/he/15fps/VictoryHeart_UVG-CWI-DQPC_HE_15_0_196_0077.ply,197,197,197,197,0,0
VictoryHeart,0078,/gpfs/work3/0/prjs0839/data/UVG_CWI_DQPC/UVG-CWI-DQPC/VictoryHeart/cg/15fps/VictoryHeart_UVG-CWI-DQPC_CG_15_0_196_0078.ply,/gpfs/work3/0/prjs0839/data/UVG_CWI_DQPC/UVG-CWI-DQPC/VictoryHeart/he/15fps/VictoryHeart_UVG-CWI-DQPC_HE_15_0_196_0078.ply,197,197,197,197,0,0
VictoryHeart,0079,/gpfs/work3/0/prjs0839/data/UVG_CWI_DQPC/UVG-CWI-DQPC/VictoryHeart/cg/15fps/VictoryHeart_UVG-CWI-DQPC_CG_15_0_196_0079.ply,/gpfs/work3/0/prjs0839/data/UVG_CWI_DQPC/UVG-CWI-DQPC/VictoryHeart/he/15fps/VictoryHeart_UVG-CWI-DQPC_HE_15_0_196_0079.ply,197,197,197,197,0,0
VictoryHeart,0080,/gpfs/work3/0/prjs0839/data/UVG_CWI_DQPC/UVG-CWI-DQPC/VictoryHeart/cg/15fps/VictoryHeart_UVG-CWI-DQPC_CG_15_0_196_0080.ply,/gpfs/work3/0/prjs0839/data/UVG_CWI_DQPC/UVG-CWI-DQPC/VictoryHeart/he/15fps/VictoryHeart_UVG-CWI-DQPC_HE_15_0_196_0080.ply,197,197,197,197,0,0
VictoryHeart,0081,/gpfs/work3/0/prjs0839/data/UVG_CWI_DQPC/UVG-CWI-DQPC/VictoryHeart/cg/15fps/VictoryHeart_UVG-CWI-DQPC_CG_15_0_196_0081.ply,/gpfs/work3/0/prjs0839/data/UVG_CWI_DQPC/UVG-CWI-DQPC/VictoryHeart/he/15fps/VictoryHeart_UVG-CWI-DQPC_HE_15_0_196_0081.ply,197,197,197,197,0,0
VictoryHeart,0082,/gpfs/work3/0/prjs0839/data/UVG_CWI_DQPC/UVG-CWI-DQPC/VictoryHeart/cg/15fps/VictoryHeart_UVG-CWI-DQPC_CG_15_0_196_0082.ply,/gpfs/work3/0/prjs0839/data/UVG_CWI_DQPC/UVG-CWI-DQPC/VictoryHeart/he/15fps/VictoryHeart_UVG-CWI-DQPC_HE_15_0_196_0082.ply,197,197,197,197,0,0
VictoryHeart,0083,/gpfs/work3/0/prjs0839/data/UVG_CWI_DQPC/UVG-CWI-DQPC/VictoryHeart/cg/15fps/VictoryHeart_UVG-CWI-DQPC_CG_15_0_196_0083.ply,/gpfs/work3/0/prjs0839/data/UVG_CWI_DQPC/UVG-CWI-DQPC/VictoryHeart/he/15fps/VictoryHeart_UVG-CWI-DQPC_HE_15_0_196_0083.ply,197,197,197,197,0,0
VictoryHeart,0084,/gpfs/work3/0/prjs0839/data/UVG_CWI_DQPC/UVG-CWI-DQPC/VictoryHeart/cg/15fps/VictoryHeart_UVG-CWI-DQPC_CG_15_0_196_0084.ply,/gpfs/work3/0/prjs0839/data/UVG_CWI_DQPC/UVG-CWI-DQPC/VictoryHeart/he/15fps/VictoryHeart_UVG-CWI-DQPC_HE_15_0_196_0084.ply,197,197,197,197,0,0
VictoryHeart,0085,/gpfs/work3/0/prjs0839/data/UVG_CWI_DQPC/UVG-CWI-DQPC/VictoryHeart/cg/15fps/VictoryHeart_UVG-CWI-DQPC_CG_15_0_196_0085.ply,/gpfs/work3/0/prjs0839/data/UVG_CWI_DQPC/UVG-CWI-DQPC/VictoryHeart/he/15fps/VictoryHeart_UVG-CWI-DQPC_HE_15_0_196_0085.ply,197,197,197,197,0,0
VictoryHeart,0086,/gpfs/work3/0/prjs0839/data/UVG_CWI_DQPC/UVG-CWI-DQPC/VictoryHeart/cg/15fps/VictoryHeart_UVG-CWI-DQPC_CG_15_0_196_0086.ply,/gpfs/work3/0/prjs0839/data/UVG_CWI_DQPC/UVG-CWI-DQPC/VictoryHeart/he/15fps/VictoryHeart_UVG-CWI-DQPC_HE_15_0_196_0086.ply,197,197,197,197,0,0
VictoryHeart,0087,/gpfs/work3/0/prjs0839/data/UVG_CWI_DQPC/UVG-CWI-DQPC/VictoryHeart/cg/15fps/VictoryHeart_UVG-CWI-DQPC_CG_15_0_196_0087.ply,/gpfs/work3/0/prjs0839/data/UVG_CWI_DQPC/UVG-CWI-DQPC/VictoryHeart/he/15fps/VictoryHeart_UVG-CWI-DQPC_HE_15_0_196_0087.ply,197,197,197,197,0,0
VictoryHeart,0088,/gpfs/work3/0/prjs0839/data/UVG_CWI_DQPC/UVG-CWI-DQPC/VictoryHeart/cg/15fps/VictoryHeart_UVG-CWI-DQPC_CG_15_0_196_0088.ply,/gpfs/work3/0/prjs0839/data/UVG_CWI_DQPC/UVG-CWI-DQPC/VictoryHeart/he/15fps/VictoryHeart_UVG-CWI-DQPC_HE_15_0_196_0088.ply,197,197,197,197,0,0
VictoryHeart,0089,/gpfs/work3/0/prjs0839/data/UVG_CWI_DQPC/UVG-CWI-DQPC/VictoryHeart/cg/15fps/VictoryHeart_UVG-CWI-DQPC_CG_15_0_196_0089.ply,/gpfs/work3/0/prjs0839/data/UVG_CWI_DQPC/UVG-CWI-DQPC/VictoryHeart/he/15fps/VictoryHeart_UVG-CWI-DQPC_HE_15_0_196_0089.ply,197,197,197,197,0,0
VictoryHeart,0090,/gpfs/work3/0/prjs0839/data/UVG_CWI_DQPC/UVG-CWI-DQPC/VictoryHeart/cg/15fps/VictoryHeart_UVG-CWI-DQPC_CG_15_0_196_0090.ply,/gpfs/work3/0/prjs0839/data/UVG_CWI_DQPC/UVG-CWI-DQPC/VictoryHeart/he/15fps/VictoryHeart_UVG-CWI-DQPC_HE_15_0_196_0090.ply,197,197,197,197,0,0
VictoryHeart,0091,/gpfs/work3/0/prjs0839/data/UVG_CWI_DQPC/UVG-CWI-DQPC/VictoryHeart/cg/15fps/VictoryHeart_UVG-CWI-DQPC_CG_15_0_196_0091.ply,/gpfs/work3/0/prjs0839/data/UVG_CWI_DQPC/UVG-CWI-DQPC/VictoryHeart/he/15fps/VictoryHeart_UVG-CWI-DQPC_HE_15_0_196_0091.ply,197,197,197,197,0,0
VictoryHeart,0092,/gpfs/work3/0/prjs0839/data/UVG_CWI_DQPC/UVG-CWI-DQPC/VictoryHeart/cg/15fps/VictoryHeart_UVG-CWI-DQPC_CG_15_0_196_0092.ply,/gpfs/work3/0/prjs0839/data/UVG_CWI_DQPC/UVG-CWI-DQPC/VictoryHeart/he/15fps/VictoryHeart_UVG-CWI-DQPC_HE_15_0_196_0092.ply,197,197,197,197,0,0
VictoryHeart,0093,/gpfs/work3/0/prjs0839/data/UVG_CWI_DQPC/UVG-CWI-DQPC/VictoryHeart/cg/15fps/VictoryHeart_UVG-CWI-DQPC_CG_15_0_196_0093.ply,/gpfs/work3/0/prjs0839/data/UVG_CWI_DQPC/UVG-CWI-DQPC/VictoryHeart/he/15fps/VictoryHeart_UVG-CWI-DQPC_HE_15_0_196_0093.ply,197,197,197,197,0,0
VictoryHeart,0094,/gpfs/work3/0/prjs0839/data/UVG_CWI_DQPC/UVG-CWI-DQPC/VictoryHeart/cg/15fps/VictoryHeart_UVG-CWI-DQPC_CG_15_0_196_0094.ply,/gpfs/work3/0/prjs0839/data/UVG_CWI_DQPC/UVG-CWI-DQPC/VictoryHeart/he/15fps/VictoryHeart_UVG-CWI-DQPC_HE_15_0_196_0094.ply,197,197,197,197,0,0
VictoryHeart,0095,/gpfs/work3/0/prjs0839/data/UVG_CWI_DQPC/UVG-CWI-DQPC/VictoryHeart/cg/15fps/VictoryHeart_UVG-CWI-DQPC_CG_15_0_196_0095.ply,/gpfs/work3/0/prjs0839/data/UVG_CWI_DQPC/UVG-CWI-DQPC/VictoryHeart/he/15fps/VictoryHeart_UVG-CWI-DQPC_HE_15_0_196_0095.ply,197,197,197,197,0,0
VictoryHeart,0096,/gpfs/work3/0/prjs0839/data/UVG_CWI_DQPC/UVG-CWI-DQPC/VictoryHeart/cg/15fps/VictoryHeart_UVG-CWI-DQPC_CG_15_0_196_0096.ply,/gpfs/work3/0/prjs0839/data/UVG_CWI_DQPC/UVG-CWI-DQPC/VictoryHeart/he/15fps/VictoryHeart_UVG-CWI-DQPC_HE_15_0_196_0096.ply,197,197,197,197,0,0
VictoryHeart,0097,/gpfs/work3/0/prjs0839/data/UVG_CWI_DQPC/UVG-CWI-DQPC/VictoryHeart/cg/15fps/VictoryHeart_UVG-CWI-DQPC_CG_15_0_196_0097.ply,/gpfs/work3/0/prjs0839/data/UVG_CWI_DQPC/UVG-CWI-DQPC/VictoryHeart/he/15fps/VictoryHeart_UVG-CWI-DQPC_HE_15_0_196_0097.ply,197,197,197,197,0,0
VictoryHeart,0098,/gpfs/work3/0/prjs0839/data/UVG_CWI_DQPC/UVG-CWI-DQPC/VictoryHeart/cg/15fps/VictoryHeart_UVG-CWI-DQPC_CG_15_0_196_0098.ply,/gpfs/work3/0/prjs0839/data/UVG_CWI_DQPC/UVG-CWI-DQPC/VictoryHeart/he/15fps/VictoryHeart_UVG-CWI-DQPC_HE_15_0_196_0098.ply,197,197,197,197,0,0
VictoryHeart,0099,/gpfs/work3/0/prjs0839/data/UVG_CWI_DQPC/UVG-CWI-DQPC/VictoryHeart/cg/15fps/VictoryHeart_UVG-CWI-DQPC_CG_15_0_196_0099.ply,/gpfs/work3/0/prjs0839/data/UVG_CWI_DQPC/UVG-CWI-DQPC/VictoryHeart/he/15fps/VictoryHeart_UVG-CWI-DQPC_HE_15_0_196_0099.ply,197,197,197,197,0,0
VictoryHeart,0100,/gpfs/work3/0/prjs0839/data/UVG_CWI_DQPC/UVG-CWI-DQPC/VictoryHeart/cg/15fps/VictoryHeart_UVG-CWI-DQPC_CG_15_0_196_0100.ply,/gpfs/work3/0/prjs0839/data/UVG_CWI_DQPC/UVG-CWI-DQPC/VictoryHeart/he/15fps/VictoryHeart_UVG-CWI-DQPC_HE_15_0_196_0100.ply,197,197,197,197,0,0
VictoryHeart,0101,/gpfs/work3/0/prjs0839/data/UVG_CWI_DQPC/UVG-CWI-DQPC/VictoryHeart/cg/15fps/VictoryHeart_UVG-CWI-DQPC_CG_15_0_196_0101.ply,/gpfs/work3/0/prjs0839/data/UVG_CWI_DQPC/UVG-CWI-DQPC/VictoryHeart/he/15fps/VictoryHeart_UVG-CWI-DQPC_HE_15_0_196_0101.ply,197,197,197,197,0,0
VictoryHeart,0102,/gpfs/work3/0/prjs0839/data/UVG_CWI_DQPC/UVG-CWI-DQPC/VictoryHeart/cg/15fps/VictoryHeart_UVG-CWI-DQPC_CG_15_0_196_0102.ply,/gpfs/work3/0/prjs0839/data/UVG_CWI_DQPC/UVG-CWI-DQPC/VictoryHeart/he/15fps/VictoryHeart_UVG-CWI-DQPC_HE_15_0_196_0102.ply,197,197,197,197,0,0
VictoryHeart,0103,/gpfs/work3/0/prjs0839/data/UVG_CWI_DQPC/UVG-CWI-DQPC/VictoryHeart/cg/15fps/VictoryHeart_UVG-CWI-DQPC_CG_15_0_196_0103.ply,/gpfs/work3/0/prjs0839/data/UVG_CWI_DQPC/UVG-CWI-DQPC/VictoryHeart/he/15fps/VictoryHeart_UVG-CWI-DQPC_HE_15_0_196_0103.ply,197,197,197,197,0,0
VictoryHeart,0104,/gpfs/work3/0/prjs0839/data/UVG_CWI_DQPC/UVG-CWI-DQPC/VictoryHeart/cg/15fps/VictoryHeart_UVG-CWI-DQPC_CG_15_0_196_0104.ply,/gpfs/work3/0/prjs0839/data/UVG_CWI_DQPC/UVG-CWI-DQPC/VictoryHeart/he/15fps/VictoryHeart_UVG-CWI-DQPC_HE_15_0_196_0104.ply,197,197,197,197,0,0
VictoryHeart,0105,/gpfs/work3/0/prjs0839/data/UVG_CWI_DQPC/UVG-CWI-DQPC/VictoryHeart/cg/15fps/VictoryHeart_UVG-CWI-DQPC_CG_15_0_196_0105.ply,/gpfs/work3/0/prjs0839/data/UVG_CWI_DQPC/UVG-CWI-DQPC/VictoryHeart/he/15fps/VictoryHeart_UVG-CWI-DQPC_HE_15_0_196_0105.ply,197,197,197,197,0,0
VictoryHeart,0106,/gpfs/work3/0/prjs0839/data/UVG_CWI_DQPC/UVG-CWI-DQPC/VictoryHeart/cg/15fps/VictoryHeart_UVG-CWI-DQPC_CG_15_0_196_0106.ply,/gpfs/work3/0/prjs0839/data/UVG_CWI_DQPC/UVG-CWI-DQPC/VictoryHeart/he/15fps/VictoryHeart_UVG-CWI-DQPC_HE_15_0_196_0106.ply,197,197,197,197,0,0
VictoryHeart,0107,/gpfs/work3/0/prjs0839/data/UVG_CWI_DQPC/UVG-CWI-DQPC/VictoryHeart/cg/15fps/VictoryHeart_UVG-CWI-DQPC_CG_15_0_196_0107.ply,/gpfs/work3/0/prjs0839/data/UVG_CWI_DQPC/UVG-CWI-DQPC/VictoryHeart/he/15fps/VictoryHeart_UVG-CWI-DQPC_HE_15_0_196_0107.ply,197,197,197,197,0,0
VictoryHeart,0108,/gpfs/work3/0/prjs0839/data/UVG_CWI_DQPC/UVG-CWI-DQPC/VictoryHeart/cg/15fps/VictoryHeart_UVG-CWI-DQPC_CG_15_0_196_0108.ply,/gpfs/work3/0/prjs0839/data/UVG_CWI_DQPC/UVG-CWI-DQPC/VictoryHeart/he/15fps/VictoryHeart_UVG-CWI-DQPC_HE_15_0_196_0108.ply,197,197,197,197,0,0
VictoryHeart,0109,/gpfs/work3/0/prjs0839/data/UVG_CWI_DQPC/UVG-CWI-DQPC/VictoryHeart/cg/15fps/VictoryHeart_UVG-CWI-DQPC_CG_15_0_196_0109.ply,/gpfs/work3/0/prjs0839/data/UVG_CWI_DQPC/UVG-CWI-DQPC/VictoryHeart/he/15fps/VictoryHeart_UVG-CWI-DQPC_HE_15_0_196_0109.ply,197,197,197,197,0,0
VictoryHeart,0110,/gpfs/work3/0/prjs0839/data/UVG_CWI_DQPC/UVG-CWI-DQPC/VictoryHeart/cg/15fps/VictoryHeart_UVG-CWI-DQPC_CG_15_0_196_0110.ply,/gpfs/work3/0/prjs0839/data/UVG_CWI_DQPC/UVG-CWI-DQPC/VictoryHeart/he/15fps/VictoryHeart_UVG-CWI-DQPC_HE_15_0_196_0110.ply,197,197,197,197,0,0
VictoryHeart,0111,/gpfs/work3/0/prjs0839/data/UVG_CWI_DQPC/UVG-CWI-DQPC/VictoryHeart/cg/15fps/VictoryHeart_UVG-CWI-DQPC_CG_15_0_196_0111.ply,/gpfs/work3/0/prjs0839/data/UVG_CWI_DQPC/UVG-CWI-DQPC/VictoryHeart/he/15fps/VictoryHeart_UVG-CWI-DQPC_HE_15_0_196_0111.ply,197,197,197,197,0,0
VictoryHeart,0112,/gpfs/work3/0/prjs0839/data/UVG_CWI_DQPC/UVG-CWI-DQPC/VictoryHeart/cg/15fps/VictoryHeart_UVG-CWI-DQPC_CG_15_0_196_0112.ply,/gpfs/work3/0/prjs0839/data/UVG_CWI_DQPC/UVG-CWI-DQPC/VictoryHeart/he/15fps/VictoryHeart_UVG-CWI-DQPC_HE_15_0_196_0112.ply,197,197,197,197,0,0
VictoryHeart,0113,/gpfs/work3/0/prjs0839/data/UVG_CWI_DQPC/UVG-CWI-DQPC/VictoryHeart/cg/15fps/VictoryHeart_UVG-CWI-DQPC_CG_15_0_196_0113.ply,/gpfs/work3/0/prjs0839/data/UVG_CWI_DQPC/UVG-CWI-DQPC/VictoryHeart/he/15fps/VictoryHeart_UVG-CWI-DQPC_HE_15_0_196_0113.ply,197,197,197,197,0,0
VictoryHeart,0114,/gpfs/work3/0/prjs0839/data/UVG_CWI_DQPC/UVG-CWI-DQPC/VictoryHeart/cg/15fps/VictoryHeart_UVG-CWI-DQPC_CG_15_0_196_0114.ply,/gpfs/work3/0/prjs0839/data/UVG_CWI_DQPC/UVG-CWI-DQPC/VictoryHeart/he/15fps/VictoryHeart_UVG-CWI-DQPC_HE_15_0_196_0114.ply,197,197,197,197,0,0
VictoryHeart,0115,/gpfs/work3/0/prjs0839/data/UVG_CWI_DQPC/UVG-CWI-DQPC/VictoryHeart/cg/15fps/VictoryHeart_UVG-CWI-DQPC_CG_15_0_196_0115.ply,/gpfs/work3/0/prjs0839/data/UVG_CWI_DQPC/UVG-CWI-DQPC/VictoryHeart/he/15fps/VictoryHeart_UVG-CWI-DQPC_HE_15_0_196_0115.ply,197,197,197,197,0,0
VictoryHeart,0116,/gpfs/work3/0/prjs0839/data/UVG_CWI_DQPC/UVG-CWI-DQPC/VictoryHeart/cg/15fps/VictoryHeart_UVG-CWI-DQPC_CG_15_0_196_0116.ply,/gpfs/work3/0/prjs0839/data/UVG_CWI_DQPC/UVG-CWI-DQPC/VictoryHeart/he/15fps/VictoryHeart_UVG-CWI-DQPC_HE_15_0_196_0116.ply,197,197,197,197,0,0
VictoryHeart,0117,/gpfs/work3/0/prjs0839/data/UVG_CWI_DQPC/UVG-CWI-DQPC/VictoryHeart/cg/15fps/VictoryHeart_UVG-CWI-DQPC_CG_15_0_196_0117.ply,/gpfs/work3/0/prjs0839/data/UVG_CWI_DQPC/UVG-CWI-DQPC/VictoryHeart/he/15fps/VictoryHeart_UVG-CWI-DQPC_HE_15_0_196_0117.ply,197,197,197,197,0,0
VictoryHeart,0118,/gpfs/work3/0/prjs0839/data/UVG_CWI_DQPC/UVG-CWI-DQPC/VictoryHeart/cg/15fps/VictoryHeart_UVG-CWI-DQPC_CG_15_0_196_0118.ply,/gpfs/work3/0/prjs0839/data/UVG_CWI_DQPC/UVG-CWI-DQPC/VictoryHeart/he/15fps/VictoryHeart_UVG-CWI-DQPC_HE_15_0_196_0118.ply,197,197,197,197,0,0
VictoryHeart,0119,/gpfs/work3/0/prjs0839/data/UVG_CWI_DQPC/UVG-CWI-DQPC/VictoryHeart/cg/15fps/VictoryHeart_UVG-CWI-DQPC_CG_15_0_196_0119.ply,/gpfs/work3/0/prjs0839/data/UVG_CWI_DQPC/UVG-CWI-DQPC/VictoryHeart/he/15fps/VictoryHeart_UVG-CWI-DQPC_HE_15_0_196_0119.ply,197,197,197,197,0,0
VictoryHeart,0120,/gpfs/work3/0/prjs0839/data/UVG_CWI_DQPC/UVG-CWI-DQPC/VictoryHeart/cg/15fps/VictoryHeart_UVG-CWI-DQPC_CG_15_0_196_0120.ply,/gpfs/work3/0/prjs0839/data/UVG_CWI_DQPC/UVG-CWI-DQPC/VictoryHeart/he/15fps/VictoryHeart_UVG-CWI-DQPC_HE_15_0_196_0120.ply,197,197,197,197,0,0
VictoryHeart,0121,/gpfs/work3/0/prjs0839/data/UVG_CWI_DQPC/UVG-CWI-DQPC/VictoryHeart/cg/15fps/VictoryHeart_UVG-CWI-DQPC_CG_15_0_196_0121.ply,/gpfs/work3/0/prjs0839/data/UVG_CWI_DQPC/UVG-CWI-DQPC/VictoryHeart/he/15fps/VictoryHeart_UVG-CWI-DQPC_HE_15_0_196_0121.ply,197,197,197,197,0,0
VictoryHeart,0122,/gpfs/work3/0/prjs0839/data/UVG_CWI_DQPC/UVG-CWI-DQPC/VictoryHeart/cg/15fps/VictoryHeart_UVG-CWI-DQPC_CG_15_0_196_0122.ply,/gpfs/work3/0/prjs0839/data/UVG_CWI_DQPC/UVG-CWI-DQPC/VictoryHeart/he/15fps/VictoryHeart_UVG-CWI-DQPC_HE_15_0_196_0122.ply,197,197,197,197,0,0
VictoryHeart,0123,/gpfs/work3/0/prjs0839/data/UVG_CWI_DQPC/UVG-CWI-DQPC/VictoryHeart/cg/15fps/VictoryHeart_UVG-CWI-DQPC_CG_15_0_196_0123.ply,/gpfs/work3/0/prjs0839/data/UVG_CWI_DQPC/UVG-CWI-DQPC/VictoryHeart/he/15fps/VictoryHeart_UVG-CWI-DQPC_HE_15_0_196_0123.ply,197,197,197,197,0,0
VictoryHeart,0124,/gpfs/work3/0/prjs0839/data/UVG_CWI_DQPC/UVG-CWI-DQPC/VictoryHeart/cg/15fps/VictoryHeart_UVG-CWI-DQPC_CG_15_0_196_0124.ply,/gpfs/work3/0/prjs0839/data/UVG_CWI_DQPC/UVG-CWI-DQPC/VictoryHeart/he/15fps/VictoryHeart_UVG-CWI-DQPC_HE_15_0_196_0124.ply,197,197,197,197,0,0
VictoryHeart,0125,/gpfs/work3/0/prjs0839/data/UVG_CWI_DQPC/UVG-CWI-DQPC/VictoryHeart/cg/15fps/VictoryHeart_UVG-CWI-DQPC_CG_15_0_196_0125.ply,/gpfs/work3/0/prjs0839/data/UVG_CWI_DQPC/UVG-CWI-DQPC/VictoryHeart/he/15fps/VictoryHeart_UVG-CWI-DQPC_HE_15_0_196_0125.ply,197,197,197,197,0,0
VictoryHeart,0126,/gpfs/work3/0/prjs0839/data/UVG_CWI_DQPC/UVG-CWI-DQPC/VictoryHeart/cg/15fps/VictoryHeart_UVG-CWI-DQPC_CG_15_0_196_0126.ply,/gpfs/work3/0/prjs0839/data/UVG_CWI_DQPC/UVG-CWI-DQPC/VictoryHeart/he/15fps/VictoryHeart_UVG-CWI-DQPC_HE_15_0_196_0126.ply,197,197,197,197,0,0
VictoryHeart,0127,/gpfs/work3/0/prjs0839/data/UVG_CWI_DQPC/UVG-CWI-DQPC/VictoryHeart/cg/15fps/VictoryHeart_UVG-CWI-DQPC_CG_15_0_196_0127.ply,/gpfs/work3/0/prjs0839/data/UVG_CWI_DQPC/UVG-CWI-DQPC/VictoryHeart/he/15fps/VictoryHeart_UVG-CWI-DQPC_HE_15_0_196_0127.ply,197,197,197,197,0,0
VictoryHeart,0128,/gpfs/work3/0/prjs0839/data/UVG_CWI_DQPC/UVG-CWI-DQPC/VictoryHeart/cg/15fps/VictoryHeart_UVG-CWI-DQPC_CG_15_0_196_0128.ply,/gpfs/work3/0/prjs0839/data/UVG_CWI_DQPC/UVG-CWI-DQPC/VictoryHeart/he/15fps/VictoryHeart_UVG-CWI-DQPC_HE_15_0_196_0128.ply,197,197,197,197,0,0
VictoryHeart,0129,/gpfs/work3/0/prjs0839/data/UVG_CWI_DQPC/UVG-CWI-DQPC/VictoryHeart/cg/15fps/VictoryHeart_UVG-CWI-DQPC_CG_15_0_196_0129.ply,/gpfs/work3/0/prjs0839/data/UVG_CWI_DQPC/UVG-CWI-DQPC/VictoryHeart/he/15fps/VictoryHeart_UVG-CWI-DQPC_HE_15_0_196_0129.ply,197,197,197,197,0,0
VictoryHeart,0130,/gpfs/work3/0/prjs0839/data/UVG_CWI_DQPC/UVG-CWI-DQPC/VictoryHeart/cg/15fps/VictoryHeart_UVG-CWI-DQPC_CG_15_0_196_0130.ply,/gpfs/work3/0/prjs0839/data/UVG_CWI_DQPC/UVG-CWI-DQPC/VictoryHeart/he/15fps/VictoryHeart_UVG-CWI-DQPC_HE_15_0_196_0130.ply,197,197,197,197,0,0
VictoryHeart,0131,/gpfs/work3/0/prjs0839/data/UVG_CWI_DQPC/UVG-CWI-DQPC/VictoryHeart/cg/15fps/VictoryHeart_UVG-CWI-DQPC_CG_15_0_196_0131.ply,/gpfs/work3/0/prjs0839/data/UVG_CWI_DQPC/UVG-CWI-DQPC/VictoryHeart/he/15fps/VictoryHeart_UVG-CWI-DQPC_HE_15_0_196_0131.ply,197,197,197,197,0,0
VictoryHeart,0132,/gpfs/work3/0/prjs0839/data/UVG_CWI_DQPC/UVG-CWI-DQPC/VictoryHeart/cg/15fps/VictoryHeart_UVG-CWI-DQPC_CG_15_0_196_0132.ply,/gpfs/work3/0/prjs0839/data/UVG_CWI_DQPC/UVG-CWI-DQPC/VictoryHeart/he/15fps/VictoryHeart_UVG-CWI-DQPC_HE_15_0_196_0132.ply,197,197,197,197,0,0
VictoryHeart,0133,/gpfs/work3/0/prjs0839/data/UVG_CWI_DQPC/UVG-CWI-DQPC/VictoryHeart/cg/15fps/VictoryHeart_UVG-CWI-DQPC_CG_15_0_196_0133.ply,/gpfs/work3/0/prjs0839/data/UVG_CWI_DQPC/UVG-CWI-DQPC/VictoryHeart/he/15fps/VictoryHeart_UVG-CWI-DQPC_HE_15_0_196_0133.ply,197,197,197,197,0,0
VictoryHeart,0134,/gpfs/work3/0/prjs0839/data/UVG_CWI_DQPC/UVG-CWI-DQPC/VictoryHeart/cg/15fps/VictoryHeart_UVG-CWI-DQPC_CG_15_0_196_0134.ply,/gpfs/work3/0/prjs0839/data/UVG_CWI_DQPC/UVG-CWI-DQPC/VictoryHeart/he/15fps/VictoryHeart_UVG-CWI-DQPC_HE_15_0_196_0134.ply,197,197,197,197,0,0
VictoryHeart,0135,/gpfs/work3/0/prjs0839/data/UVG_CWI_DQPC/UVG-CWI-DQPC/VictoryHeart/cg/15fps/VictoryHeart_UVG-CWI-DQPC_CG_15_0_196_0135.ply,/gpfs/work3/0/prjs0839/data/UVG_CWI_DQPC/UVG-CWI-DQPC/VictoryHeart/he/15fps/VictoryHeart_UVG-CWI-DQPC_HE_15_0_196_0135.ply,197,197,197,197,0,0
VictoryHeart,0136,/gpfs/work3/0/prjs0839/data/UVG_CWI_DQPC/UVG-CWI-DQPC/VictoryHeart/cg/15fps/VictoryHeart_UVG-CWI-DQPC_CG_15_0_196_0136.ply,/gpfs/work3/0/prjs0839/data/UVG_CWI_DQPC/UVG-CWI-DQPC/VictoryHeart/he/15fps/VictoryHeart_UVG-CWI-DQPC_HE_15_0_196_0136.ply,197,197,197,197,0,0
VictoryHeart,0137,/gpfs/work3/0/prjs0839/data/UVG_CWI_DQPC/UVG-CWI-DQPC/VictoryHeart/cg/15fps/VictoryHeart_UVG-CWI-DQPC_CG_15_0_196_0137.ply,/gpfs/work3/0/prjs0839/data/UVG_CWI_DQPC/UVG-CWI-DQPC/VictoryHeart/he/15fps/VictoryHeart_UVG-CWI-DQPC_HE_15_0_196_0137.ply,197,197,197,197,0,0
VictoryHeart,0138,/gpfs/work3/0/prjs0839/data/UVG_CWI_DQPC/UVG-CWI-DQPC/VictoryHeart/cg/15fps/VictoryHeart_UVG-CWI-DQPC_CG_15_0_196_0138.ply,/gpfs/work3/0/prjs0839/data/UVG_CWI_DQPC/UVG-CWI-DQPC/VictoryHeart/he/15fps/VictoryHeart_UVG-CWI-DQPC_HE_15_0_196_0138.ply,197,197,197,197,0,0
VictoryHeart,0139,/gpfs/work3/0/prjs0839/data/UVG_CWI_DQPC/UVG-CWI-DQPC/VictoryHeart/cg/15fps/VictoryHeart_UVG-CWI-DQPC_CG_15_0_196_0139.ply,/gpfs/work3/0/prjs0839/data/UVG_CWI_DQPC/UVG-CWI-DQPC/VictoryHeart/he/15fps/VictoryHeart_UVG-CWI-DQPC_HE_15_0_196_0139.ply,197,197,197,197,0,0
VictoryHeart,0140,/gpfs/work3/0/prjs0839/data/UVG_CWI_DQPC/UVG-CWI-DQPC/VictoryHeart/cg/15fps/VictoryHeart_UVG-CWI-DQPC_CG_15_0_196_0140.ply,/gpfs/work3/0/prjs0839/data/UVG_CWI_DQPC/UVG-CWI-DQPC/VictoryHeart/he/15fps/VictoryHeart_UVG-CWI-DQPC_HE_15_0_196_0140.ply,197,197,197,197,0,0
VictoryHeart,0141,/gpfs/work3/0/prjs0839/data/UVG_CWI_DQPC/UVG-CWI-DQPC/VictoryHeart/cg/15fps/VictoryHeart_UVG-CWI-DQPC_CG_15_0_196_0141.ply,/gpfs/work3/0/prjs0839/data/UVG_CWI_DQPC/UVG-CWI-DQPC/VictoryHeart/he/15fps/VictoryHeart_UVG-CWI-DQPC_HE_15_0_196_0141.ply,197,197,197,197,0,0
VictoryHeart,0142,/gpfs/work3/0/prjs0839/data/UVG_CWI_DQPC/UVG-CWI-DQPC/VictoryHeart/cg/15fps/VictoryHeart_UVG-CWI-DQPC_CG_15_0_196_0142.ply,/gpfs/work3/0/prjs0839/data/UVG_CWI_DQPC/UVG-CWI-DQPC/VictoryHeart/he/15fps/VictoryHeart_UVG-CWI-DQPC_HE_15_0_196_0142.ply,197,197,197,197,0,0
VictoryHeart,0143,/gpfs/work3/0/prjs0839/data/UVG_CWI_DQPC/UVG-CWI-DQPC/VictoryHeart/cg/15fps/VictoryHeart_UVG-CWI-DQPC_CG_15_0_196_0143.ply,/gpfs/work3/0/prjs0839/data/UVG_CWI_DQPC/UVG-CWI-DQPC/VictoryHeart/he/15fps/VictoryHeart_UVG-CWI-DQPC_HE_15_0_196_0143.ply,197,197,197,197,0,0
VictoryHeart,0144,/gpfs/work3/0/prjs0839/data/UVG_CWI_DQPC/UVG-CWI-DQPC/VictoryHeart/cg/15fps/VictoryHeart_UVG-CWI-DQPC_CG_15_0_196_0144.ply,/gpfs/work3/0/prjs0839/data/UVG_CWI_DQPC/UVG-CWI-DQPC/VictoryHeart/he/15fps/VictoryHeart_UVG-CWI-DQPC_HE_15_0_196_0144.ply,197,197,197,197,0,0
VictoryHeart,0145,/gpfs/work3/0/prjs0839/data/UVG_CWI_DQPC/UVG-CWI-DQPC/VictoryHeart/cg/15fps/VictoryHeart_UVG-CWI-DQPC_CG_15_0_196_0145.ply,/gpfs/work3/0/prjs0839/data/UVG_CWI_DQPC/UVG-CWI-DQPC/VictoryHeart/he/15fps/VictoryHeart_UVG-CWI-DQPC_HE_15_0_196_0145.ply,197,197,197,197,0,0
VictoryHeart,0146,/gpfs/work3/0/prjs0839/data/UVG_CWI_DQPC/UVG-CWI-DQPC/VictoryHeart/cg/15fps/VictoryHeart_UVG-CWI-DQPC_CG_15_0_196_0146.ply,/gpfs/work3/0/prjs0839/data/UVG_CWI_DQPC/UVG-CWI-DQPC/VictoryHeart/he/15fps/VictoryHeart_UVG-CWI-DQPC_HE_15_0_196_0146.ply,197,197,197,197,0,0
VictoryHeart,0147,/gpfs/work3/0/prjs0839/data/UVG_CWI_DQPC/UVG-CWI-DQPC/VictoryHeart/cg/15fps/VictoryHeart_UVG-CWI-DQPC_CG_15_0_196_0147.ply,/gpfs/work3/0/prjs0839/data/UVG_CWI_DQPC/UVG-CWI-DQPC/VictoryHeart/he/15fps/VictoryHeart_UVG-CWI-DQPC_HE_15_0_196_0147.ply,197,197,197,197,0,0
VictoryHeart,0148,/gpfs/work3/0/prjs0839/data/UVG_CWI_DQPC/UVG-CWI-DQPC/VictoryHeart/cg/15fps/VictoryHeart_UVG-CWI-DQPC_CG_15_0_196_0148.ply,/gpfs/work3/0/prjs0839/data/UVG_CWI_DQPC/UVG-CWI-DQPC/VictoryHeart/he/15fps/VictoryHeart_UVG-CWI-DQPC_HE_15_0_196_0148.ply,197,197,197,197,0,0
VictoryHeart,0149,/gpfs/work3/0/prjs0839/data/UVG_CWI_DQPC/UVG-CWI-DQPC/VictoryHeart/cg/15fps/VictoryHeart_UVG-CWI-DQPC_CG_15_0_196_0149.ply,/gpfs/work3/0/prjs0839/data/UVG_CWI_DQPC/UVG-CWI-DQPC/VictoryHeart/he/15fps/VictoryHeart_UVG-CWI-DQPC_HE_15_0_196_0149.ply,197,197,197,197,0,0
VictoryHeart,0150,/gpfs/work3/0/prjs0839/data/UVG_CWI_DQPC/UVG-CWI-DQPC/VictoryHeart/cg/15fps/VictoryHeart_UVG-CWI-DQPC_CG_15_0_196_0150.ply,/gpfs/work3/0/prjs0839/data/UVG_CWI_DQPC/UVG-CWI-DQPC/VictoryHeart/he/15fps/VictoryHeart_UVG-CWI-DQPC_HE_15_0_196_0150.ply,197,197,197,197,0,0
VictoryHeart,0151,/gpfs/work3/0/prjs0839/data/UVG_CWI_DQPC/UVG-CWI-DQPC/VictoryHeart/cg/15fps/VictoryHeart_UVG-CWI-DQPC_CG_15_0_196_0151.ply,/gpfs/work3/0/prjs0839/data/UVG_CWI_DQPC/UVG-CWI-DQPC/VictoryHeart/he/15fps/VictoryHeart_UVG-CWI-DQPC_HE_15_0_196_0151.ply,197,197,197,197,0,0
VictoryHeart,0152,/gpfs/work3/0/prjs0839/data/UVG_CWI_DQPC/UVG-CWI-DQPC/VictoryHeart/cg/15fps/VictoryHeart_UVG-CWI-DQPC_CG_15_0_196_0152.ply,/gpfs/work3/0/prjs0839/data/UVG_CWI_DQPC/UVG-CWI-DQPC/VictoryHeart/he/15fps/VictoryHeart_UVG-CWI-DQPC_HE_15_0_196_0152.ply,197,197,197,197,0,0
VictoryHeart,0153,/gpfs/work3/0/prjs0839/data/UVG_CWI_DQPC/UVG-CWI-DQPC/VictoryHeart/cg/15fps/VictoryHeart_UVG-CWI-DQPC_CG_15_0_196_0153.ply,/gpfs/work3/0/prjs0839/data/UVG_CWI_DQPC/UVG-CWI-DQPC/VictoryHeart/he/15fps/VictoryHeart_UVG-CWI-DQPC_HE_15_0_196_0153.ply,197,197,197,197,0,0
VictoryHeart,0154,/gpfs/work3/0/prjs0839/data/UVG_CWI_DQPC/UVG-CWI-DQPC/VictoryHeart/cg/15fps/VictoryHeart_UVG-CWI-DQPC_CG_15_0_196_0154.ply,/gpfs/work3/0/prjs0839/data/UVG_CWI_DQPC/UVG-CWI-DQPC/VictoryHeart/he/15fps/VictoryHeart_UVG-CWI-DQPC_HE_15_0_196_0154.ply,197,197,197,197,0,0
VictoryHeart,0155,/gpfs/work3/0/prjs0839/data/UVG_CWI_DQPC/UVG-CWI-DQPC/VictoryHeart/cg/15fps/VictoryHeart_UVG-CWI-DQPC_CG_15_0_196_0155.ply,/gpfs/work3/0/prjs0839/data/UVG_CWI_DQPC/UVG-CWI-DQPC/VictoryHeart/he/15fps/VictoryHeart_UVG-CWI-DQPC_HE_15_0_196_0155.ply,197,197,197,197,0,0
VictoryHeart,0156,/gpfs/work3/0/prjs0839/data/UVG_CWI_DQPC/UVG-CWI-DQPC/VictoryHeart/cg/15fps/VictoryHeart_UVG-CWI-DQPC_CG_15_0_196_0156.ply,/gpfs/work3/0/prjs0839/data/UVG_CWI_DQPC/UVG-CWI-DQPC/VictoryHeart/he/15fps/VictoryHeart_UVG-CWI-DQPC_HE_15_0_196_0156.ply,197,197,197,197,0,0
VictoryHeart,0157,/gpfs/work3/0/prjs0839/data/UVG_CWI_DQPC/UVG-CWI-DQPC/VictoryHeart/cg/15fps/VictoryHeart_UVG-CWI-DQPC_CG_15_0_196_0157.ply,/gpfs/work3/0/prjs0839/data/UVG_CWI_DQPC/UVG-CWI-DQPC/VictoryHeart/he/15fps/VictoryHeart_UVG-CWI-DQPC_HE_15_0_196_0157.ply,197,197,197,197,0,0
VictoryHeart,0158,/gpfs/work3/0/prjs0839/data/UVG_CWI_DQPC/UVG-CWI-DQPC/VictoryHeart/cg/15fps/VictoryHeart_UVG-CWI-DQPC_CG_15_0_196_0158.ply,/gpfs/work3/0/prjs0839/data/UVG_CWI_DQPC/UVG-CWI-DQPC/VictoryHeart/he/15fps/VictoryHeart_UVG-CWI-DQPC_HE_15_0_196_0158.ply,197,197,197,197,0,0
VictoryHeart,0159,/gpfs/work3/0/prjs0839/data/UVG_CWI_DQPC/UVG-CWI-DQPC/VictoryHeart/cg/15fps/VictoryHeart_UVG-CWI-DQPC_CG_15_0_196_0159.ply,/gpfs/work3/0/prjs0839/data/UVG_CWI_DQPC/UVG-CWI-DQPC/VictoryHeart/he/15fps/VictoryHeart_UVG-CWI-DQPC_HE_15_0_196_0159.ply,197,197,197,197,0,0
VictoryHeart,0160,/gpfs/work3/0/prjs0839/data/UVG_CWI_DQPC/UVG-CWI-DQPC/VictoryHeart/cg/15fps/VictoryHeart_UVG-CWI-DQPC_CG_15_0_196_0160.ply,/gpfs/work3/0/prjs0839/data/UVG_CWI_DQPC/UVG-CWI-DQPC/VictoryHeart/he/15fps/VictoryHeart_UVG-CWI-DQPC_HE_15_0_196_0160.ply,197,197,197,197,0,0
VictoryHeart,0161,/gpfs/work3/0/prjs0839/data/UVG_CWI_DQPC/UVG-CWI-DQPC/VictoryHeart/cg/15fps/VictoryHeart_UVG-CWI-DQPC_CG_15_0_196_0161.ply,/gpfs/work3/0/prjs0839/data/UVG_CWI_DQPC/UVG-CWI-DQPC/VictoryHeart/he/15fps/VictoryHeart_UVG-CWI-DQPC_HE_15_0_196_0161.ply,197,197,197,197,0,0
VictoryHeart,0162,/gpfs/work3/0/prjs0839/data/UVG_CWI_DQPC/UVG-CWI-DQPC/VictoryHeart/cg/15fps/VictoryHeart_UVG-CWI-DQPC_CG_15_0_196_0162.ply,/gpfs/work3/0/prjs0839/data/UVG_CWI_DQPC/UVG-CWI-DQPC/VictoryHeart/he/15fps/VictoryHeart_UVG-CWI-DQPC_HE_15_0_196_0162.ply,197,197,197,197,0,0
VictoryHeart,0163,/gpfs/work3/0/prjs0839/data/UVG_CWI_DQPC/UVG-CWI-DQPC/VictoryHeart/cg/15fps/VictoryHeart_UVG-CWI-DQPC_CG_15_0_196_0163.ply,/gpfs/work3/0/prjs0839/data/UVG_CWI_DQPC/UVG-CWI-DQPC/VictoryHeart/he/15fps/VictoryHeart_UVG-CWI-DQPC_HE_15_0_196_0163.ply,197,197,197,197,0,0
VictoryHeart,0164,/gpfs/work3/0/prjs0839/data/UVG_CWI_DQPC/UVG-CWI-DQPC/VictoryHeart/cg/15fps/VictoryHeart_UVG-CWI-DQPC_CG_15_0_196_0164.ply,/gpfs/work3/0/prjs0839/data/UVG_CWI_DQPC/UVG-CWI-DQPC/VictoryHeart/he/15fps/VictoryHeart_UVG-CWI-DQPC_HE_15_0_196_0164.ply,197,197,197,197,0,0
VictoryHeart,0165,/gpfs/work3/0/prjs0839/data/UVG_CWI_DQPC/UVG-CWI-DQPC/VictoryHeart/cg/15fps/VictoryHeart_UVG-CWI-DQPC_CG_15_0_196_0165.ply,/gpfs/work3/0/prjs0839/data/UVG_CWI_DQPC/UVG-CWI-DQPC/VictoryHeart/he/15fps/VictoryHeart_UVG-CWI-DQPC_HE_15_0_196_0165.ply,197,197,197,197,0,0
VictoryHeart,0166,/gpfs/work3/0/prjs0839/data/UVG_CWI_DQPC/UVG-CWI-DQPC/VictoryHeart/cg/15fps/VictoryHeart_UVG-CWI-DQPC_CG_15_0_196_0166.ply,/gpfs/work3/0/prjs0839/data/UVG_CWI_DQPC/UVG-CWI-DQPC/VictoryHeart/he/15fps/VictoryHeart_UVG-CWI-DQPC_HE_15_0_196_0166.ply,197,197,197,197,0,0
VictoryHeart,0167,/gpfs/work3/0/prjs0839/data/UVG_CWI_DQPC/UVG-CWI-DQPC/VictoryHeart/cg/15fps/VictoryHeart_UVG-CWI-DQPC_CG_15_0_196_0167.ply,/gpfs/work3/0/prjs0839/data/UVG_CWI_DQPC/UVG-CWI-DQPC/VictoryHeart/he/15fps/VictoryHeart_UVG-CWI-DQPC_HE_15_0_196_0167.ply,197,197,197,197,0,0
VictoryHeart,0168,/gpfs/work3/0/prjs0839/data/UVG_CWI_DQPC/UVG-CWI-DQPC/VictoryHeart/cg/15fps/VictoryHeart_UVG-CWI-DQPC_CG_15_0_196_0168.ply,/gpfs/work3/0/prjs0839/data/UVG_CWI_DQPC/UVG-CWI-DQPC/VictoryHeart/he/15fps/VictoryHeart_UVG-CWI-DQPC_HE_15_0_196_0168.ply,197,197,197,197,0,0
VictoryHeart,0169,/gpfs/work3/0/prjs0839/data/UVG_CWI_DQPC/UVG-CWI-DQPC/VictoryHeart/cg/15fps/VictoryHeart_UVG-CWI-DQPC_CG_15_0_196_0169.ply,/gpfs/work3/0/prjs0839/data/UVG_CWI_DQPC/UVG-CWI-DQPC/VictoryHeart/he/15fps/VictoryHeart_UVG-CWI-DQPC_HE_15_0_196_0169.ply,197,197,197,197,0,0
VictoryHeart,0170,/gpfs/work3/0/prjs0839/data/UVG_CWI_DQPC/UVG-CWI-DQPC/VictoryHeart/cg/15fps/VictoryHeart_UVG-CWI-DQPC_CG_15_0_196_0170.ply,/gpfs/work3/0/prjs0839/data/UVG_CWI_DQPC/UVG-CWI-DQPC/VictoryHeart/he/15fps/VictoryHeart_UVG-CWI-DQPC_HE_15_0_196_0170.ply,197,197,197,197,0,0
VictoryHeart,0171,/gpfs/work3/0/prjs0839/data/UVG_CWI_DQPC/UVG-CWI-DQPC/VictoryHeart/cg/15fps/VictoryHeart_UVG-CWI-DQPC_CG_15_0_196_0171.ply,/gpfs/work3/0/prjs0839/data/UVG_CWI_DQPC/UVG-CWI-DQPC/VictoryHeart/he/15fps/VictoryHeart_UVG-CWI-DQPC_HE_15_0_196_0171.ply,197,197,197,197,0,0
VictoryHeart,0172,/gpfs/work3/0/prjs0839/data/UVG_CWI_DQPC/UVG-CWI-DQPC/VictoryHeart/cg/15fps/VictoryHeart_UVG-CWI-DQPC_CG_15_0_196_0172.ply,/gpfs/work3/0/prjs0839/data/UVG_CWI_DQPC/UVG-CWI-DQPC/VictoryHeart/he/15fps/VictoryHeart_UVG-CWI-DQPC_HE_15_0_196_0172.ply,197,197,197,197,0,0
VictoryHeart,0173,/gpfs/work3/0/prjs0839/data/UVG_CWI_DQPC/UVG-CWI-DQPC/VictoryHeart/cg/15fps/VictoryHeart_UVG-CWI-DQPC_CG_15_0_196_0173.ply,/gpfs/work3/0/prjs0839/data/UVG_CWI_DQPC/UVG-CWI-DQPC/VictoryHeart/he/15fps/VictoryHeart_UVG-CWI-DQPC_HE_15_0_196_0173.ply,197,197,197,197,0,0
VictoryHeart,0174,/gpfs/work3/0/prjs0839/data/UVG_CWI_DQPC/UVG-CWI-DQPC/VictoryHeart/cg/15fps/VictoryHeart_UVG-CWI-DQPC_CG_15_0_196_0174.ply,/gpfs/work3/0/prjs0839/data/UVG_CWI_DQPC/UVG-CWI-DQPC/VictoryHeart/he/15fps/VictoryHeart_UVG-CWI-DQPC_HE_15_0_196_0174.ply,197,197,197,197,0,0
VictoryHeart,0175,/gpfs/work3/0/prjs0839/data/UVG_CWI_DQPC/UVG-CWI-DQPC/VictoryHeart/cg/15fps/VictoryHeart_UVG-CWI-DQPC_CG_15_0_196_0175.ply,/gpfs/work3/0/prjs0839/data/UVG_CWI_DQPC/UVG-CWI-DQPC/VictoryHeart/he/15fps/VictoryHeart_UVG-CWI-DQPC_HE_15_0_196_0175.ply,197,197,197,197,0,0
VictoryHeart,0176,/gpfs/work3/0/prjs0839/data/UVG_CWI_DQPC/UVG-CWI-DQPC/VictoryHeart/cg/15fps/VictoryHeart_UVG-CWI-DQPC_CG_15_0_196_0176.ply,/gpfs/work3/0/prjs0839/data/UVG_CWI_DQPC/UVG-CWI-DQPC/VictoryHeart/he/15fps/VictoryHeart_UVG-CWI-DQPC_HE_15_0_196_0176.ply,197,197,197,197,0,0
VictoryHeart,0177,/gpfs/work3/0/prjs0839/data/UVG_CWI_DQPC/UVG-CWI-DQPC/VictoryHeart/cg/15fps/VictoryHeart_UVG-CWI-DQPC_CG_15_0_196_0177.ply,/gpfs/work3/0/prjs0839/data/UVG_CWI_DQPC/UVG-CWI-DQPC/VictoryHeart/he/15fps/VictoryHeart_UVG-CWI-DQPC_HE_15_0_196_0177.ply,197,197,197,197,0,0
VictoryHeart,0178,/gpfs/work3/0/prjs0839/data/UVG_CWI_DQPC/UVG-CWI-DQPC/VictoryHeart/cg/15fps/VictoryHeart_UVG-CWI-DQPC_CG_15_0_196_0178.ply,/gpfs/work3/0/prjs0839/data/UVG_CWI_DQPC/UVG-CWI-DQPC/VictoryHeart/he/15fps/VictoryHeart_UVG-CWI-DQPC_HE_15_0_196_0178.ply,197,197,197,197,0,0
VictoryHeart,0179,/gpfs/work3/0/prjs0839/data/UVG_CWI_DQPC/UVG-CWI-DQPC/VictoryHeart/cg/15fps/VictoryHeart_UVG-CWI-DQPC_CG_15_0_196_0179.ply,/gpfs/work3/0/prjs0839/data/UVG_CWI_DQPC/UVG-CWI-DQPC/VictoryHeart/he/15fps/VictoryHeart_UVG-CWI-DQPC_HE_15_0_196_0179.ply,197,197,197,197,0,0
VictoryHeart,0180,/gpfs/work3/0/prjs0839/data/UVG_CWI_DQPC/UVG-CWI-DQPC/VictoryHeart/cg/15fps/VictoryHeart_UVG-CWI-DQPC_CG_15_0_196_0180.ply,/gpfs/work3/0/prjs0839/data/UVG_CWI_DQPC/UVG-CWI-DQPC/VictoryHeart/he/15fps/VictoryHeart_UVG-CWI-DQPC_HE_15_0_196_0180.ply,197,197,197,197,0,0
VictoryHeart,0181,/gpfs/work3/0/prjs0839/data/UVG_CWI_DQPC/UVG-CWI-DQPC/VictoryHeart/cg/15fps/VictoryHeart_UVG-CWI-DQPC_CG_15_0_196_0181.ply,/gpfs/work3/0/prjs0839/data/UVG_CWI_DQPC/UVG-CWI-DQPC/VictoryHeart/he/15fps/VictoryHeart_UVG-CWI-DQPC_HE_15_0_196_0181.ply,197,197,197,197,0,0
VictoryHeart,0182,/gpfs/work3/0/prjs0839/data/UVG_CWI_DQPC/UVG-CWI-DQPC/VictoryHeart/cg/15fps/VictoryHeart_UVG-CWI-DQPC_CG_15_0_196_0182.ply,/gpfs/work3/0/prjs0839/data/UVG_CWI_DQPC/UVG-CWI-DQPC/VictoryHeart/he/15fps/VictoryHeart_UVG-CWI-DQPC_HE_15_0_196_0182.ply,197,197,197,197,0,0
VictoryHeart,0183,/gpfs/work3/0/prjs0839/data/UVG_CWI_DQPC/UVG-CWI-DQPC/VictoryHeart/cg/15fps/VictoryHeart_UVG-CWI-DQPC_CG_15_0_196_0183.ply,/gpfs/work3/0/prjs0839/data/UVG_CWI_DQPC/UVG-CWI-DQPC/VictoryHeart/he/15fps/VictoryHeart_UVG-CWI-DQPC_HE_15_0_196_0183.ply,197,197,197,197,0,0
VictoryHeart,0184,/gpfs/work3/0/prjs0839/data/UVG_CWI_DQPC/UVG-CWI-DQPC/VictoryHeart/cg/15fps/VictoryHeart_UVG-CWI-DQPC_CG_15_0_196_0184.ply,/gpfs/work3/0/prjs0839/data/UVG_CWI_DQPC/UVG-CWI-DQPC/VictoryHeart/he/15fps/VictoryHeart_UVG-CWI-DQPC_HE_15_0_196_0184.ply,197,197,197,197,0,0
VictoryHeart,0185,/gpfs/work3/0/prjs0839/data/UVG_CWI_DQPC/UVG-CWI-DQPC/VictoryHeart/cg/15fps/VictoryHeart_UVG-CWI-DQPC_CG_15_0_196_0185.ply,/gpfs/work3/0/prjs0839/data/UVG_CWI_DQPC/UVG-CWI-DQPC/VictoryHeart/he/15fps/VictoryHeart_UVG-CWI-DQPC_HE_15_0_196_0185.ply,197,197,197,197,0,0
VictoryHeart,0186,/gpfs/work3/0/prjs0839/data/UVG_CWI_DQPC/UVG-CWI-DQPC/VictoryHeart/cg/15fps/VictoryHeart_UVG-CWI-DQPC_CG_15_0_196_0186.ply,/gpfs/work3/0/prjs0839/data/UVG_CWI_DQPC/UVG-CWI-DQPC/VictoryHeart/he/15fps/VictoryHeart_UVG-CWI-DQPC_HE_15_0_196_0186.ply,197,197,197,197,0,0
VictoryHeart,0187,/gpfs/work3/0/prjs0839/data/UVG_CWI_DQPC/UVG-CWI-DQPC/VictoryHeart/cg/15fps/VictoryHeart_UVG-CWI-DQPC_CG_15_0_196_0187.ply,/gpfs/work3/0/prjs0839/data/UVG_CWI_DQPC/UVG-CWI-DQPC/VictoryHeart/he/15fps/VictoryHeart_UVG-CWI-DQPC_HE_15_0_196_0187.ply,197,197,197,197,0,0
VictoryHeart,0188,/gpfs/work3/0/prjs0839/data/UVG_CWI_DQPC/UVG-CWI-DQPC/VictoryHeart/cg/15fps/VictoryHeart_UVG-CWI-DQPC_CG_15_0_196_0188.ply,/gpfs/work3/0/prjs0839/data/UVG_CWI_DQPC/UVG-CWI-DQPC/VictoryHeart/he/15fps/VictoryHeart_UVG-CWI-DQPC_HE_15_0_196_0188.ply,197,197,197,197,0,0
VictoryHeart,0189,/gpfs/work3/0/prjs0839/data/UVG_CWI_DQPC/UVG-CWI-DQPC/VictoryHeart/cg/15fps/VictoryHeart_UVG-CWI-DQPC_CG_15_0_196_0189.ply,/gpfs/work3/0/prjs0839/data/UVG_CWI_DQPC/UVG-CWI-DQPC/VictoryHeart/he/15fps/VictoryHeart_UVG-CWI-DQPC_HE_15_0_196_0189.ply,197,197,197,197,0,0
VictoryHeart,0190,/gpfs/work3/0/prjs0839/data/UVG_CWI_DQPC/UVG-CWI-DQPC/VictoryHeart/cg/15fps/VictoryHeart_UVG-CWI-DQPC_CG_15_0_196_0190.ply,/gpfs/work3/0/prjs0839/data/UVG_CWI_DQPC/UVG-CWI-DQPC/VictoryHeart/he/15fps/VictoryHeart_UVG-CWI-DQPC_HE_15_0_196_0190.ply,197,197,197,197,0,0
VictoryHeart,0191,/gpfs/work3/0/prjs0839/data/UVG_CWI_DQPC/UVG-CWI-DQPC/VictoryHeart/cg/15fps/VictoryHeart_UVG-CWI-DQPC_CG_15_0_196_0191.ply,/gpfs/work3/0/prjs0839/data/UVG_CWI_DQPC/UVG-CWI-DQPC/VictoryHeart/he/15fps/VictoryHeart_UVG-CWI-DQPC_HE_15_0_196_0191.ply,197,197,197,197,0,0
VictoryHeart,0192,/gpfs/work3/0/prjs0839/data/UVG_CWI_DQPC/UVG-CWI-DQPC/VictoryHeart/cg/15fps/VictoryHeart_UVG-CWI-DQPC_CG_15_0_196_0192.ply,/gpfs/work3/0/prjs0839/data/UVG_CWI_DQPC/UVG-CWI-DQPC/VictoryHeart/he/15fps/VictoryHeart_UVG-CWI-DQPC_HE_15_0_196_0192.ply,197,197,197,197,0,0
VictoryHeart,0193,/gpfs/work3/0/prjs0839/data/UVG_CWI_DQPC/UVG-CWI-DQPC/VictoryHeart/cg/15fps/VictoryHeart_UVG-CWI-DQPC_CG_15_0_196_0193.ply,/gpfs/work3/0/prjs0839/data/UVG_CWI_DQPC/UVG-CWI-DQPC/VictoryHeart/he/15fps/VictoryHeart_UVG-CWI-DQPC_HE_15_0_196_0193.ply,197,197,197,197,0,0
VictoryHeart,0194,/gpfs/work3/0/prjs0839/data/UVG_CWI_DQPC/UVG-CWI-DQPC/VictoryHeart/cg/15fps/VictoryHeart_UVG-CWI-DQPC_CG_15_0_196_0194.ply,/gpfs/work3/0/prjs0839/data/UVG_CWI_DQPC/UVG-CWI-DQPC/VictoryHeart/he/15fps/VictoryHeart_UVG-CWI-DQPC_HE_15_0_196_0194.ply,197,197,197,197,0,0
VictoryHeart,0195,/gpfs/work3/0/prjs0839/data/UVG_CWI_DQPC/UVG-CWI-DQPC/VictoryHeart/cg/15fps/VictoryHeart_UVG-CWI-DQPC_CG_15_0_196_0195.ply,/gpfs/work3/0/prjs0839/data/UVG_CWI_DQPC/UVG-CWI-DQPC/VictoryHeart/he/15fps/VictoryHeart_UVG-CWI-DQPC_HE_15_0_196_0195.ply,197,197,197,197,0,0
VictoryHeart,0196,/gpfs/work3/0/prjs0839/data/UVG_CWI_DQPC/UVG-CWI-DQPC/VictoryHeart/cg/15fps/VictoryHeart_UVG-CWI-DQPC_CG_15_0_196_0196.ply,/gpfs/work3/0/prjs0839/data/UVG_CWI_DQPC/UVG-CWI-DQPC/VictoryHeart/he/15fps/VictoryHeart_UVG-CWI-DQPC_HE_15_0_196_0196.ply,197,197,197,197,0,0
VirtualLife,0000,/gpfs/work3/0/prjs0839/data/UVG_CWI_DQPC/UVG-CWI-DQPC/VirtualLife/cg/15fps/VirtualLife_UVG-CWI-DQPC_CG_15_0_195_0000.ply,/gpfs/work3/0/prjs0839/data/UVG_CWI_DQPC/UVG-CWI-DQPC/VirtualLife/he/15fps/VirtualLife_UVG-CWI-DQPC_HE_15_0_195_0000.ply,196,196,196,196,0,0
VirtualLife,0001,/gpfs/work3/0/prjs0839/data/UVG_CWI_DQPC/UVG-CWI-DQPC/VirtualLife/cg/15fps/VirtualLife_UVG-CWI-DQPC_CG_15_0_195_0001.ply,/gpfs/work3/0/prjs0839/data/UVG_CWI_DQPC/UVG-CWI-DQPC/VirtualLife/he/15fps/VirtualLife_UVG-CWI-DQPC_HE_15_0_195_0001.ply,196,196,196,196,0,0
VirtualLife,0002,/gpfs/work3/0/prjs0839/data/UVG_CWI_DQPC/UVG-CWI-DQPC/VirtualLife/cg/15fps/VirtualLife_UVG-CWI-DQPC_CG_15_0_195_0002.ply,/gpfs/work3/0/prjs0839/data/UVG_CWI_DQPC/UVG-CWI-DQPC/VirtualLife/he/15fps/VirtualLife_UVG-CWI-DQPC_HE_15_0_195_0002.ply,196,196,196,196,0,0
VirtualLife,0003,/gpfs/work3/0/prjs0839/data/UVG_CWI_DQPC/UVG-CWI-DQPC/VirtualLife/cg/15fps/VirtualLife_UVG-CWI-DQPC_CG_15_0_195_0003.ply,/gpfs/work3/0/prjs0839/data/UVG_CWI_DQPC/UVG-CWI-DQPC/VirtualLife/he/15fps/VirtualLife_UVG-CWI-DQPC_HE_15_0_195_0003.ply,196,196,196,196,0,0
VirtualLife,0004,/gpfs/work3/0/prjs0839/data/UVG_CWI_DQPC/UVG-CWI-DQPC/VirtualLife/cg/15fps/VirtualLife_UVG-CWI-DQPC_CG_15_0_195_0004.ply,/gpfs/work3/0/prjs0839/data/UVG_CWI_DQPC/UVG-CWI-DQPC/VirtualLife/he/15fps/VirtualLife_UVG-CWI-DQPC_HE_15_0_195_0004.ply,196,196,196,196,0,0
VirtualLife,0005,/gpfs/work3/0/prjs0839/data/UVG_CWI_DQPC/UVG-CWI-DQPC/VirtualLife/cg/15fps/VirtualLife_UVG-CWI-DQPC_CG_15_0_195_0005.ply,/gpfs/work3/0/prjs0839/data/UVG_CWI_DQPC/UVG-CWI-DQPC/VirtualLife/he/15fps/VirtualLife_UVG-CWI-DQPC_HE_15_0_195_0005.ply,196,196,196,196,0,0
VirtualLife,0006,/gpfs/work3/0/prjs0839/data/UVG_CWI_DQPC/UVG-CWI-DQPC/VirtualLife/cg/15fps/VirtualLife_UVG-CWI-DQPC_CG_15_0_195_0006.ply,/gpfs/work3/0/prjs0839/data/UVG_CWI_DQPC/UVG-CWI-DQPC/VirtualLife/he/15fps/VirtualLife_UVG-CWI-DQPC_HE_15_0_195_0006.ply,196,196,196,196,0,0
VirtualLife,0007,/gpfs/work3/0/prjs0839/data/UVG_CWI_DQPC/UVG-CWI-DQPC/VirtualLife/cg/15fps/VirtualLife_UVG-CWI-DQPC_CG_15_0_195_0007.ply,/gpfs/work3/0/prjs0839/data/UVG_CWI_DQPC/UVG-CWI-DQPC/VirtualLife/he/15fps/VirtualLife_UVG-CWI-DQPC_HE_15_0_195_0007.ply,196,196,196,196,0,0
VirtualLife,0008,/gpfs/work3/0/prjs0839/data/UVG_CWI_DQPC/UVG-CWI-DQPC/VirtualLife/cg/15fps/VirtualLife_UVG-CWI-DQPC_CG_15_0_195_0008.ply,/gpfs/work3/0/prjs0839/data/UVG_CWI_DQPC/UVG-CWI-DQPC/VirtualLife/he/15fps/VirtualLife_UVG-CWI-DQPC_HE_15_0_195_0008.ply,196,196,196,196,0,0
VirtualLife,0009,/gpfs/work3/0/prjs0839/data/UVG_CWI_DQPC/UVG-CWI-DQPC/VirtualLife/cg/15fps/VirtualLife_UVG-CWI-DQPC_CG_15_0_195_0009.ply,/gpfs/work3/0/prjs0839/data/UVG_CWI_DQPC/UVG-CWI-DQPC/VirtualLife/he/15fps/VirtualLife_UVG-CWI-DQPC_HE_15_0_195_0009.ply,196,196,196,196,0,0
VirtualLife,0010,/gpfs/work3/0/prjs0839/data/UVG_CWI_DQPC/UVG-CWI-DQPC/VirtualLife/cg/15fps/VirtualLife_UVG-CWI-DQPC_CG_15_0_195_0010.ply,/gpfs/work3/0/prjs0839/data/UVG_CWI_DQPC/UVG-CWI-DQPC/VirtualLife/he/15fps/VirtualLife_UVG-CWI-DQPC_HE_15_0_195_0010.ply,196,196,196,196,0,0
VirtualLife,0011,/gpfs/work3/0/prjs0839/data/UVG_CWI_DQPC/UVG-CWI-DQPC/VirtualLife/cg/15fps/VirtualLife_UVG-CWI-DQPC_CG_15_0_195_0011.ply,/gpfs/work3/0/prjs0839/data/UVG_CWI_DQPC/UVG-CWI-DQPC/VirtualLife/he/15fps/VirtualLife_UVG-CWI-DQPC_HE_15_0_195_0011.ply,196,196,196,196,0,0
VirtualLife,0012,/gpfs/work3/0/prjs0839/data/UVG_CWI_DQPC/UVG-CWI-DQPC/VirtualLife/cg/15fps/VirtualLife_UVG-CWI-DQPC_CG_15_0_195_0012.ply,/gpfs/work3/0/prjs0839/data/UVG_CWI_DQPC/UVG-CWI-DQPC/VirtualLife/he/15fps/VirtualLife_UVG-CWI-DQPC_HE_15_0_195_0012.ply,196,196,196,196,0,0
VirtualLife,0013,/gpfs/work3/0/prjs0839/data/UVG_CWI_DQPC/UVG-CWI-DQPC/VirtualLife/cg/15fps/VirtualLife_UVG-CWI-DQPC_CG_15_0_195_0013.ply,/gpfs/work3/0/prjs0839/data/UVG_CWI_DQPC/UVG-CWI-DQPC/VirtualLife/he/15fps/VirtualLife_UVG-CWI-DQPC_HE_15_0_195_0013.ply,196,196,196,196,0,0
VirtualLife,0014,/gpfs/work3/0/prjs0839/data/UVG_CWI_DQPC/UVG-CWI-DQPC/VirtualLife/cg/15fps/VirtualLife_UVG-CWI-DQPC_CG_15_0_195_0014.ply,/gpfs/work3/0/prjs0839/data/UVG_CWI_DQPC/UVG-CWI-DQPC/VirtualLife/he/15fps/VirtualLife_UVG-CWI-DQPC_HE_15_0_195_0014.ply,196,196,196,196,0,0
VirtualLife,0015,/gpfs/work3/0/prjs0839/data/UVG_CWI_DQPC/UVG-CWI-DQPC/VirtualLife/cg/15fps/VirtualLife_UVG-CWI-DQPC_CG_15_0_195_0015.ply,/gpfs/work3/0/prjs0839/data/UVG_CWI_DQPC/UVG-CWI-DQPC/VirtualLife/he/15fps/VirtualLife_UVG-CWI-DQPC_HE_15_0_195_0015.ply,196,196,196,196,0,0
VirtualLife,0016,/gpfs/work3/0/prjs0839/data/UVG_CWI_DQPC/UVG-CWI-DQPC/VirtualLife/cg/15fps/VirtualLife_UVG-CWI-DQPC_CG_15_0_195_0016.ply,/gpfs/work3/0/prjs0839/data/UVG_CWI_DQPC/UVG-CWI-DQPC/VirtualLife/he/15fps/VirtualLife_UVG-CWI-DQPC_HE_15_0_195_0016.ply,196,196,196,196,0,0
VirtualLife,0017,/gpfs/work3/0/prjs0839/data/UVG_CWI_DQPC/UVG-CWI-DQPC/VirtualLife/cg/15fps/VirtualLife_UVG-CWI-DQPC_CG_15_0_195_0017.ply,/gpfs/work3/0/prjs0839/data/UVG_CWI_DQPC/UVG-CWI-DQPC/VirtualLife/he/15fps/VirtualLife_UVG-CWI-DQPC_HE_15_0_195_0017.ply,196,196,196,196,0,0
VirtualLife,0018,/gpfs/work3/0/prjs0839/data/UVG_CWI_DQPC/UVG-CWI-DQPC/VirtualLife/cg/15fps/VirtualLife_UVG-CWI-DQPC_CG_15_0_195_0018.ply,/gpfs/work3/0/prjs0839/data/UVG_CWI_DQPC/UVG-CWI-DQPC/VirtualLife/he/15fps/VirtualLife_UVG-CWI-DQPC_HE_15_0_195_0018.ply,196,196,196,196,0,0
VirtualLife,0019,/gpfs/work3/0/prjs0839/data/UVG_CWI_DQPC/UVG-CWI-DQPC/VirtualLife/cg/15fps/VirtualLife_UVG-CWI-DQPC_CG_15_0_195_0019.ply,/gpfs/work3/0/prjs0839/data/UVG_CWI_DQPC/UVG-CWI-DQPC/VirtualLife/he/15fps/VirtualLife_UVG-CWI-DQPC_HE_15_0_195_0019.ply,196,196,196,196,0,0
VirtualLife,0020,/gpfs/work3/0/prjs0839/data/UVG_CWI_DQPC/UVG-CWI-DQPC/VirtualLife/cg/15fps/VirtualLife_UVG-CWI-DQPC_CG_15_0_195_0020.ply,/gpfs/work3/0/prjs0839/data/UVG_CWI_DQPC/UVG-CWI-DQPC/VirtualLife/he/15fps/VirtualLife_UVG-CWI-DQPC_HE_15_0_195_0020.ply,196,196,196,196,0,0
VirtualLife,0021,/gpfs/work3/0/prjs0839/data/UVG_CWI_DQPC/UVG-CWI-DQPC/VirtualLife/cg/15fps/VirtualLife_UVG-CWI-DQPC_CG_15_0_195_0021.ply,/gpfs/work3/0/prjs0839/data/UVG_CWI_DQPC/UVG-CWI-DQPC/VirtualLife/he/15fps/VirtualLife_UVG-CWI-DQPC_HE_15_0_195_0021.ply,196,196,196,196,0,0
VirtualLife,0022,/gpfs/work3/0/prjs0839/data/UVG_CWI_DQPC/UVG-CWI-DQPC/VirtualLife/cg/15fps/VirtualLife_UVG-CWI-DQPC_CG_15_0_195_0022.ply,/gpfs/work3/0/prjs0839/data/UVG_CWI_DQPC/UVG-CWI-DQPC/VirtualLife/he/15fps/VirtualLife_UVG-CWI-DQPC_HE_15_0_195_0022.ply,196,196,196,196,0,0
VirtualLife,0023,/gpfs/work3/0/prjs0839/data/UVG_CWI_DQPC/UVG-CWI-DQPC/VirtualLife/cg/15fps/VirtualLife_UVG-CWI-DQPC_CG_15_0_195_0023.ply,/gpfs/work3/0/prjs0839/data/UVG_CWI_DQPC/UVG-CWI-DQPC/VirtualLife/he/15fps/VirtualLife_UVG-CWI-DQPC_HE_15_0_195_0023.ply,196,196,196,196,0,0
VirtualLife,0024,/gpfs/work3/0/prjs0839/data/UVG_CWI_DQPC/UVG-CWI-DQPC/VirtualLife/cg/15fps/VirtualLife_UVG-CWI-DQPC_CG_15_0_195_0024.ply,/gpfs/work3/0/prjs0839/data/UVG_CWI_DQPC/UVG-CWI-DQPC/VirtualLife/he/15fps/VirtualLife_UVG-CWI-DQPC_HE_15_0_195_0024.ply,196,196,196,196,0,0
VirtualLife,0025,/gpfs/work3/0/prjs0839/data/UVG_CWI_DQPC/UVG-CWI-DQPC/VirtualLife/cg/15fps/VirtualLife_UVG-CWI-DQPC_CG_15_0_195_0025.ply,/gpfs/work3/0/prjs0839/data/UVG_CWI_DQPC/UVG-CWI-DQPC/VirtualLife/he/15fps/VirtualLife_UVG-CWI-DQPC_HE_15_0_195_0025.ply,196,196,196,196,0,0
VirtualLife,0026,/gpfs/work3/0/prjs0839/data/UVG_CWI_DQPC/UVG-CWI-DQPC/VirtualLife/cg/15fps/VirtualLife_UVG-CWI-DQPC_CG_15_0_195_0026.ply,/gpfs/work3/0/prjs0839/data/UVG_CWI_DQPC/UVG-CWI-DQPC/VirtualLife/he/15fps/VirtualLife_UVG-CWI-DQPC_HE_15_0_195_0026.ply,196,196,196,196,0,0
VirtualLife,0027,/gpfs/work3/0/prjs0839/data/UVG_CWI_DQPC/UVG-CWI-DQPC/VirtualLife/cg/15fps/VirtualLife_UVG-CWI-DQPC_CG_15_0_195_0027.ply,/gpfs/work3/0/prjs0839/data/UVG_CWI_DQPC/UVG-CWI-DQPC/VirtualLife/he/15fps/VirtualLife_UVG-CWI-DQPC_HE_15_0_195_0027.ply,196,196,196,196,0,0
VirtualLife,0028,/gpfs/work3/0/prjs0839/data/UVG_CWI_DQPC/UVG-CWI-DQPC/VirtualLife/cg/15fps/VirtualLife_UVG-CWI-DQPC_CG_15_0_195_0028.ply,/gpfs/work3/0/prjs0839/data/UVG_CWI_DQPC/UVG-CWI-DQPC/VirtualLife/he/15fps/VirtualLife_UVG-CWI-DQPC_HE_15_0_195_0028.ply,196,196,196,196,0,0
VirtualLife,0029,/gpfs/work3/0/prjs0839/data/UVG_CWI_DQPC/UVG-CWI-DQPC/VirtualLife/cg/15fps/VirtualLife_UVG-CWI-DQPC_CG_15_0_195_0029.ply,/gpfs/work3/0/prjs0839/data/UVG_CWI_DQPC/UVG-CWI-DQPC/VirtualLife/he/15fps/VirtualLife_UVG-CWI-DQPC_HE_15_0_195_0029.ply,196,196,196,196,0,0
VirtualLife,0030,/gpfs/work3/0/prjs0839/data/UVG_CWI_DQPC/UVG-CWI-DQPC/VirtualLife/cg/15fps/VirtualLife_UVG-CWI-DQPC_CG_15_0_195_0030.ply,/gpfs/work3/0/prjs0839/data/UVG_CWI_DQPC/UVG-CWI-DQPC/VirtualLife/he/15fps/VirtualLife_UVG-CWI-DQPC_HE_15_0_195_0030.ply,196,196,196,196,0,0
VirtualLife,0031,/gpfs/work3/0/prjs0839/data/UVG_CWI_DQPC/UVG-CWI-DQPC/VirtualLife/cg/15fps/VirtualLife_UVG-CWI-DQPC_CG_15_0_195_0031.ply,/gpfs/work3/0/prjs0839/data/UVG_CWI_DQPC/UVG-CWI-DQPC/VirtualLife/he/15fps/VirtualLife_UVG-CWI-DQPC_HE_15_0_195_0031.ply,196,196,196,196,0,0
VirtualLife,0032,/gpfs/work3/0/prjs0839/data/UVG_CWI_DQPC/UVG-CWI-DQPC/VirtualLife/cg/15fps/VirtualLife_UVG-CWI-DQPC_CG_15_0_195_0032.ply,/gpfs/work3/0/prjs0839/data/UVG_CWI_DQPC/UVG-CWI-DQPC/VirtualLife/he/15fps/VirtualLife_UVG-CWI-DQPC_HE_15_0_195_0032.ply,196,196,196,196,0,0
VirtualLife,0033,/gpfs/work3/0/prjs0839/data/UVG_CWI_DQPC/UVG-CWI-DQPC/VirtualLife/cg/15fps/VirtualLife_UVG-CWI-DQPC_CG_15_0_195_0033.ply,/gpfs/work3/0/prjs0839/data/UVG_CWI_DQPC/UVG-CWI-DQPC/VirtualLife/he/15fps/VirtualLife_UVG-CWI-DQPC_HE_15_0_195_0033.ply,196,196,196,196,0,0
VirtualLife,0034,/gpfs/work3/0/prjs0839/data/UVG_CWI_DQPC/UVG-CWI-DQPC/VirtualLife/cg/15fps/VirtualLife_UVG-CWI-DQPC_CG_15_0_195_0034.ply,/gpfs/work3/0/prjs0839/data/UVG_CWI_DQPC/UVG-CWI-DQPC/VirtualLife/he/15fps/VirtualLife_UVG-CWI-DQPC_HE_15_0_195_0034.ply,196,196,196,196,0,0
VirtualLife,0035,/gpfs/work3/0/prjs0839/data/UVG_CWI_DQPC/UVG-CWI-DQPC/VirtualLife/cg/15fps/VirtualLife_UVG-CWI-DQPC_CG_15_0_195_0035.ply,/gpfs/work3/0/prjs0839/data/UVG_CWI_DQPC/UVG-CWI-DQPC/VirtualLife/he/15fps/VirtualLife_UVG-CWI-DQPC_HE_15_0_195_0035.ply,196,196,196,196,0,0
VirtualLife,0036,/gpfs/work3/0/prjs0839/data/UVG_CWI_DQPC/UVG-CWI-DQPC/VirtualLife/cg/15fps/VirtualLife_UVG-CWI-DQPC_CG_15_0_195_0036.ply,/gpfs/work3/0/prjs0839/data/UVG_CWI_DQPC/UVG-CWI-DQPC/VirtualLife/he/15fps/VirtualLife_UVG-CWI-DQPC_HE_15_0_195_0036.ply,196,196,196,196,0,0
VirtualLife,0037,/gpfs/work3/0/prjs0839/data/UVG_CWI_DQPC/UVG-CWI-DQPC/VirtualLife/cg/15fps/VirtualLife_UVG-CWI-DQPC_CG_15_0_195_0037.ply,/gpfs/work3/0/prjs0839/data/UVG_CWI_DQPC/UVG-CWI-DQPC/VirtualLife/he/15fps/VirtualLife_UVG-CWI-DQPC_HE_15_0_195_0037.ply,196,196,196,196,0,0
VirtualLife,0038,/gpfs/work3/0/prjs0839/data/UVG_CWI_DQPC/UVG-CWI-DQPC/VirtualLife/cg/15fps/VirtualLife_UVG-CWI-DQPC_CG_15_0_195_0038.ply,/gpfs/work3/0/prjs0839/data/UVG_CWI_DQPC/UVG-CWI-DQPC/VirtualLife/he/15fps/VirtualLife_UVG-CWI-DQPC_HE_15_0_195_0038.ply,196,196,196,196,0,0
VirtualLife,0039,/gpfs/work3/0/prjs0839/data/UVG_CWI_DQPC/UVG-CWI-DQPC/VirtualLife/cg/15fps/VirtualLife_UVG-CWI-DQPC_CG_15_0_195_0039.ply,/gpfs/work3/0/prjs0839/data/UVG_CWI_DQPC/UVG-CWI-DQPC/VirtualLife/he/15fps/VirtualLife_UVG-CWI-DQPC_HE_15_0_195_0039.ply,196,196,196,196,0,0
VirtualLife,0040,/gpfs/work3/0/prjs0839/data/UVG_CWI_DQPC/UVG-CWI-DQPC/VirtualLife/cg/15fps/VirtualLife_UVG-CWI-DQPC_CG_15_0_195_0040.ply,/gpfs/work3/0/prjs0839/data/UVG_CWI_DQPC/UVG-CWI-DQPC/VirtualLife/he/15fps/VirtualLife_UVG-CWI-DQPC_HE_15_0_195_0040.ply,196,196,196,196,0,0
VirtualLife,0041,/gpfs/work3/0/prjs0839/data/UVG_CWI_DQPC/UVG-CWI-DQPC/VirtualLife/cg/15fps/VirtualLife_UVG-CWI-DQPC_CG_15_0_195_0041.ply,/gpfs/work3/0/prjs0839/data/UVG_CWI_DQPC/UVG-CWI-DQPC/VirtualLife/he/15fps/VirtualLife_UVG-CWI-DQPC_HE_15_0_195_0041.ply,196,196,196,196,0,0
VirtualLife,0042,/gpfs/work3/0/prjs0839/data/UVG_CWI_DQPC/UVG-CWI-DQPC/VirtualLife/cg/15fps/VirtualLife_UVG-CWI-DQPC_CG_15_0_195_0042.ply,/gpfs/work3/0/prjs0839/data/UVG_CWI_DQPC/UVG-CWI-DQPC/VirtualLife/he/15fps/VirtualLife_UVG-CWI-DQPC_HE_15_0_195_0042.ply,196,196,196,196,0,0
VirtualLife,0043,/gpfs/work3/0/prjs0839/data/UVG_CWI_DQPC/UVG-CWI-DQPC/VirtualLife/cg/15fps/VirtualLife_UVG-CWI-DQPC_CG_15_0_195_0043.ply,/gpfs/work3/0/prjs0839/data/UVG_CWI_DQPC/UVG-CWI-DQPC/VirtualLife/he/15fps/VirtualLife_UVG-CWI-DQPC_HE_15_0_195_0043.ply,196,196,196,196,0,0
VirtualLife,0044,/gpfs/work3/0/prjs0839/data/UVG_CWI_DQPC/UVG-CWI-DQPC/VirtualLife/cg/15fps/VirtualLife_UVG-CWI-DQPC_CG_15_0_195_0044.ply,/gpfs/work3/0/prjs0839/data/UVG_CWI_DQPC/UVG-CWI-DQPC/VirtualLife/he/15fps/VirtualLife_UVG-CWI-DQPC_HE_15_0_195_0044.ply,196,196,196,196,0,0
VirtualLife,0045,/gpfs/work3/0/prjs0839/data/UVG_CWI_DQPC/UVG-CWI-DQPC/VirtualLife/cg/15fps/VirtualLife_UVG-CWI-DQPC_CG_15_0_195_0045.ply,/gpfs/work3/0/prjs0839/data/UVG_CWI_DQPC/UVG-CWI-DQPC/VirtualLife/he/15fps/VirtualLife_UVG-CWI-DQPC_HE_15_0_195_0045.ply,196,196,196,196,0,0
VirtualLife,0046,/gpfs/work3/0/prjs0839/data/UVG_CWI_DQPC/UVG-CWI-DQPC/VirtualLife/cg/15fps/VirtualLife_UVG-CWI-DQPC_CG_15_0_195_0046.ply,/gpfs/work3/0/prjs0839/data/UVG_CWI_DQPC/UVG-CWI-DQPC/VirtualLife/he/15fps/VirtualLife_UVG-CWI-DQPC_HE_15_0_195_0046.ply,196,196,196,196,0,0
VirtualLife,0047,/gpfs/work3/0/prjs0839/data/UVG_CWI_DQPC/UVG-CWI-DQPC/VirtualLife/cg/15fps/VirtualLife_UVG-CWI-DQPC_CG_15_0_195_0047.ply,/gpfs/work3/0/prjs0839/data/UVG_CWI_DQPC/UVG-CWI-DQPC/VirtualLife/he/15fps/VirtualLife_UVG-CWI-DQPC_HE_15_0_195_0047.ply,196,196,196,196,0,0
VirtualLife,0048,/gpfs/work3/0/prjs0839/data/UVG_CWI_DQPC/UVG-CWI-DQPC/VirtualLife/cg/15fps/VirtualLife_UVG-CWI-DQPC_CG_15_0_195_0048.ply,/gpfs/work3/0/prjs0839/data/UVG_CWI_DQPC/UVG-CWI-DQPC/VirtualLife/he/15fps/VirtualLife_UVG-CWI-DQPC_HE_15_0_195_0048.ply,196,196,196,196,0,0
VirtualLife,0049,/gpfs/work3/0/prjs0839/data/UVG_CWI_DQPC/UVG-CWI-DQPC/VirtualLife/cg/15fps/VirtualLife_UVG-CWI-DQPC_CG_15_0_195_0049.ply,/gpfs/work3/0/prjs0839/data/UVG_CWI_DQPC/UVG-CWI-DQPC/VirtualLife/he/15fps/VirtualLife_UVG-CWI-DQPC_HE_15_0_195_0049.ply,196,196,196,196,0,0
VirtualLife,0050,/gpfs/work3/0/prjs0839/data/UVG_CWI_DQPC/UVG-CWI-DQPC/VirtualLife/cg/15fps/VirtualLife_UVG-CWI-DQPC_CG_15_0_195_0050.ply,/gpfs/work3/0/prjs0839/data/UVG_CWI_DQPC/UVG-CWI-DQPC/VirtualLife/he/15fps/VirtualLife_UVG-CWI-DQPC_HE_15_0_195_0050.ply,196,196,196,196,0,0
VirtualLife,0051,/gpfs/work3/0/prjs0839/data/UVG_CWI_DQPC/UVG-CWI-DQPC/VirtualLife/cg/15fps/VirtualLife_UVG-CWI-DQPC_CG_15_0_195_0051.ply,/gpfs/work3/0/prjs0839/data/UVG_CWI_DQPC/UVG-CWI-DQPC/VirtualLife/he/15fps/VirtualLife_UVG-CWI-DQPC_HE_15_0_195_0051.ply,196,196,196,196,0,0
VirtualLife,0052,/gpfs/work3/0/prjs0839/data/UVG_CWI_DQPC/UVG-CWI-DQPC/VirtualLife/cg/15fps/VirtualLife_UVG-CWI-DQPC_CG_15_0_195_0052.ply,/gpfs/work3/0/prjs0839/data/UVG_CWI_DQPC/UVG-CWI-DQPC/VirtualLife/he/15fps/VirtualLife_UVG-CWI-DQPC_HE_15_0_195_0052.ply,196,196,196,196,0,0
VirtualLife,0053,/gpfs/work3/0/prjs0839/data/UVG_CWI_DQPC/UVG-CWI-DQPC/VirtualLife/cg/15fps/VirtualLife_UVG-CWI-DQPC_CG_15_0_195_0053.ply,/gpfs/work3/0/prjs0839/data/UVG_CWI_DQPC/UVG-CWI-DQPC/VirtualLife/he/15fps/VirtualLife_UVG-CWI-DQPC_HE_15_0_195_0053.ply,196,196,196,196,0,0
VirtualLife,0054,/gpfs/work3/0/prjs0839/data/UVG_CWI_DQPC/UVG-CWI-DQPC/VirtualLife/cg/15fps/VirtualLife_UVG-CWI-DQPC_CG_15_0_195_0054.ply,/gpfs/work3/0/prjs0839/data/UVG_CWI_DQPC/UVG-CWI-DQPC/VirtualLife/he/15fps/VirtualLife_UVG-CWI-DQPC_HE_15_0_195_0054.ply,196,196,196,196,0,0
VirtualLife,0055,/gpfs/work3/0/prjs0839/data/UVG_CWI_DQPC/UVG-CWI-DQPC/VirtualLife/cg/15fps/VirtualLife_UVG-CWI-DQPC_CG_15_0_195_0055.ply,/gpfs/work3/0/prjs0839/data/UVG_CWI_DQPC/UVG-CWI-DQPC/VirtualLife/he/15fps/VirtualLife_UVG-CWI-DQPC_HE_15_0_195_0055.ply,196,196,196,196,0,0
VirtualLife,0056,/gpfs/work3/0/prjs0839/data/UVG_CWI_DQPC/UVG-CWI-DQPC/VirtualLife/cg/15fps/VirtualLife_UVG-CWI-DQPC_CG_15_0_195_0056.ply,/gpfs/work3/0/prjs0839/data/UVG_CWI_DQPC/UVG-CWI-DQPC/VirtualLife/he/15fps/VirtualLife_UVG-CWI-DQPC_HE_15_0_195_0056.ply,196,196,196,196,0,0
VirtualLife,0057,/gpfs/work3/0/prjs0839/data/UVG_CWI_DQPC/UVG-CWI-DQPC/VirtualLife/cg/15fps/VirtualLife_UVG-CWI-DQPC_CG_15_0_195_0057.ply,/gpfs/work3/0/prjs0839/data/UVG_CWI_DQPC/UVG-CWI-DQPC/VirtualLife/he/15fps/VirtualLife_UVG-CWI-DQPC_HE_15_0_195_0057.ply,196,196,196,196,0,0
VirtualLife,0058,/gpfs/work3/0/prjs0839/data/UVG_CWI_DQPC/UVG-CWI-DQPC/VirtualLife/cg/15fps/VirtualLife_UVG-CWI-DQPC_CG_15_0_195_0058.ply,/gpfs/work3/0/prjs0839/data/UVG_CWI_DQPC/UVG-CWI-DQPC/VirtualLife/he/15fps/VirtualLife_UVG-CWI-DQPC_HE_15_0_195_0058.ply,196,196,196,196,0,0
VirtualLife,0059,/gpfs/work3/0/prjs0839/data/UVG_CWI_DQPC/UVG-CWI-DQPC/VirtualLife/cg/15fps/VirtualLife_UVG-CWI-DQPC_CG_15_0_195_0059.ply,/gpfs/work3/0/prjs0839/data/UVG_CWI_DQPC/UVG-CWI-DQPC/VirtualLife/he/15fps/VirtualLife_UVG-CWI-DQPC_HE_15_0_195_0059.ply,196,196,196,196,0,0
VirtualLife,0060,/gpfs/work3/0/prjs0839/data/UVG_CWI_DQPC/UVG-CWI-DQPC/VirtualLife/cg/15fps/VirtualLife_UVG-CWI-DQPC_CG_15_0_195_0060.ply,/gpfs/work3/0/prjs0839/data/UVG_CWI_DQPC/UVG-CWI-DQPC/VirtualLife/he/15fps/VirtualLife_UVG-CWI-DQPC_HE_15_0_195_0060.ply,196,196,196,196,0,0
VirtualLife,0061,/gpfs/work3/0/prjs0839/data/UVG_CWI_DQPC/UVG-CWI-DQPC/VirtualLife/cg/15fps/VirtualLife_UVG-CWI-DQPC_CG_15_0_195_0061.ply,/gpfs/work3/0/prjs0839/data/UVG_CWI_DQPC/UVG-CWI-DQPC/VirtualLife/he/15fps/VirtualLife_UVG-CWI-DQPC_HE_15_0_195_0061.ply,196,196,196,196,0,0
VirtualLife,0062,/gpfs/work3/0/prjs0839/data/UVG_CWI_DQPC/UVG-CWI-DQPC/VirtualLife/cg/15fps/VirtualLife_UVG-CWI-DQPC_CG_15_0_195_0062.ply,/gpfs/work3/0/prjs0839/data/UVG_CWI_DQPC/UVG-CWI-DQPC/VirtualLife/he/15fps/VirtualLife_UVG-CWI-DQPC_HE_15_0_195_0062.ply,196,196,196,196,0,0
VirtualLife,0063,/gpfs/work3/0/prjs0839/data/UVG_CWI_DQPC/UVG-CWI-DQPC/VirtualLife/cg/15fps/VirtualLife_UVG-CWI-DQPC_CG_15_0_195_0063.ply,/gpfs/work3/0/prjs0839/data/UVG_CWI_DQPC/UVG-CWI-DQPC/VirtualLife/he/15fps/VirtualLife_UVG-CWI-DQPC_HE_15_0_195_0063.ply,196,196,196,196,0,0
VirtualLife,0064,/gpfs/work3/0/prjs0839/data/UVG_CWI_DQPC/UVG-CWI-DQPC/VirtualLife/cg/15fps/VirtualLife_UVG-CWI-DQPC_CG_15_0_195_0064.ply,/gpfs/work3/0/prjs0839/data/UVG_CWI_DQPC/UVG-CWI-DQPC/VirtualLife/he/15fps/VirtualLife_UVG-CWI-DQPC_HE_15_0_195_0064.ply,196,196,196,196,0,0
VirtualLife,0065,/gpfs/work3/0/prjs0839/data/UVG_CWI_DQPC/UVG-CWI-DQPC/VirtualLife/cg/15fps/VirtualLife_UVG-CWI-DQPC_CG_15_0_195_0065.ply,/gpfs/work3/0/prjs0839/data/UVG_CWI_DQPC/UVG-CWI-DQPC/VirtualLife/he/15fps/VirtualLife_UVG-CWI-DQPC_HE_15_0_195_0065.ply,196,196,196,196,0,0
VirtualLife,0066,/gpfs/work3/0/prjs0839/data/UVG_CWI_DQPC/UVG-CWI-DQPC/VirtualLife/cg/15fps/VirtualLife_UVG-CWI-DQPC_CG_15_0_195_0066.ply,/gpfs/work3/0/prjs0839/data/UVG_CWI_DQPC/UVG-CWI-DQPC/VirtualLife/he/15fps/VirtualLife_UVG-CWI-DQPC_HE_15_0_195_0066.ply,196,196,196,196,0,0
VirtualLife,0067,/gpfs/work3/0/prjs0839/data/UVG_CWI_DQPC/UVG-CWI-DQPC/VirtualLife/cg/15fps/VirtualLife_UVG-CWI-DQPC_CG_15_0_195_0067.ply,/gpfs/work3/0/prjs0839/data/UVG_CWI_DQPC/UVG-CWI-DQPC/VirtualLife/he/15fps/VirtualLife_UVG-CWI-DQPC_HE_15_0_195_0067.ply,196,196,196,196,0,0
VirtualLife,0068,/gpfs/work3/0/prjs0839/data/UVG_CWI_DQPC/UVG-CWI-DQPC/VirtualLife/cg/15fps/VirtualLife_UVG-CWI-DQPC_CG_15_0_195_0068.ply,/gpfs/work3/0/prjs0839/data/UVG_CWI_DQPC/UVG-CWI-DQPC/VirtualLife/he/15fps/VirtualLife_UVG-CWI-DQPC_HE_15_0_195_0068.ply,196,196,196,196,0,0
VirtualLife,0069,/gpfs/work3/0/prjs0839/data/UVG_CWI_DQPC/UVG-CWI-DQPC/VirtualLife/cg/15fps/VirtualLife_UVG-CWI-DQPC_CG_15_0_195_0069.ply,/gpfs/work3/0/prjs0839/data/UVG_CWI_DQPC/UVG-CWI-DQPC/VirtualLife/he/15fps/VirtualLife_UVG-CWI-DQPC_HE_15_0_195_0069.ply,196,196,196,196,0,0
VirtualLife,0070,/gpfs/work3/0/prjs0839/data/UVG_CWI_DQPC/UVG-CWI-DQPC/VirtualLife/cg/15fps/VirtualLife_UVG-CWI-DQPC_CG_15_0_195_0070.ply,/gpfs/work3/0/prjs0839/data/UVG_CWI_DQPC/UVG-CWI-DQPC/VirtualLife/he/15fps/VirtualLife_UVG-CWI-DQPC_HE_15_0_195_0070.ply,196,196,196,196,0,0
VirtualLife,0071,/gpfs/work3/0/prjs0839/data/UVG_CWI_DQPC/UVG-CWI-DQPC/VirtualLife/cg/15fps/VirtualLife_UVG-CWI-DQPC_CG_15_0_195_0071.ply,/gpfs/work3/0/prjs0839/data/UVG_CWI_DQPC/UVG-CWI-DQPC/VirtualLife/he/15fps/VirtualLife_UVG-CWI-DQPC_HE_15_0_195_0071.ply,196,196,196,196,0,0
VirtualLife,0072,/gpfs/work3/0/prjs0839/data/UVG_CWI_DQPC/UVG-CWI-DQPC/VirtualLife/cg/15fps/VirtualLife_UVG-CWI-DQPC_CG_15_0_195_0072.ply,/gpfs/work3/0/prjs0839/data/UVG_CWI_DQPC/UVG-CWI-DQPC/VirtualLife/he/15fps/VirtualLife_UVG-CWI-DQPC_HE_15_0_195_0072.ply,196,196,196,196,0,0
VirtualLife,0073,/gpfs/work3/0/prjs0839/data/UVG_CWI_DQPC/UVG-CWI-DQPC/VirtualLife/cg/15fps/VirtualLife_UVG-CWI-DQPC_CG_15_0_195_0073.ply,/gpfs/work3/0/prjs0839/data/UVG_CWI_DQPC/UVG-CWI-DQPC/VirtualLife/he/15fps/VirtualLife_UVG-CWI-DQPC_HE_15_0_195_0073.ply,196,196,196,196,0,0
VirtualLife,0074,/gpfs/work3/0/prjs0839/data/UVG_CWI_DQPC/UVG-CWI-DQPC/VirtualLife/cg/15fps/VirtualLife_UVG-CWI-DQPC_CG_15_0_195_0074.ply,/gpfs/work3/0/prjs0839/data/UVG_CWI_DQPC/UVG-CWI-DQPC/VirtualLife/he/15fps/VirtualLife_UVG-CWI-DQPC_HE_15_0_195_0074.ply,196,196,196,196,0,0
VirtualLife,0075,/gpfs/work3/0/prjs0839/data/UVG_CWI_DQPC/UVG-CWI-DQPC/VirtualLife/cg/15fps/VirtualLife_UVG-CWI-DQPC_CG_15_0_195_0075.ply,/gpfs/work3/0/prjs0839/data/UVG_CWI_DQPC/UVG-CWI-DQPC/VirtualLife/he/15fps/VirtualLife_UVG-CWI-DQPC_HE_15_0_195_0075.ply,196,196,196,196,0,0
VirtualLife,0076,/gpfs/work3/0/prjs0839/data/UVG_CWI_DQPC/UVG-CWI-DQPC/VirtualLife/cg/15fps/VirtualLife_UVG-CWI-DQPC_CG_15_0_195_0076.ply,/gpfs/work3/0/prjs0839/data/UVG_CWI_DQPC/UVG-CWI-DQPC/VirtualLife/he/15fps/VirtualLife_UVG-CWI-DQPC_HE_15_0_195_0076.ply,196,196,196,196,0,0
VirtualLife,0077,/gpfs/work3/0/prjs0839/data/UVG_CWI_DQPC/UVG-CWI-DQPC/VirtualLife/cg/15fps/VirtualLife_UVG-CWI-DQPC_CG_15_0_195_0077.ply,/gpfs/work3/0/prjs0839/data/UVG_CWI_DQPC/UVG-CWI-DQPC/VirtualLife/he/15fps/VirtualLife_UVG-CWI-DQPC_HE_15_0_195_0077.ply,196,196,196,196,0,0
VirtualLife,0078,/gpfs/work3/0/prjs0839/data/UVG_CWI_DQPC/UVG-CWI-DQPC/VirtualLife/cg/15fps/VirtualLife_UVG-CWI-DQPC_CG_15_0_195_0078.ply,/gpfs/work3/0/prjs0839/data/UVG_CWI_DQPC/UVG-CWI-DQPC/VirtualLife/he/15fps/VirtualLife_UVG-CWI-DQPC_HE_15_0_195_0078.ply,196,196,196,196,0,0
VirtualLife,0079,/gpfs/work3/0/prjs0839/data/UVG_CWI_DQPC/UVG-CWI-DQPC/VirtualLife/cg/15fps/VirtualLife_UVG-CWI-DQPC_CG_15_0_195_0079.ply,/gpfs/work3/0/prjs0839/data/UVG_CWI_DQPC/UVG-CWI-DQPC/VirtualLife/he/15fps/VirtualLife_UVG-CWI-DQPC_HE_15_0_195_0079.ply,196,196,196,196,0,0
VirtualLife,0080,/gpfs/work3/0/prjs0839/data/UVG_CWI_DQPC/UVG-CWI-DQPC/VirtualLife/cg/15fps/VirtualLife_UVG-CWI-DQPC_CG_15_0_195_0080.ply,/gpfs/work3/0/prjs0839/data/UVG_CWI_DQPC/UVG-CWI-DQPC/VirtualLife/he/15fps/VirtualLife_UVG-CWI-DQPC_HE_15_0_195_0080.ply,196,196,196,196,0,0
VirtualLife,0081,/gpfs/work3/0/prjs0839/data/UVG_CWI_DQPC/UVG-CWI-DQPC/VirtualLife/cg/15fps/VirtualLife_UVG-CWI-DQPC_CG_15_0_195_0081.ply,/gpfs/work3/0/prjs0839/data/UVG_CWI_DQPC/UVG-CWI-DQPC/VirtualLife/he/15fps/VirtualLife_UVG-CWI-DQPC_HE_15_0_195_0081.ply,196,196,196,196,0,0
VirtualLife,0082,/gpfs/work3/0/prjs0839/data/UVG_CWI_DQPC/UVG-CWI-DQPC/VirtualLife/cg/15fps/VirtualLife_UVG-CWI-DQPC_CG_15_0_195_0082.ply,/gpfs/work3/0/prjs0839/data/UVG_CWI_DQPC/UVG-CWI-DQPC/VirtualLife/he/15fps/VirtualLife_UVG-CWI-DQPC_HE_15_0_195_0082.ply,196,196,196,196,0,0
VirtualLife,0083,/gpfs/work3/0/prjs0839/data/UVG_CWI_DQPC/UVG-CWI-DQPC/VirtualLife/cg/15fps/VirtualLife_UVG-CWI-DQPC_CG_15_0_195_0083.ply,/gpfs/work3/0/prjs0839/data/UVG_CWI_DQPC/UVG-CWI-DQPC/VirtualLife/he/15fps/VirtualLife_UVG-CWI-DQPC_HE_15_0_195_0083.ply,196,196,196,196,0,0
VirtualLife,0084,/gpfs/work3/0/prjs0839/data/UVG_CWI_DQPC/UVG-CWI-DQPC/VirtualLife/cg/15fps/VirtualLife_UVG-CWI-DQPC_CG_15_0_195_0084.ply,/gpfs/work3/0/prjs0839/data/UVG_CWI_DQPC/UVG-CWI-DQPC/VirtualLife/he/15fps/VirtualLife_UVG-CWI-DQPC_HE_15_0_195_0084.ply,196,196,196,196,0,0
VirtualLife,0085,/gpfs/work3/0/prjs0839/data/UVG_CWI_DQPC/UVG-CWI-DQPC/VirtualLife/cg/15fps/VirtualLife_UVG-CWI-DQPC_CG_15_0_195_0085.ply,/gpfs/work3/0/prjs0839/data/UVG_CWI_DQPC/UVG-CWI-DQPC/VirtualLife/he/15fps/VirtualLife_UVG-CWI-DQPC_HE_15_0_195_0085.ply,196,196,196,196,0,0
VirtualLife,0086,/gpfs/work3/0/prjs0839/data/UVG_CWI_DQPC/UVG-CWI-DQPC/VirtualLife/cg/15fps/VirtualLife_UVG-CWI-DQPC_CG_15_0_195_0086.ply,/gpfs/work3/0/prjs0839/data/UVG_CWI_DQPC/UVG-CWI-DQPC/VirtualLife/he/15fps/VirtualLife_UVG-CWI-DQPC_HE_15_0_195_0086.ply,196,196,196,196,0,0
VirtualLife,0087,/gpfs/work3/0/prjs0839/data/UVG_CWI_DQPC/UVG-CWI-DQPC/VirtualLife/cg/15fps/VirtualLife_UVG-CWI-DQPC_CG_15_0_195_0087.ply,/gpfs/work3/0/prjs0839/data/UVG_CWI_DQPC/UVG-CWI-DQPC/VirtualLife/he/15fps/VirtualLife_UVG-CWI-DQPC_HE_15_0_195_0087.ply,196,196,196,196,0,0
VirtualLife,0088,/gpfs/work3/0/prjs0839/data/UVG_CWI_DQPC/UVG-CWI-DQPC/VirtualLife/cg/15fps/VirtualLife_UVG-CWI-DQPC_CG_15_0_195_0088.ply,/gpfs/work3/0/prjs0839/data/UVG_CWI_DQPC/UVG-CWI-DQPC/VirtualLife/he/15fps/VirtualLife_UVG-CWI-DQPC_HE_15_0_195_0088.ply,196,196,196,196,0,0
VirtualLife,0089,/gpfs/work3/0/prjs0839/data/UVG_CWI_DQPC/UVG-CWI-DQPC/VirtualLife/cg/15fps/VirtualLife_UVG-CWI-DQPC_CG_15_0_195_0089.ply,/gpfs/work3/0/prjs0839/data/UVG_CWI_DQPC/UVG-CWI-DQPC/VirtualLife/he/15fps/VirtualLife_UVG-CWI-DQPC_HE_15_0_195_0089.ply,196,196,196,196,0,0
VirtualLife,0090,/gpfs/work3/0/prjs0839/data/UVG_CWI_DQPC/UVG-CWI-DQPC/VirtualLife/cg/15fps/VirtualLife_UVG-CWI-DQPC_CG_15_0_195_0090.ply,/gpfs/work3/0/prjs0839/data/UVG_CWI_DQPC/UVG-CWI-DQPC/VirtualLife/he/15fps/VirtualLife_UVG-CWI-DQPC_HE_15_0_195_0090.ply,196,196,196,196,0,0
VirtualLife,0091,/gpfs/work3/0/prjs0839/data/UVG_CWI_DQPC/UVG-CWI-DQPC/VirtualLife/cg/15fps/VirtualLife_UVG-CWI-DQPC_CG_15_0_195_0091.ply,/gpfs/work3/0/prjs0839/data/UVG_CWI_DQPC/UVG-CWI-DQPC/VirtualLife/he/15fps/VirtualLife_UVG-CWI-DQPC_HE_15_0_195_0091.ply,196,196,196,196,0,0
VirtualLife,0092,/gpfs/work3/0/prjs0839/data/UVG_CWI_DQPC/UVG-CWI-DQPC/VirtualLife/cg/15fps/VirtualLife_UVG-CWI-DQPC_CG_15_0_195_0092.ply,/gpfs/work3/0/prjs0839/data/UVG_CWI_DQPC/UVG-CWI-DQPC/VirtualLife/he/15fps/VirtualLife_UVG-CWI-DQPC_HE_15_0_195_0092.ply,196,196,196,196,0,0
VirtualLife,0093,/gpfs/work3/0/prjs0839/data/UVG_CWI_DQPC/UVG-CWI-DQPC/VirtualLife/cg/15fps/VirtualLife_UVG-CWI-DQPC_CG_15_0_195_0093.ply,/gpfs/work3/0/prjs0839/data/UVG_CWI_DQPC/UVG-CWI-DQPC/VirtualLife/he/15fps/VirtualLife_UVG-CWI-DQPC_HE_15_0_195_0093.ply,196,196,196,196,0,0
VirtualLife,0094,/gpfs/work3/0/prjs0839/data/UVG_CWI_DQPC/UVG-CWI-DQPC/VirtualLife/cg/15fps/VirtualLife_UVG-CWI-DQPC_CG_15_0_195_0094.ply,/gpfs/work3/0/prjs0839/data/UVG_CWI_DQPC/UVG-CWI-DQPC/VirtualLife/he/15fps/VirtualLife_UVG-CWI-DQPC_HE_15_0_195_0094.ply,196,196,196,196,0,0
VirtualLife,0095,/gpfs/work3/0/prjs0839/data/UVG_CWI_DQPC/UVG-CWI-DQPC/VirtualLife/cg/15fps/VirtualLife_UVG-CWI-DQPC_CG_15_0_195_0095.ply,/gpfs/work3/0/prjs0839/data/UVG_CWI_DQPC/UVG-CWI-DQPC/VirtualLife/he/15fps/VirtualLife_UVG-CWI-DQPC_HE_15_0_195_0095.ply,196,196,196,196,0,0
VirtualLife,0096,/gpfs/work3/0/prjs0839/data/UVG_CWI_DQPC/UVG-CWI-DQPC/VirtualLife/cg/15fps/VirtualLife_UVG-CWI-DQPC_CG_15_0_195_0096.ply,/gpfs/work3/0/prjs0839/data/UVG_CWI_DQPC/UVG-CWI-DQPC/VirtualLife/he/15fps/VirtualLife_UVG-CWI-DQPC_HE_15_0_195_0096.ply,196,196,196,196,0,0
VirtualLife,0097,/gpfs/work3/0/prjs0839/data/UVG_CWI_DQPC/UVG-CWI-DQPC/VirtualLife/cg/15fps/VirtualLife_UVG-CWI-DQPC_CG_15_0_195_0097.ply,/gpfs/work3/0/prjs0839/data/UVG_CWI_DQPC/UVG-CWI-DQPC/VirtualLife/he/15fps/VirtualLife_UVG-CWI-DQPC_HE_15_0_195_0097.ply,196,196,196,196,0,0
VirtualLife,0098,/gpfs/work3/0/prjs0839/data/UVG_CWI_DQPC/UVG-CWI-DQPC/VirtualLife/cg/15fps/VirtualLife_UVG-CWI-DQPC_CG_15_0_195_0098.ply,/gpfs/work3/0/prjs0839/data/UVG_CWI_DQPC/UVG-CWI-DQPC/VirtualLife/he/15fps/VirtualLife_UVG-CWI-DQPC_HE_15_0_195_0098.ply,196,196,196,196,0,0
VirtualLife,0099,/gpfs/work3/0/prjs0839/data/UVG_CWI_DQPC/UVG-CWI-DQPC/VirtualLife/cg/15fps/VirtualLife_UVG-CWI-DQPC_CG_15_0_195_0099.ply,/gpfs/work3/0/prjs0839/data/UVG_CWI_DQPC/UVG-CWI-DQPC/VirtualLife/he/15fps/VirtualLife_UVG-CWI-DQPC_HE_15_0_195_0099.ply,196,196,196,196,0,0
VirtualLife,0100,/gpfs/work3/0/prjs0839/data/UVG_CWI_DQPC/UVG-CWI-DQPC/VirtualLife/cg/15fps/VirtualLife_UVG-CWI-DQPC_CG_15_0_195_0100.ply,/gpfs/work3/0/prjs0839/data/UVG_CWI_DQPC/UVG-CWI-DQPC/VirtualLife/he/15fps/VirtualLife_UVG-CWI-DQPC_HE_15_0_195_0100.ply,196,196,196,196,0,0
VirtualLife,0101,/gpfs/work3/0/prjs0839/data/UVG_CWI_DQPC/UVG-CWI-DQPC/VirtualLife/cg/15fps/VirtualLife_UVG-CWI-DQPC_CG_15_0_195_0101.ply,/gpfs/work3/0/prjs0839/data/UVG_CWI_DQPC/UVG-CWI-DQPC/VirtualLife/he/15fps/VirtualLife_UVG-CWI-DQPC_HE_15_0_195_0101.ply,196,196,196,196,0,0
VirtualLife,0102,/gpfs/work3/0/prjs0839/data/UVG_CWI_DQPC/UVG-CWI-DQPC/VirtualLife/cg/15fps/VirtualLife_UVG-CWI-DQPC_CG_15_0_195_0102.ply,/gpfs/work3/0/prjs0839/data/UVG_CWI_DQPC/UVG-CWI-DQPC/VirtualLife/he/15fps/VirtualLife_UVG-CWI-DQPC_HE_15_0_195_0102.ply,196,196,196,196,0,0
VirtualLife,0103,/gpfs/work3/0/prjs0839/data/UVG_CWI_DQPC/UVG-CWI-DQPC/VirtualLife/cg/15fps/VirtualLife_UVG-CWI-DQPC_CG_15_0_195_0103.ply,/gpfs/work3/0/prjs0839/data/UVG_CWI_DQPC/UVG-CWI-DQPC/VirtualLife/he/15fps/VirtualLife_UVG-CWI-DQPC_HE_15_0_195_0103.ply,196,196,196,196,0,0
VirtualLife,0104,/gpfs/work3/0/prjs0839/data/UVG_CWI_DQPC/UVG-CWI-DQPC/VirtualLife/cg/15fps/VirtualLife_UVG-CWI-DQPC_CG_15_0_195_0104.ply,/gpfs/work3/0/prjs0839/data/UVG_CWI_DQPC/UVG-CWI-DQPC/VirtualLife/he/15fps/VirtualLife_UVG-CWI-DQPC_HE_15_0_195_0104.ply,196,196,196,196,0,0
VirtualLife,0105,/gpfs/work3/0/prjs0839/data/UVG_CWI_DQPC/UVG-CWI-DQPC/VirtualLife/cg/15fps/VirtualLife_UVG-CWI-DQPC_CG_15_0_195_0105.ply,/gpfs/work3/0/prjs0839/data/UVG_CWI_DQPC/UVG-CWI-DQPC/VirtualLife/he/15fps/VirtualLife_UVG-CWI-DQPC_HE_15_0_195_0105.ply,196,196,196,196,0,0
VirtualLife,0106,/gpfs/work3/0/prjs0839/data/UVG_CWI_DQPC/UVG-CWI-DQPC/VirtualLife/cg/15fps/VirtualLife_UVG-CWI-DQPC_CG_15_0_195_0106.ply,/gpfs/work3/0/prjs0839/data/UVG_CWI_DQPC/UVG-CWI-DQPC/VirtualLife/he/15fps/VirtualLife_UVG-CWI-DQPC_HE_15_0_195_0106.ply,196,196,196,196,0,0
VirtualLife,0107,/gpfs/work3/0/prjs0839/data/UVG_CWI_DQPC/UVG-CWI-DQPC/VirtualLife/cg/15fps/VirtualLife_UVG-CWI-DQPC_CG_15_0_195_0107.ply,/gpfs/work3/0/prjs0839/data/UVG_CWI_DQPC/UVG-CWI-DQPC/VirtualLife/he/15fps/VirtualLife_UVG-CWI-DQPC_HE_15_0_195_0107.ply,196,196,196,196,0,0
VirtualLife,0108,/gpfs/work3/0/prjs0839/data/UVG_CWI_DQPC/UVG-CWI-DQPC/VirtualLife/cg/15fps/VirtualLife_UVG-CWI-DQPC_CG_15_0_195_0108.ply,/gpfs/work3/0/prjs0839/data/UVG_CWI_DQPC/UVG-CWI-DQPC/VirtualLife/he/15fps/VirtualLife_UVG-CWI-DQPC_HE_15_0_195_0108.ply,196,196,196,196,0,0
VirtualLife,0109,/gpfs/work3/0/prjs0839/data/UVG_CWI_DQPC/UVG-CWI-DQPC/VirtualLife/cg/15fps/VirtualLife_UVG-CWI-DQPC_CG_15_0_195_0109.ply,/gpfs/work3/0/prjs0839/data/UVG_CWI_DQPC/UVG-CWI-DQPC/VirtualLife/he/15fps/VirtualLife_UVG-CWI-DQPC_HE_15_0_195_0109.ply,196,196,196,196,0,0
VirtualLife,0110,/gpfs/work3/0/prjs0839/data/UVG_CWI_DQPC/UVG-CWI-DQPC/VirtualLife/cg/15fps/VirtualLife_UVG-CWI-DQPC_CG_15_0_195_0110.ply,/gpfs/work3/0/prjs0839/data/UVG_CWI_DQPC/UVG-CWI-DQPC/VirtualLife/he/15fps/VirtualLife_UVG-CWI-DQPC_HE_15_0_195_0110.ply,196,196,196,196,0,0
VirtualLife,0111,/gpfs/work3/0/prjs0839/data/UVG_CWI_DQPC/UVG-CWI-DQPC/VirtualLife/cg/15fps/VirtualLife_UVG-CWI-DQPC_CG_15_0_195_0111.ply,/gpfs/work3/0/prjs0839/data/UVG_CWI_DQPC/UVG-CWI-DQPC/VirtualLife/he/15fps/VirtualLife_UVG-CWI-DQPC_HE_15_0_195_0111.ply,196,196,196,196,0,0
VirtualLife,0112,/gpfs/work3/0/prjs0839/data/UVG_CWI_DQPC/UVG-CWI-DQPC/VirtualLife/cg/15fps/VirtualLife_UVG-CWI-DQPC_CG_15_0_195_0112.ply,/gpfs/work3/0/prjs0839/data/UVG_CWI_DQPC/UVG-CWI-DQPC/VirtualLife/he/15fps/VirtualLife_UVG-CWI-DQPC_HE_15_0_195_0112.ply,196,196,196,196,0,0
VirtualLife,0113,/gpfs/work3/0/prjs0839/data/UVG_CWI_DQPC/UVG-CWI-DQPC/VirtualLife/cg/15fps/VirtualLife_UVG-CWI-DQPC_CG_15_0_195_0113.ply,/gpfs/work3/0/prjs0839/data/UVG_CWI_DQPC/UVG-CWI-DQPC/VirtualLife/he/15fps/VirtualLife_UVG-CWI-DQPC_HE_15_0_195_0113.ply,196,196,196,196,0,0
VirtualLife,0114,/gpfs/work3/0/prjs0839/data/UVG_CWI_DQPC/UVG-CWI-DQPC/VirtualLife/cg/15fps/VirtualLife_UVG-CWI-DQPC_CG_15_0_195_0114.ply,/gpfs/work3/0/prjs0839/data/UVG_CWI_DQPC/UVG-CWI-DQPC/VirtualLife/he/15fps/VirtualLife_UVG-CWI-DQPC_HE_15_0_195_0114.ply,196,196,196,196,0,0
VirtualLife,0115,/gpfs/work3/0/prjs0839/data/UVG_CWI_DQPC/UVG-CWI-DQPC/VirtualLife/cg/15fps/VirtualLife_UVG-CWI-DQPC_CG_15_0_195_0115.ply,/gpfs/work3/0/prjs0839/data/UVG_CWI_DQPC/UVG-CWI-DQPC/VirtualLife/he/15fps/VirtualLife_UVG-CWI-DQPC_HE_15_0_195_0115.ply,196,196,196,196,0,0
VirtualLife,0116,/gpfs/work3/0/prjs0839/data/UVG_CWI_DQPC/UVG-CWI-DQPC/VirtualLife/cg/15fps/VirtualLife_UVG-CWI-DQPC_CG_15_0_195_0116.ply,/gpfs/work3/0/prjs0839/data/UVG_CWI_DQPC/UVG-CWI-DQPC/VirtualLife/he/15fps/VirtualLife_UVG-CWI-DQPC_HE_15_0_195_0116.ply,196,196,196,196,0,0
VirtualLife,0117,/gpfs/work3/0/prjs0839/data/UVG_CWI_DQPC/UVG-CWI-DQPC/VirtualLife/cg/15fps/VirtualLife_UVG-CWI-DQPC_CG_15_0_195_0117.ply,/gpfs/work3/0/prjs0839/data/UVG_CWI_DQPC/UVG-CWI-DQPC/VirtualLife/he/15fps/VirtualLife_UVG-CWI-DQPC_HE_15_0_195_0117.ply,196,196,196,196,0,0
VirtualLife,0118,/gpfs/work3/0/prjs0839/data/UVG_CWI_DQPC/UVG-CWI-DQPC/VirtualLife/cg/15fps/VirtualLife_UVG-CWI-DQPC_CG_15_0_195_0118.ply,/gpfs/work3/0/prjs0839/data/UVG_CWI_DQPC/UVG-CWI-DQPC/VirtualLife/he/15fps/VirtualLife_UVG-CWI-DQPC_HE_15_0_195_0118.ply,196,196,196,196,0,0
VirtualLife,0119,/gpfs/work3/0/prjs0839/data/UVG_CWI_DQPC/UVG-CWI-DQPC/VirtualLife/cg/15fps/VirtualLife_UVG-CWI-DQPC_CG_15_0_195_0119.ply,/gpfs/work3/0/prjs0839/data/UVG_CWI_DQPC/UVG-CWI-DQPC/VirtualLife/he/15fps/VirtualLife_UVG-CWI-DQPC_HE_15_0_195_0119.ply,196,196,196,196,0,0
VirtualLife,0120,/gpfs/work3/0/prjs0839/data/UVG_CWI_DQPC/UVG-CWI-DQPC/VirtualLife/cg/15fps/VirtualLife_UVG-CWI-DQPC_CG_15_0_195_0120.ply,/gpfs/work3/0/prjs0839/data/UVG_CWI_DQPC/UVG-CWI-DQPC/VirtualLife/he/15fps/VirtualLife_UVG-CWI-DQPC_HE_15_0_195_0120.ply,196,196,196,196,0,0
VirtualLife,0121,/gpfs/work3/0/prjs0839/data/UVG_CWI_DQPC/UVG-CWI-DQPC/VirtualLife/cg/15fps/VirtualLife_UVG-CWI-DQPC_CG_15_0_195_0121.ply,/gpfs/work3/0/prjs0839/data/UVG_CWI_DQPC/UVG-CWI-DQPC/VirtualLife/he/15fps/VirtualLife_UVG-CWI-DQPC_HE_15_0_195_0121.ply,196,196,196,196,0,0
VirtualLife,0122,/gpfs/work3/0/prjs0839/data/UVG_CWI_DQPC/UVG-CWI-DQPC/VirtualLife/cg/15fps/VirtualLife_UVG-CWI-DQPC_CG_15_0_195_0122.ply,/gpfs/work3/0/prjs0839/data/UVG_CWI_DQPC/UVG-CWI-DQPC/VirtualLife/he/15fps/VirtualLife_UVG-CWI-DQPC_HE_15_0_195_0122.ply,196,196,196,196,0,0
VirtualLife,0123,/gpfs/work3/0/prjs0839/data/UVG_CWI_DQPC/UVG-CWI-DQPC/VirtualLife/cg/15fps/VirtualLife_UVG-CWI-DQPC_CG_15_0_195_0123.ply,/gpfs/work3/0/prjs0839/data/UVG_CWI_DQPC/UVG-CWI-DQPC/VirtualLife/he/15fps/VirtualLife_UVG-CWI-DQPC_HE_15_0_195_0123.ply,196,196,196,196,0,0
VirtualLife,0124,/gpfs/work3/0/prjs0839/data/UVG_CWI_DQPC/UVG-CWI-DQPC/VirtualLife/cg/15fps/VirtualLife_UVG-CWI-DQPC_CG_15_0_195_0124.ply,/gpfs/work3/0/prjs0839/data/UVG_CWI_DQPC/UVG-CWI-DQPC/VirtualLife/he/15fps/VirtualLife_UVG-CWI-DQPC_HE_15_0_195_0124.ply,196,196,196,196,0,0
VirtualLife,0125,/gpfs/work3/0/prjs0839/data/UVG_CWI_DQPC/UVG-CWI-DQPC/VirtualLife/cg/15fps/VirtualLife_UVG-CWI-DQPC_CG_15_0_195_0125.ply,/gpfs/work3/0/prjs0839/data/UVG_CWI_DQPC/UVG-CWI-DQPC/VirtualLife/he/15fps/VirtualLife_UVG-CWI-DQPC_HE_15_0_195_0125.ply,196,196,196,196,0,0
VirtualLife,0126,/gpfs/work3/0/prjs0839/data/UVG_CWI_DQPC/UVG-CWI-DQPC/VirtualLife/cg/15fps/VirtualLife_UVG-CWI-DQPC_CG_15_0_195_0126.ply,/gpfs/work3/0/prjs0839/data/UVG_CWI_DQPC/UVG-CWI-DQPC/VirtualLife/he/15fps/VirtualLife_UVG-CWI-DQPC_HE_15_0_195_0126.ply,196,196,196,196,0,0
VirtualLife,0127,/gpfs/work3/0/prjs0839/data/UVG_CWI_DQPC/UVG-CWI-DQPC/VirtualLife/cg/15fps/VirtualLife_UVG-CWI-DQPC_CG_15_0_195_0127.ply,/gpfs/work3/0/prjs0839/data/UVG_CWI_DQPC/UVG-CWI-DQPC/VirtualLife/he/15fps/VirtualLife_UVG-CWI-DQPC_HE_15_0_195_0127.ply,196,196,196,196,0,0
VirtualLife,0128,/gpfs/work3/0/prjs0839/data/UVG_CWI_DQPC/UVG-CWI-DQPC/VirtualLife/cg/15fps/VirtualLife_UVG-CWI-DQPC_CG_15_0_195_0128.ply,/gpfs/work3/0/prjs0839/data/UVG_CWI_DQPC/UVG-CWI-DQPC/VirtualLife/he/15fps/VirtualLife_UVG-CWI-DQPC_HE_15_0_195_0128.ply,196,196,196,196,0,0
VirtualLife,0129,/gpfs/work3/0/prjs0839/data/UVG_CWI_DQPC/UVG-CWI-DQPC/VirtualLife/cg/15fps/VirtualLife_UVG-CWI-DQPC_CG_15_0_195_0129.ply,/gpfs/work3/0/prjs0839/data/UVG_CWI_DQPC/UVG-CWI-DQPC/VirtualLife/he/15fps/VirtualLife_UVG-CWI-DQPC_HE_15_0_195_0129.ply,196,196,196,196,0,0
VirtualLife,0130,/gpfs/work3/0/prjs0839/data/UVG_CWI_DQPC/UVG-CWI-DQPC/VirtualLife/cg/15fps/VirtualLife_UVG-CWI-DQPC_CG_15_0_195_0130.ply,/gpfs/work3/0/prjs0839/data/UVG_CWI_DQPC/UVG-CWI-DQPC/VirtualLife/he/15fps/VirtualLife_UVG-CWI-DQPC_HE_15_0_195_0130.ply,196,196,196,196,0,0
VirtualLife,0131,/gpfs/work3/0/prjs0839/data/UVG_CWI_DQPC/UVG-CWI-DQPC/VirtualLife/cg/15fps/VirtualLife_UVG-CWI-DQPC_CG_15_0_195_0131.ply,/gpfs/work3/0/prjs0839/data/UVG_CWI_DQPC/UVG-CWI-DQPC/VirtualLife/he/15fps/VirtualLife_UVG-CWI-DQPC_HE_15_0_195_0131.ply,196,196,196,196,0,0
VirtualLife,0132,/gpfs/work3/0/prjs0839/data/UVG_CWI_DQPC/UVG-CWI-DQPC/VirtualLife/cg/15fps/VirtualLife_UVG-CWI-DQPC_CG_15_0_195_0132.ply,/gpfs/work3/0/prjs0839/data/UVG_CWI_DQPC/UVG-CWI-DQPC/VirtualLife/he/15fps/VirtualLife_UVG-CWI-DQPC_HE_15_0_195_0132.ply,196,196,196,196,0,0
VirtualLife,0133,/gpfs/work3/0/prjs0839/data/UVG_CWI_DQPC/UVG-CWI-DQPC/VirtualLife/cg/15fps/VirtualLife_UVG-CWI-DQPC_CG_15_0_195_0133.ply,/gpfs/work3/0/prjs0839/data/UVG_CWI_DQPC/UVG-CWI-DQPC/VirtualLife/he/15fps/VirtualLife_UVG-CWI-DQPC_HE_15_0_195_0133.ply,196,196,196,196,0,0
VirtualLife,0134,/gpfs/work3/0/prjs0839/data/UVG_CWI_DQPC/UVG-CWI-DQPC/VirtualLife/cg/15fps/VirtualLife_UVG-CWI-DQPC_CG_15_0_195_0134.ply,/gpfs/work3/0/prjs0839/data/UVG_CWI_DQPC/UVG-CWI-DQPC/VirtualLife/he/15fps/VirtualLife_UVG-CWI-DQPC_HE_15_0_195_0134.ply,196,196,196,196,0,0
VirtualLife,0135,/gpfs/work3/0/prjs0839/data/UVG_CWI_DQPC/UVG-CWI-DQPC/VirtualLife/cg/15fps/VirtualLife_UVG-CWI-DQPC_CG_15_0_195_0135.ply,/gpfs/work3/0/prjs0839/data/UVG_CWI_DQPC/UVG-CWI-DQPC/VirtualLife/he/15fps/VirtualLife_UVG-CWI-DQPC_HE_15_0_195_0135.ply,196,196,196,196,0,0
VirtualLife,0136,/gpfs/work3/0/prjs0839/data/UVG_CWI_DQPC/UVG-CWI-DQPC/VirtualLife/cg/15fps/VirtualLife_UVG-CWI-DQPC_CG_15_0_195_0136.ply,/gpfs/work3/0/prjs0839/data/UVG_CWI_DQPC/UVG-CWI-DQPC/VirtualLife/he/15fps/VirtualLife_UVG-CWI-DQPC_HE_15_0_195_0136.ply,196,196,196,196,0,0
VirtualLife,0137,/gpfs/work3/0/prjs0839/data/UVG_CWI_DQPC/UVG-CWI-DQPC/VirtualLife/cg/15fps/VirtualLife_UVG-CWI-DQPC_CG_15_0_195_0137.ply,/gpfs/work3/0/prjs0839/data/UVG_CWI_DQPC/UVG-CWI-DQPC/VirtualLife/he/15fps/VirtualLife_UVG-CWI-DQPC_HE_15_0_195_0137.ply,196,196,196,196,0,0
VirtualLife,0138,/gpfs/work3/0/prjs0839/data/UVG_CWI_DQPC/UVG-CWI-DQPC/VirtualLife/cg/15fps/VirtualLife_UVG-CWI-DQPC_CG_15_0_195_0138.ply,/gpfs/work3/0/prjs0839/data/UVG_CWI_DQPC/UVG-CWI-DQPC/VirtualLife/he/15fps/VirtualLife_UVG-CWI-DQPC_HE_15_0_195_0138.ply,196,196,196,196,0,0
VirtualLife,0139,/gpfs/work3/0/prjs0839/data/UVG_CWI_DQPC/UVG-CWI-DQPC/VirtualLife/cg/15fps/VirtualLife_UVG-CWI-DQPC_CG_15_0_195_0139.ply,/gpfs/work3/0/prjs0839/data/UVG_CWI_DQPC/UVG-CWI-DQPC/VirtualLife/he/15fps/VirtualLife_UVG-CWI-DQPC_HE_15_0_195_0139.ply,196,196,196,196,0,0
VirtualLife,0140,/gpfs/work3/0/prjs0839/data/UVG_CWI_DQPC/UVG-CWI-DQPC/VirtualLife/cg/15fps/VirtualLife_UVG-CWI-DQPC_CG_15_0_195_0140.ply,/gpfs/work3/0/prjs0839/data/UVG_CWI_DQPC/UVG-CWI-DQPC/VirtualLife/he/15fps/VirtualLife_UVG-CWI-DQPC_HE_15_0_195_0140.ply,196,196,196,196,0,0
VirtualLife,0141,/gpfs/work3/0/prjs0839/data/UVG_CWI_DQPC/UVG-CWI-DQPC/VirtualLife/cg/15fps/VirtualLife_UVG-CWI-DQPC_CG_15_0_195_0141.ply,/gpfs/work3/0/prjs0839/data/UVG_CWI_DQPC/UVG-CWI-DQPC/VirtualLife/he/15fps/VirtualLife_UVG-CWI-DQPC_HE_15_0_195_0141.ply,196,196,196,196,0,0
VirtualLife,0142,/gpfs/work3/0/prjs0839/data/UVG_CWI_DQPC/UVG-CWI-DQPC/VirtualLife/cg/15fps/VirtualLife_UVG-CWI-DQPC_CG_15_0_195_0142.ply,/gpfs/work3/0/prjs0839/data/UVG_CWI_DQPC/UVG-CWI-DQPC/VirtualLife/he/15fps/VirtualLife_UVG-CWI-DQPC_HE_15_0_195_0142.ply,196,196,196,196,0,0
VirtualLife,0143,/gpfs/work3/0/prjs0839/data/UVG_CWI_DQPC/UVG-CWI-DQPC/VirtualLife/cg/15fps/VirtualLife_UVG-CWI-DQPC_CG_15_0_195_0143.ply,/gpfs/work3/0/prjs0839/data/UVG_CWI_DQPC/UVG-CWI-DQPC/VirtualLife/he/15fps/VirtualLife_UVG-CWI-DQPC_HE_15_0_195_0143.ply,196,196,196,196,0,0
VirtualLife,0144,/gpfs/work3/0/prjs0839/data/UVG_CWI_DQPC/UVG-CWI-DQPC/VirtualLife/cg/15fps/VirtualLife_UVG-CWI-DQPC_CG_15_0_195_0144.ply,/gpfs/work3/0/prjs0839/data/UVG_CWI_DQPC/UVG-CWI-DQPC/VirtualLife/he/15fps/VirtualLife_UVG-CWI-DQPC_HE_15_0_195_0144.ply,196,196,196,196,0,0
VirtualLife,0145,/gpfs/work3/0/prjs0839/data/UVG_CWI_DQPC/UVG-CWI-DQPC/VirtualLife/cg/15fps/VirtualLife_UVG-CWI-DQPC_CG_15_0_195_0145.ply,/gpfs/work3/0/prjs0839/data/UVG_CWI_DQPC/UVG-CWI-DQPC/VirtualLife/he/15fps/VirtualLife_UVG-CWI-DQPC_HE_15_0_195_0145.ply,196,196,196,196,0,0
VirtualLife,0146,/gpfs/work3/0/prjs0839/data/UVG_CWI_DQPC/UVG-CWI-DQPC/VirtualLife/cg/15fps/VirtualLife_UVG-CWI-DQPC_CG_15_0_195_0146.ply,/gpfs/work3/0/prjs0839/data/UVG_CWI_DQPC/UVG-CWI-DQPC/VirtualLife/he/15fps/VirtualLife_UVG-CWI-DQPC_HE_15_0_195_0146.ply,196,196,196,196,0,0
VirtualLife,0147,/gpfs/work3/0/prjs0839/data/UVG_CWI_DQPC/UVG-CWI-DQPC/VirtualLife/cg/15fps/VirtualLife_UVG-CWI-DQPC_CG_15_0_195_0147.ply,/gpfs/work3/0/prjs0839/data/UVG_CWI_DQPC/UVG-CWI-DQPC/VirtualLife/he/15fps/VirtualLife_UVG-CWI-DQPC_HE_15_0_195_0147.ply,196,196,196,196,0,0
VirtualLife,0148,/gpfs/work3/0/prjs0839/data/UVG_CWI_DQPC/UVG-CWI-DQPC/VirtualLife/cg/15fps/VirtualLife_UVG-CWI-DQPC_CG_15_0_195_0148.ply,/gpfs/work3/0/prjs0839/data/UVG_CWI_DQPC/UVG-CWI-DQPC/VirtualLife/he/15fps/VirtualLife_UVG-CWI-DQPC_HE_15_0_195_0148.ply,196,196,196,196,0,0
VirtualLife,0149,/gpfs/work3/0/prjs0839/data/UVG_CWI_DQPC/UVG-CWI-DQPC/VirtualLife/cg/15fps/VirtualLife_UVG-CWI-DQPC_CG_15_0_195_0149.ply,/gpfs/work3/0/prjs0839/data/UVG_CWI_DQPC/UVG-CWI-DQPC/VirtualLife/he/15fps/VirtualLife_UVG-CWI-DQPC_HE_15_0_195_0149.ply,196,196,196,196,0,0
VirtualLife,0150,/gpfs/work3/0/prjs0839/data/UVG_CWI_DQPC/UVG-CWI-DQPC/VirtualLife/cg/15fps/VirtualLife_UVG-CWI-DQPC_CG_15_0_195_0150.ply,/gpfs/work3/0/prjs0839/data/UVG_CWI_DQPC/UVG-CWI-DQPC/VirtualLife/he/15fps/VirtualLife_UVG-CWI-DQPC_HE_15_0_195_0150.ply,196,196,196,196,0,0
VirtualLife,0151,/gpfs/work3/0/prjs0839/data/UVG_CWI_DQPC/UVG-CWI-DQPC/VirtualLife/cg/15fps/VirtualLife_UVG-CWI-DQPC_CG_15_0_195_0151.ply,/gpfs/work3/0/prjs0839/data/UVG_CWI_DQPC/UVG-CWI-DQPC/VirtualLife/he/15fps/VirtualLife_UVG-CWI-DQPC_HE_15_0_195_0151.ply,196,196,196,196,0,0
VirtualLife,0152,/gpfs/work3/0/prjs0839/data/UVG_CWI_DQPC/UVG-CWI-DQPC/VirtualLife/cg/15fps/VirtualLife_UVG-CWI-DQPC_CG_15_0_195_0152.ply,/gpfs/work3/0/prjs0839/data/UVG_CWI_DQPC/UVG-CWI-DQPC/VirtualLife/he/15fps/VirtualLife_UVG-CWI-DQPC_HE_15_0_195_0152.ply,196,196,196,196,0,0
VirtualLife,0153,/gpfs/work3/0/prjs0839/data/UVG_CWI_DQPC/UVG-CWI-DQPC/VirtualLife/cg/15fps/VirtualLife_UVG-CWI-DQPC_CG_15_0_195_0153.ply,/gpfs/work3/0/prjs0839/data/UVG_CWI_DQPC/UVG-CWI-DQPC/VirtualLife/he/15fps/VirtualLife_UVG-CWI-DQPC_HE_15_0_195_0153.ply,196,196,196,196,0,0
VirtualLife,0154,/gpfs/work3/0/prjs0839/data/UVG_CWI_DQPC/UVG-CWI-DQPC/VirtualLife/cg/15fps/VirtualLife_UVG-CWI-DQPC_CG_15_0_195_0154.ply,/gpfs/work3/0/prjs0839/data/UVG_CWI_DQPC/UVG-CWI-DQPC/VirtualLife/he/15fps/VirtualLife_UVG-CWI-DQPC_HE_15_0_195_0154.ply,196,196,196,196,0,0
VirtualLife,0155,/gpfs/work3/0/prjs0839/data/UVG_CWI_DQPC/UVG-CWI-DQPC/VirtualLife/cg/15fps/VirtualLife_UVG-CWI-DQPC_CG_15_0_195_0155.ply,/gpfs/work3/0/prjs0839/data/UVG_CWI_DQPC/UVG-CWI-DQPC/VirtualLife/he/15fps/VirtualLife_UVG-CWI-DQPC_HE_15_0_195_0155.ply,196,196,196,196,0,0
VirtualLife,0156,/gpfs/work3/0/prjs0839/data/UVG_CWI_DQPC/UVG-CWI-DQPC/VirtualLife/cg/15fps/VirtualLife_UVG-CWI-DQPC_CG_15_0_195_0156.ply,/gpfs/work3/0/prjs0839/data/UVG_CWI_DQPC/UVG-CWI-DQPC/VirtualLife/he/15fps/VirtualLife_UVG-CWI-DQPC_HE_15_0_195_0156.ply,196,196,196,196,0,0
VirtualLife,0157,/gpfs/work3/0/prjs0839/data/UVG_CWI_DQPC/UVG-CWI-DQPC/VirtualLife/cg/15fps/VirtualLife_UVG-CWI-DQPC_CG_15_0_195_0157.ply,/gpfs/work3/0/prjs0839/data/UVG_CWI_DQPC/UVG-CWI-DQPC/VirtualLife/he/15fps/VirtualLife_UVG-CWI-DQPC_HE_15_0_195_0157.ply,196,196,196,196,0,0
VirtualLife,0158,/gpfs/work3/0/prjs0839/data/UVG_CWI_DQPC/UVG-CWI-DQPC/VirtualLife/cg/15fps/VirtualLife_UVG-CWI-DQPC_CG_15_0_195_0158.ply,/gpfs/work3/0/prjs0839/data/UVG_CWI_DQPC/UVG-CWI-DQPC/VirtualLife/he/15fps/VirtualLife_UVG-CWI-DQPC_HE_15_0_195_0158.ply,196,196,196,196,0,0
VirtualLife,0159,/gpfs/work3/0/prjs0839/data/UVG_CWI_DQPC/UVG-CWI-DQPC/VirtualLife/cg/15fps/VirtualLife_UVG-CWI-DQPC_CG_15_0_195_0159.ply,/gpfs/work3/0/prjs0839/data/UVG_CWI_DQPC/UVG-CWI-DQPC/VirtualLife/he/15fps/VirtualLife_UVG-CWI-DQPC_HE_15_0_195_0159.ply,196,196,196,196,0,0
VirtualLife,0160,/gpfs/work3/0/prjs0839/data/UVG_CWI_DQPC/UVG-CWI-DQPC/VirtualLife/cg/15fps/VirtualLife_UVG-CWI-DQPC_CG_15_0_195_0160.ply,/gpfs/work3/0/prjs0839/data/UVG_CWI_DQPC/UVG-CWI-DQPC/VirtualLife/he/15fps/VirtualLife_UVG-CWI-DQPC_HE_15_0_195_0160.ply,196,196,196,196,0,0
VirtualLife,0161,/gpfs/work3/0/prjs0839/data/UVG_CWI_DQPC/UVG-CWI-DQPC/VirtualLife/cg/15fps/VirtualLife_UVG-CWI-DQPC_CG_15_0_195_0161.ply,/gpfs/work3/0/prjs0839/data/UVG_CWI_DQPC/UVG-CWI-DQPC/VirtualLife/he/15fps/VirtualLife_UVG-CWI-DQPC_HE_15_0_195_0161.ply,196,196,196,196,0,0
VirtualLife,0162,/gpfs/work3/0/prjs0839/data/UVG_CWI_DQPC/UVG-CWI-DQPC/VirtualLife/cg/15fps/VirtualLife_UVG-CWI-DQPC_CG_15_0_195_0162.ply,/gpfs/work3/0/prjs0839/data/UVG_CWI_DQPC/UVG-CWI-DQPC/VirtualLife/he/15fps/VirtualLife_UVG-CWI-DQPC_HE_15_0_195_0162.ply,196,196,196,196,0,0
VirtualLife,0163,/gpfs/work3/0/prjs0839/data/UVG_CWI_DQPC/UVG-CWI-DQPC/VirtualLife/cg/15fps/VirtualLife_UVG-CWI-DQPC_CG_15_0_195_0163.ply,/gpfs/work3/0/prjs0839/data/UVG_CWI_DQPC/UVG-CWI-DQPC/VirtualLife/he/15fps/VirtualLife_UVG-CWI-DQPC_HE_15_0_195_0163.ply,196,196,196,196,0,0
VirtualLife,0164,/gpfs/work3/0/prjs0839/data/UVG_CWI_DQPC/UVG-CWI-DQPC/VirtualLife/cg/15fps/VirtualLife_UVG-CWI-DQPC_CG_15_0_195_0164.ply,/gpfs/work3/0/prjs0839/data/UVG_CWI_DQPC/UVG-CWI-DQPC/VirtualLife/he/15fps/VirtualLife_UVG-CWI-DQPC_HE_15_0_195_0164.ply,196,196,196,196,0,0
VirtualLife,0165,/gpfs/work3/0/prjs0839/data/UVG_CWI_DQPC/UVG-CWI-DQPC/VirtualLife/cg/15fps/VirtualLife_UVG-CWI-DQPC_CG_15_0_195_0165.ply,/gpfs/work3/0/prjs0839/data/UVG_CWI_DQPC/UVG-CWI-DQPC/VirtualLife/he/15fps/VirtualLife_UVG-CWI-DQPC_HE_15_0_195_0165.ply,196,196,196,196,0,0
VirtualLife,0166,/gpfs/work3/0/prjs0839/data/UVG_CWI_DQPC/UVG-CWI-DQPC/VirtualLife/cg/15fps/VirtualLife_UVG-CWI-DQPC_CG_15_0_195_0166.ply,/gpfs/work3/0/prjs0839/data/UVG_CWI_DQPC/UVG-CWI-DQPC/VirtualLife/he/15fps/VirtualLife_UVG-CWI-DQPC_HE_15_0_195_0166.ply,196,196,196,196,0,0
VirtualLife,0167,/gpfs/work3/0/prjs0839/data/UVG_CWI_DQPC/UVG-CWI-DQPC/VirtualLife/cg/15fps/VirtualLife_UVG-CWI-DQPC_CG_15_0_195_0167.ply,/gpfs/work3/0/prjs0839/data/UVG_CWI_DQPC/UVG-CWI-DQPC/VirtualLife/he/15fps/VirtualLife_UVG-CWI-DQPC_HE_15_0_195_0167.ply,196,196,196,196,0,0
VirtualLife,0168,/gpfs/work3/0/prjs0839/data/UVG_CWI_DQPC/UVG-CWI-DQPC/VirtualLife/cg/15fps/VirtualLife_UVG-CWI-DQPC_CG_15_0_195_0168.ply,/gpfs/work3/0/prjs0839/data/UVG_CWI_DQPC/UVG-CWI-DQPC/VirtualLife/he/15fps/VirtualLife_UVG-CWI-DQPC_HE_15_0_195_0168.ply,196,196,196,196,0,0
VirtualLife,0169,/gpfs/work3/0/prjs0839/data/UVG_CWI_DQPC/UVG-CWI-DQPC/VirtualLife/cg/15fps/VirtualLife_UVG-CWI-DQPC_CG_15_0_195_0169.ply,/gpfs/work3/0/prjs0839/data/UVG_CWI_DQPC/UVG-CWI-DQPC/VirtualLife/he/15fps/VirtualLife_UVG-CWI-DQPC_HE_15_0_195_0169.ply,196,196,196,196,0,0
VirtualLife,0170,/gpfs/work3/0/prjs0839/data/UVG_CWI_DQPC/UVG-CWI-DQPC/VirtualLife/cg/15fps/VirtualLife_UVG-CWI-DQPC_CG_15_0_195_0170.ply,/gpfs/work3/0/prjs0839/data/UVG_CWI_DQPC/UVG-CWI-DQPC/VirtualLife/he/15fps/VirtualLife_UVG-CWI-DQPC_HE_15_0_195_0170.ply,196,196,196,196,0,0
VirtualLife,0171,/gpfs/work3/0/prjs0839/data/UVG_CWI_DQPC/UVG-CWI-DQPC/VirtualLife/cg/15fps/VirtualLife_UVG-CWI-DQPC_CG_15_0_195_0171.ply,/gpfs/work3/0/prjs0839/data/UVG_CWI_DQPC/UVG-CWI-DQPC/VirtualLife/he/15fps/VirtualLife_UVG-CWI-DQPC_HE_15_0_195_0171.ply,196,196,196,196,0,0
VirtualLife,0172,/gpfs/work3/0/prjs0839/data/UVG_CWI_DQPC/UVG-CWI-DQPC/VirtualLife/cg/15fps/VirtualLife_UVG-CWI-DQPC_CG_15_0_195_0172.ply,/gpfs/work3/0/prjs0839/data/UVG_CWI_DQPC/UVG-CWI-DQPC/VirtualLife/he/15fps/VirtualLife_UVG-CWI-DQPC_HE_15_0_195_0172.ply,196,196,196,196,0,0
VirtualLife,0173,/gpfs/work3/0/prjs0839/data/UVG_CWI_DQPC/UVG-CWI-DQPC/VirtualLife/cg/15fps/VirtualLife_UVG-CWI-DQPC_CG_15_0_195_0173.ply,/gpfs/work3/0/prjs0839/data/UVG_CWI_DQPC/UVG-CWI-DQPC/VirtualLife/he/15fps/VirtualLife_UVG-CWI-DQPC_HE_15_0_195_0173.ply,196,196,196,196,0,0
VirtualLife,0174,/gpfs/work3/0/prjs0839/data/UVG_CWI_DQPC/UVG-CWI-DQPC/VirtualLife/cg/15fps/VirtualLife_UVG-CWI-DQPC_CG_15_0_195_0174.ply,/gpfs/work3/0/prjs0839/data/UVG_CWI_DQPC/UVG-CWI-DQPC/VirtualLife/he/15fps/VirtualLife_UVG-CWI-DQPC_HE_15_0_195_0174.ply,196,196,196,196,0,0
VirtualLife,0175,/gpfs/work3/0/prjs0839/data/UVG_CWI_DQPC/UVG-CWI-DQPC/VirtualLife/cg/15fps/VirtualLife_UVG-CWI-DQPC_CG_15_0_195_0175.ply,/gpfs/work3/0/prjs0839/data/UVG_CWI_DQPC/UVG-CWI-DQPC/VirtualLife/he/15fps/VirtualLife_UVG-CWI-DQPC_HE_15_0_195_0175.ply,196,196,196,196,0,0
VirtualLife,0176,/gpfs/work3/0/prjs0839/data/UVG_CWI_DQPC/UVG-CWI-DQPC/VirtualLife/cg/15fps/VirtualLife_UVG-CWI-DQPC_CG_15_0_195_0176.ply,/gpfs/work3/0/prjs0839/data/UVG_CWI_DQPC/UVG-CWI-DQPC/VirtualLife/he/15fps/VirtualLife_UVG-CWI-DQPC_HE_15_0_195_0176.ply,196,196,196,196,0,0
VirtualLife,0177,/gpfs/work3/0/prjs0839/data/UVG_CWI_DQPC/UVG-CWI-DQPC/VirtualLife/cg/15fps/VirtualLife_UVG-CWI-DQPC_CG_15_0_195_0177.ply,/gpfs/work3/0/prjs0839/data/UVG_CWI_DQPC/UVG-CWI-DQPC/VirtualLife/he/15fps/VirtualLife_UVG-CWI-DQPC_HE_15_0_195_0177.ply,196,196,196,196,0,0
VirtualLife,0178,/gpfs/work3/0/prjs0839/data/UVG_CWI_DQPC/UVG-CWI-DQPC/VirtualLife/cg/15fps/VirtualLife_UVG-CWI-DQPC_CG_15_0_195_0178.ply,/gpfs/work3/0/prjs0839/data/UVG_CWI_DQPC/UVG-CWI-DQPC/VirtualLife/he/15fps/VirtualLife_UVG-CWI-DQPC_HE_15_0_195_0178.ply,196,196,196,196,0,0
VirtualLife,0179,/gpfs/work3/0/prjs0839/data/UVG_CWI_DQPC/UVG-CWI-DQPC/VirtualLife/cg/15fps/VirtualLife_UVG-CWI-DQPC_CG_15_0_195_0179.ply,/gpfs/work3/0/prjs0839/data/UVG_CWI_DQPC/UVG-CWI-DQPC/VirtualLife/he/15fps/VirtualLife_UVG-CWI-DQPC_HE_15_0_195_0179.ply,196,196,196,196,0,0
VirtualLife,0180,/gpfs/work3/0/prjs0839/data/UVG_CWI_DQPC/UVG-CWI-DQPC/VirtualLife/cg/15fps/VirtualLife_UVG-CWI-DQPC_CG_15_0_195_0180.ply,/gpfs/work3/0/prjs0839/data/UVG_CWI_DQPC/UVG-CWI-DQPC/VirtualLife/he/15fps/VirtualLife_UVG-CWI-DQPC_HE_15_0_195_0180.ply,196,196,196,196,0,0
VirtualLife,0181,/gpfs/work3/0/prjs0839/data/UVG_CWI_DQPC/UVG-CWI-DQPC/VirtualLife/cg/15fps/VirtualLife_UVG-CWI-DQPC_CG_15_0_195_0181.ply,/gpfs/work3/0/prjs0839/data/UVG_CWI_DQPC/UVG-CWI-DQPC/VirtualLife/he/15fps/VirtualLife_UVG-CWI-DQPC_HE_15_0_195_0181.ply,196,196,196,196,0,0
VirtualLife,0182,/gpfs/work3/0/prjs0839/data/UVG_CWI_DQPC/UVG-CWI-DQPC/VirtualLife/cg/15fps/VirtualLife_UVG-CWI-DQPC_CG_15_0_195_0182.ply,/gpfs/work3/0/prjs0839/data/UVG_CWI_DQPC/UVG-CWI-DQPC/VirtualLife/he/15fps/VirtualLife_UVG-CWI-DQPC_HE_15_0_195_0182.ply,196,196,196,196,0,0
VirtualLife,0183,/gpfs/work3/0/prjs0839/data/UVG_CWI_DQPC/UVG-CWI-DQPC/VirtualLife/cg/15fps/VirtualLife_UVG-CWI-DQPC_CG_15_0_195_0183.ply,/gpfs/work3/0/prjs0839/data/UVG_CWI_DQPC/UVG-CWI-DQPC/VirtualLife/he/15fps/VirtualLife_UVG-CWI-DQPC_HE_15_0_195_0183.ply,196,196,196,196,0,0
VirtualLife,0184,/gpfs/work3/0/prjs0839/data/UVG_CWI_DQPC/UVG-CWI-DQPC/VirtualLife/cg/15fps/VirtualLife_UVG-CWI-DQPC_CG_15_0_195_0184.ply,/gpfs/work3/0/prjs0839/data/UVG_CWI_DQPC/UVG-CWI-DQPC/VirtualLife/he/15fps/VirtualLife_UVG-CWI-DQPC_HE_15_0_195_0184.ply,196,196,196,196,0,0
VirtualLife,0185,/gpfs/work3/0/prjs0839/data/UVG_CWI_DQPC/UVG-CWI-DQPC/VirtualLife/cg/15fps/VirtualLife_UVG-CWI-DQPC_CG_15_0_195_0185.ply,/gpfs/work3/0/prjs0839/data/UVG_CWI_DQPC/UVG-CWI-DQPC/VirtualLife/he/15fps/VirtualLife_UVG-CWI-DQPC_HE_15_0_195_0185.ply,196,196,196,196,0,0
VirtualLife,0186,/gpfs/work3/0/prjs0839/data/UVG_CWI_DQPC/UVG-CWI-DQPC/VirtualLife/cg/15fps/VirtualLife_UVG-CWI-DQPC_CG_15_0_195_0186.ply,/gpfs/work3/0/prjs0839/data/UVG_CWI_DQPC/UVG-CWI-DQPC/VirtualLife/he/15fps/VirtualLife_UVG-CWI-DQPC_HE_15_0_195_0186.ply,196,196,196,196,0,0
VirtualLife,0187,/gpfs/work3/0/prjs0839/data/UVG_CWI_DQPC/UVG-CWI-DQPC/VirtualLife/cg/15fps/VirtualLife_UVG-CWI-DQPC_CG_15_0_195_0187.ply,/gpfs/work3/0/prjs0839/data/UVG_CWI_DQPC/UVG-CWI-DQPC/VirtualLife/he/15fps/VirtualLife_UVG-CWI-DQPC_HE_15_0_195_0187.ply,196,196,196,196,0,0
VirtualLife,0188,/gpfs/work3/0/prjs0839/data/UVG_CWI_DQPC/UVG-CWI-DQPC/VirtualLife/cg/15fps/VirtualLife_UVG-CWI-DQPC_CG_15_0_195_0188.ply,/gpfs/work3/0/prjs0839/data/UVG_CWI_DQPC/UVG-CWI-DQPC/VirtualLife/he/15fps/VirtualLife_UVG-CWI-DQPC_HE_15_0_195_0188.ply,196,196,196,196,0,0
VirtualLife,0189,/gpfs/work3/0/prjs0839/data/UVG_CWI_DQPC/UVG-CWI-DQPC/VirtualLife/cg/15fps/VirtualLife_UVG-CWI-DQPC_CG_15_0_195_0189.ply,/gpfs/work3/0/prjs0839/data/UVG_CWI_DQPC/UVG-CWI-DQPC/VirtualLife/he/15fps/VirtualLife_UVG-CWI-DQPC_HE_15_0_195_0189.ply,196,196,196,196,0,0
VirtualLife,0190,/gpfs/work3/0/prjs0839/data/UVG_CWI_DQPC/UVG-CWI-DQPC/VirtualLife/cg/15fps/VirtualLife_UVG-CWI-DQPC_CG_15_0_195_0190.ply,/gpfs/work3/0/prjs0839/data/UVG_CWI_DQPC/UVG-CWI-DQPC/VirtualLife/he/15fps/VirtualLife_UVG-CWI-DQPC_HE_15_0_195_0190.ply,196,196,196,196,0,0
VirtualLife,0191,/gpfs/work3/0/prjs0839/data/UVG_CWI_DQPC/UVG-CWI-DQPC/VirtualLife/cg/15fps/VirtualLife_UVG-CWI-DQPC_CG_15_0_195_0191.ply,/gpfs/work3/0/prjs0839/data/UVG_CWI_DQPC/UVG-CWI-DQPC/VirtualLife/he/15fps/VirtualLife_UVG-CWI-DQPC_HE_15_0_195_0191.ply,196,196,196,196,0,0
VirtualLife,0192,/gpfs/work3/0/prjs0839/data/UVG_CWI_DQPC/UVG-CWI-DQPC/VirtualLife/cg/15fps/VirtualLife_UVG-CWI-DQPC_CG_15_0_195_0192.ply,/gpfs/work3/0/prjs0839/data/UVG_CWI_DQPC/UVG-CWI-DQPC/VirtualLife/he/15fps/VirtualLife_UVG-CWI-DQPC_HE_15_0_195_0192.ply,196,196,196,196,0,0
VirtualLife,0193,/gpfs/work3/0/prjs0839/data/UVG_CWI_DQPC/UVG-CWI-DQPC/VirtualLife/cg/15fps/VirtualLife_UVG-CWI-DQPC_CG_15_0_195_0193.ply,/gpfs/work3/0/prjs0839/data/UVG_CWI_DQPC/UVG-CWI-DQPC/VirtualLife/he/15fps/VirtualLife_UVG-CWI-DQPC_HE_15_0_195_0193.ply,196,196,196,196,0,0
VirtualLife,0194,/gpfs/work3/0/prjs0839/data/UVG_CWI_DQPC/UVG-CWI-DQPC/VirtualLife/cg/15fps/VirtualLife_UVG-CWI-DQPC_CG_15_0_195_0194.ply,/gpfs/work3/0/prjs0839/data/UVG_CWI_DQPC/UVG-CWI-DQPC/VirtualLife/he/15fps/VirtualLife_UVG-CWI-DQPC_HE_15_0_195_0194.ply,196,196,196,196,0,0
VirtualLife,0195,/gpfs/work3/0/prjs0839/data/UVG_CWI_DQPC/UVG-CWI-DQPC/VirtualLife/cg/15fps/VirtualLife_UVG-CWI-DQPC_CG_15_0_195_0195.ply,/gpfs/work3/0/prjs0839/data/UVG_CWI_DQPC/UVG-CWI-DQPC/VirtualLife/he/15fps/VirtualLife_UVG-CWI-DQPC_HE_15_0_195_0195.ply,196,196,196,196,0,0
